epoch,mse_cm2,mae_cm,rmse_cm,max_abs_error_cm,mape_percent
1.0,1337.2086181640625,32.33671569824219,36.56786346435547,87.15985107421875,69.66826629638672
2.0,300.7450256347656,14.374771118164062,17.34200096130371,56.78870391845703,31.907644271850586
3.0,132.30079650878906,9.557169914245605,11.502208709716797,30.989532470703125,13.616572380065918
4.0,73.1917495727539,6.430541515350342,8.555217742919922,39.790096282958984,9.816228866577148
5.0,84.06739044189453,7.153499603271484,9.168827056884766,37.41844177246094,10.12022876739502
6.0,49.61175537109375,5.381723403930664,7.0435614585876465,38.935523986816406,8.525720596313477
7.0,49.30503463745117,5.220946788787842,7.021754264831543,40.3331184387207,8.392332077026367
8.0,52.106624603271484,5.3022613525390625,7.218492031097412,40.59993362426758,8.346821784973145
9.0,41.41385269165039,4.66179084777832,6.435359477996826,40.28122329711914,7.857706546783447
10.0,48.0281867980957,5.162271976470947,6.930237293243408,41.0582160949707,8.254823684692383
11.0,42.31691360473633,4.62440824508667,6.505145072937012,41.84245300292969,8.406118392944336
12.0,57.389892578125,5.729262828826904,7.575611591339111,39.961612701416016,8.495610237121582
13.0,34.351505279541016,4.056693077087402,5.861015796661377,40.11695861816406,7.283769607543945
14.0,47.631195068359375,5.162350177764893,6.901535511016846,40.036624908447266,7.968883991241455
15.0,36.78863525390625,4.344296932220459,6.06536340713501,40.06494903564453,7.223907947540283
16.0,36.7032585144043,4.281118392944336,6.058321475982666,40.32441329956055,7.1143693923950195
17.0,33.31479263305664,3.886397123336792,5.771896839141846,39.2638053894043,6.788819313049316
18.0,70.11288452148438,6.853055953979492,8.373343467712402,37.93342971801758,9.22236442565918
19.0,32.267879486083984,3.9982662200927734,5.680482387542725,39.21506118774414,6.978943347930908
20.0,44.23426818847656,4.704672336578369,6.650884628295898,38.94260025024414,7.048706531524658
21.0,37.44070816040039,4.117063045501709,6.1188812255859375,40.37619400024414,6.588730335235596
22.0,28.37467384338379,3.591181755065918,5.326788425445557,38.9249267578125,6.357222080230713
23.0,35.9711799621582,4.508347034454346,5.997597694396973,37.21004104614258,7.674140453338623
24.0,28.50957679748535,3.451990842819214,5.339436054229736,40.04380416870117,6.009596824645996
25.0,30.37734031677246,3.896219491958618,5.511564254760742,38.44401168823242,6.797518730163574
26.0,28.223709106445312,3.53584885597229,5.312599182128906,39.38202667236328,6.2298197746276855
27.0,31.33689308166504,3.749267578125,5.597936630249023,40.309505462646484,6.148874759674072
28.0,26.86329460144043,3.396245002746582,5.182981014251709,40.332176208496094,5.836416244506836
29.0,38.10577392578125,4.169029235839844,6.172987461090088,41.64401626586914,6.2869110107421875
30.0,56.844696044921875,5.271275043487549,7.539542198181152,40.8800048828125,7.166083812713623
31.0,29.912765502929688,3.521127700805664,5.469256401062012,40.981163024902344,5.702099323272705
32.0,50.92757034301758,4.933737277984619,7.136355400085449,39.215335845947266,6.804582595825195
33.0,34.656517028808594,3.9377193450927734,5.886978626251221,39.00663757324219,6.110108852386475
34.0,29.952951431274414,3.475635528564453,5.472929000854492,40.736053466796875,5.731712341308594
35.0,34.27481460571289,3.8267593383789062,5.8544697761535645,41.48426818847656,6.814175128936768
36.0,25.571441650390625,3.2142019271850586,5.056821346282959,39.707183837890625,5.2569475173950195
37.0,31.57916259765625,3.8219597339630127,5.619534015655518,39.831878662109375,5.698828220367432
38.0,32.76078414916992,3.8057162761688232,5.723703861236572,40.81954574584961,6.743946552276611
39.0,28.026586532592773,3.3358592987060547,5.2940144538879395,40.33266067504883,4.93124532699585
40.0,35.69454574584961,4.066458702087402,5.974491119384766,38.186832427978516,5.712200164794922
41.0,24.599472045898438,2.9495162963867188,4.959785461425781,40.9586181640625,4.906081199645996
42.0,36.1160888671875,3.8865807056427,6.009666442871094,40.027809143066406,5.199039459228516
43.0,24.669015884399414,3.2534360885620117,4.966791152954102,38.43281936645508,5.049544811248779
44.0,28.5762882232666,3.5113303661346436,5.34567928314209,38.474151611328125,5.121665954589844
45.0,29.20598602294922,3.369072675704956,5.404256343841553,40.82060623168945,5.169554233551025
46.0,68.1913070678711,6.4920477867126465,8.257802963256836,36.36498260498047,7.668031215667725
47.0,31.270456314086914,3.75661563873291,5.591999530792236,39.059078216552734,5.346719741821289
48.0,32.81402587890625,3.836670160293579,5.728353023529053,40.3090705871582,5.1501970291137695
49.0,26.345972061157227,3.1693522930145264,5.1328325271606445,40.0762825012207,4.817032814025879
50.0,30.932899475097656,3.7161521911621094,5.561735153198242,37.97810363769531,5.050973415374756
51.0,25.96498680114746,3.385587692260742,5.095584869384766,38.12226104736328,4.937875270843506
52.0,25.899518966674805,3.1830856800079346,5.0891571044921875,39.83435821533203,5.07854700088501
53.0,22.3210391998291,2.8497610092163086,4.724514484405518,38.82438659667969,4.525485515594482
54.0,29.176137924194336,3.665060043334961,5.401494026184082,38.663055419921875,4.847421169281006
55.0,26.419815063476562,3.557356595993042,5.140020847320557,37.32577896118164,5.077982425689697
56.0,27.395187377929688,3.4821407794952393,5.234041213989258,38.54059982299805,4.807568550109863
57.0,23.899126052856445,3.1377336978912354,4.888673305511475,37.970909118652344,4.436514377593994
58.0,26.285316467285156,3.202765703201294,5.126920700073242,38.78047180175781,4.235952854156494
59.0,25.255775451660156,3.1725940704345703,5.025512218475342,38.02007293701172,4.814623832702637
60.0,30.015165328979492,3.9243946075439453,5.478609561920166,36.37698745727539,8.426020622253418
61.0,24.9666805267334,3.2882659435272217,4.99666690826416,36.748878479003906,4.878390789031982
62.0,22.609113693237305,2.885599136352539,4.754904270172119,38.74253463745117,4.124579429626465
63.0,27.317171096801758,3.2053568363189697,5.226583003997803,39.1174430847168,4.333522796630859
64.0,27.362503051757812,3.230579137802124,5.230917930603027,39.050045013427734,4.513567924499512
65.0,56.9466438293457,5.933717250823975,7.546299934387207,36.11465835571289,7.941802501678467
66.0,29.935874938964844,3.7633635997772217,5.471368789672852,36.47196960449219,5.977955341339111
67.0,34.4227409362793,3.855539083480835,5.867089748382568,39.422733306884766,6.310550212860107
68.0,23.826662063598633,2.938154935836792,4.881256103515625,39.33060836791992,4.46031379699707
69.0,24.89026641845703,3.109724760055542,4.989014625549316,37.886112213134766,4.167513370513916
70.0,25.141233444213867,3.1154725551605225,5.014103412628174,37.47119903564453,4.236307144165039
71.0,22.998580932617188,3.0004749298095703,4.79568338394165,37.58802795410156,4.07744836807251
72.0,26.928682327270508,3.133784532546997,5.1892852783203125,38.66229248046875,4.68855619430542
73.0,26.799041748046875,3.430518388748169,5.176779270172119,38.64604568481445,4.513250827789307
74.0,24.916229248046875,3.1105949878692627,4.9916157722473145,37.81007766723633,4.0478196144104
75.0,28.8460636138916,3.3716084957122803,5.370852947235107,39.162025451660156,4.779825687408447
76.0,24.900854110717773,3.112823486328125,4.990075588226318,38.499786376953125,4.56682014465332
77.0,23.044944763183594,2.8603954315185547,4.800515174865723,37.58356857299805,4.058026313781738
78.0,33.76753234863281,4.022597312927246,5.810983657836914,35.34984588623047,5.138678550720215
79.0,24.398408889770508,2.9893951416015625,4.939474582672119,39.27272415161133,5.421738624572754
80.0,25.99847412109375,3.438833475112915,5.098869800567627,37.18986511230469,5.280349254608154
81.0,22.302696228027344,2.8128936290740967,4.722573280334473,38.13201141357422,3.9241130352020264
82.0,23.762365341186523,3.1540634632110596,4.8746657371521,36.50298309326172,4.877899169921875
83.0,24.758161544799805,3.2859890460968018,4.975757598876953,36.98505401611328,4.815098762512207
84.0,26.07233238220215,3.7020022869110107,5.106107234954834,35.90011215209961,5.954403877258301
85.0,24.69754981994629,3.3399274349212646,4.969663143157959,37.13499069213867,4.8277716636657715
86.0,21.17963409423828,2.805591583251953,4.602133750915527,36.856239318847656,3.864729881286621
87.0,27.727346420288086,3.2496986389160156,5.265676021575928,38.35133361816406,4.346827983856201
88.0,28.363990783691406,3.344784736633301,5.3257856369018555,36.779319763183594,4.193154335021973
89.0,21.5870418548584,2.8648014068603516,4.646185874938965,37.29084014892578,4.336172580718994
90.0,25.991819381713867,3.4756386280059814,5.098217487335205,35.10436248779297,4.649286270141602
91.0,22.633169174194336,3.0814990997314453,4.75743293762207,36.068214416503906,4.17522668838501
92.0,21.808258056640625,2.9714152812957764,4.669931411743164,36.066680908203125,4.089707374572754
93.0,23.818464279174805,3.0728461742401123,4.880416393280029,36.54620361328125,3.966653823852539
94.0,22.106908798217773,3.048114061355591,4.701798439025879,35.658668518066406,4.310598850250244
95.0,25.46958351135254,3.3289692401885986,5.0467400550842285,36.21308517456055,4.292928218841553
96.0,21.666366577148438,2.950117826461792,4.654714584350586,35.89639663696289,4.1194047927856445
97.0,23.892545700073242,2.9604384899139404,4.888000011444092,37.532249450683594,3.769892454147339
98.0,28.43891143798828,3.720255136489868,5.332814693450928,35.355979919433594,5.414372444152832
99.0,21.982439041137695,2.754002332687378,4.688543319702148,36.95475769042969,3.620798110961914
100.0,27.210851669311523,3.2919929027557373,5.216402053833008,35.832603454589844,4.483185768127441
101.0,25.770225524902344,3.179701566696167,5.0764384269714355,37.49391174316406,3.907705545425415
102.0,28.62327003479004,3.8825442790985107,5.350071907043457,35.72770690917969,5.096863746643066
103.0,28.18316650390625,3.3728139400482178,5.30878210067749,37.07114028930664,4.101572036743164
104.0,25.38776969909668,3.0885918140411377,5.038627624511719,35.39000701904297,4.358816146850586
105.0,23.36211395263672,3.046820640563965,4.833436965942383,36.36758041381836,4.6584601402282715
106.0,35.48830795288086,4.1393938064575195,5.9572062492370605,36.653648376464844,4.703652858734131
107.0,31.37617301940918,3.6076221466064453,5.601443767547607,36.74800109863281,4.447287559509277
108.0,20.83565902709961,2.905183792114258,4.564609527587891,36.12083053588867,4.5948004722595215
109.0,32.405941009521484,4.117636203765869,5.69262170791626,34.36534881591797,7.739617824554443
110.0,32.66920471191406,4.0775532722473145,5.7156982421875,35.695556640625,5.811920642852783
111.0,24.183195114135742,3.022446870803833,4.9176411628723145,38.08500289916992,3.741307258605957
112.0,26.087987899780273,3.364436388015747,5.107640266418457,37.32758712768555,4.522276878356934
113.0,24.50999641418457,3.1074349880218506,4.950757026672363,35.79663848876953,3.9716053009033203
114.0,24.1351318359375,2.9993937015533447,4.912752151489258,36.20028305053711,3.9310734272003174
115.0,37.92382049560547,4.502016067504883,6.158231735229492,39.129390716552734,8.278695106506348
116.0,32.787353515625,4.085628032684326,5.726024150848389,35.08391571044922,5.342431545257568
117.0,23.214426040649414,3.4460337162017822,4.8181352615356445,33.735252380371094,5.958247184753418
118.0,22.10597801208496,2.9131393432617188,4.701699256896973,36.25395584106445,4.458455562591553
119.0,22.122657775878906,3.0001163482666016,4.703473091125488,35.976444244384766,4.878725528717041
120.0,20.060720443725586,2.6490418910980225,4.478919506072998,36.75067901611328,3.570847272872925
121.0,32.51200866699219,3.7904069423675537,5.701930046081543,37.60255432128906,5.244783878326416
122.0,25.842763900756836,3.336003541946411,5.083577632904053,36.151397705078125,4.345895290374756
123.0,19.83548927307129,2.7718727588653564,4.453705310821533,35.045562744140625,4.130819797515869
124.0,21.94307518005371,3.2132604122161865,4.6843438148498535,35.30646514892578,5.0476861000061035
125.0,24.748811721801758,3.1505820751190186,4.974817752838135,36.34461212158203,4.389149188995361
126.0,20.314767837524414,2.6603634357452393,4.507190704345703,36.950355529785156,3.6942079067230225
127.0,26.63372230529785,3.5367355346679688,5.160787105560303,35.194427490234375,4.52127742767334
128.0,25.592451095581055,3.1625452041625977,5.058897972106934,37.18526077270508,4.565483093261719
129.0,25.163171768188477,2.997858762741089,5.016290664672852,35.38768768310547,3.794588088989258
130.0,21.71288299560547,3.056216239929199,4.659708499908447,35.063987731933594,5.5215301513671875
131.0,21.20710563659668,2.799943208694458,4.605117321014404,36.4533805847168,4.359863758087158
132.0,52.82036209106445,5.598300457000732,7.267761707305908,38.547935485839844,9.911819458007812
133.0,22.30291175842285,2.929845094680786,4.722595691680908,36.498191833496094,3.860748291015625
134.0,23.5424747467041,3.1550140380859375,4.8520588874816895,34.41864776611328,4.487927436828613
135.0,34.33993911743164,4.676998615264893,5.8600287437438965,34.209075927734375,6.851938247680664
136.0,23.909086227416992,3.1442201137542725,4.8896918296813965,36.66419982910156,5.485201358795166
137.0,23.696504592895508,3.210704803466797,4.867905616760254,35.16870880126953,4.388243198394775
138.0,56.25307083129883,5.879177570343018,7.500204563140869,40.444129943847656,10.195025444030762
139.0,30.001829147338867,4.032285690307617,5.477392673492432,34.782470703125,6.008596420288086
140.0,32.22028732299805,4.527699947357178,5.676291465759277,33.93036651611328,6.527150630950928
141.0,46.488372802734375,5.044582843780518,6.818238258361816,38.72311782836914,7.55246114730835
142.0,37.46665573120117,4.511590003967285,6.121001243591309,32.96852111816406,6.235054016113281
143.0,25.396509170532227,3.271527051925659,5.03949499130249,35.524749755859375,4.241317272186279
144.0,20.3719425201416,2.770134687423706,4.513528823852539,35.33788299560547,3.8774025440216064
145.0,20.404741287231445,2.72253680229187,4.517160892486572,36.35505676269531,3.626437187194824
146.0,19.104585647583008,2.5182220935821533,4.370879173278809,36.48573303222656,3.6544387340545654
147.0,28.130762100219727,3.5800626277923584,5.303843975067139,34.37397766113281,4.605744361877441
148.0,21.3360538482666,3.1246612071990967,4.619096755981445,34.36060333251953,5.686799049377441
149.0,22.4927921295166,2.858863592147827,4.742656707763672,36.497642517089844,4.609288215637207
150.0,23.685745239257812,3.0879733562469482,4.866800308227539,35.45586395263672,3.9353177547454834
151.0,19.989112854003906,2.7409827709198,4.470918655395508,35.612937927246094,3.7919301986694336
152.0,19.588285446166992,2.726067304611206,4.425865650177002,35.693153381347656,3.8056418895721436
153.0,26.79329490661621,3.7613260746002197,5.176224231719971,34.47075653076172,5.196320056915283
154.0,25.195459365844727,3.1767826080322266,5.019507884979248,36.92033386230469,5.708131313323975
155.0,27.281082153320312,3.2210562229156494,5.223129749298096,35.72321319580078,4.130469799041748
156.0,25.93446922302246,3.1702239513397217,5.092589855194092,36.48067855834961,3.8690102100372314
157.0,30.55187225341797,3.8186357021331787,5.527374744415283,37.153385162353516,7.243602752685547
158.0,22.740060806274414,2.947312116622925,4.768653869628906,36.19805908203125,4.097622871398926
159.0,20.332794189453125,2.7773520946502686,4.509190082550049,35.60071563720703,3.7984256744384766
160.0,19.91450309753418,2.8300349712371826,4.46256685256958,34.86817169189453,4.535830974578857
161.0,22.305418014526367,2.9261066913604736,4.722861289978027,37.669349670410156,4.567468643188477
162.0,19.439455032348633,2.6612255573272705,4.409019947052002,35.38269805908203,3.6252553462982178
163.0,24.4567928314209,3.4550716876983643,4.945381164550781,34.744911193847656,5.206358432769775
164.0,22.663454055786133,3.359576463699341,4.76061487197876,34.02459716796875,5.1076579093933105
165.0,23.464879989624023,2.947930097579956,4.844056129455566,36.0080680847168,3.809560775756836
166.0,24.54361915588379,3.374056577682495,4.954151630401611,34.58898162841797,4.343770503997803
167.0,19.43450927734375,2.6508331298828125,4.408458709716797,35.10144805908203,3.571861982345581
168.0,23.194442749023438,2.96444034576416,4.816061019897461,36.739402770996094,5.144268035888672
169.0,18.761558532714844,2.487602472305298,4.331461429595947,36.147605895996094,3.521918535232544
170.0,19.592241287231445,2.888284921646118,4.426312446594238,34.50025177001953,4.3645243644714355
171.0,18.64728355407715,2.489574670791626,4.3182501792907715,35.9241943359375,3.5186986923217773
172.0,22.256881713867188,3.3144009113311768,4.717720031738281,34.244834899902344,5.610101222991943
173.0,23.638906478881836,3.3224947452545166,4.861985683441162,34.758819580078125,4.369915962219238
174.0,22.642484664916992,3.400724411010742,4.758411884307861,34.697776794433594,6.633230209350586
175.0,21.425613403320312,2.8691835403442383,4.628780841827393,34.70597839355469,4.239109039306641
176.0,20.9893856048584,2.8778018951416016,4.581417560577393,36.44851303100586,3.9902920722961426
177.0,22.794212341308594,3.2162551879882812,4.774328231811523,34.191871643066406,4.26530122756958
178.0,24.800323486328125,3.4299709796905518,4.979992389678955,34.670135498046875,5.704721450805664
179.0,24.43706703186035,3.224893808364868,4.943386077880859,36.234779357910156,5.342756748199463
180.0,24.31610870361328,3.3206253051757812,4.931136608123779,36.04606246948242,4.5040411949157715
181.0,21.482507705688477,3.0368010997772217,4.634922504425049,34.48473358154297,4.07133674621582
182.0,19.758787155151367,2.510655403137207,4.445085525512695,36.22004318237305,3.328920602798462
183.0,19.504838943481445,2.616719961166382,4.416428089141846,35.01807403564453,3.758089542388916
184.0,20.326051712036133,3.024134397506714,4.508442401885986,35.13585662841797,5.099644660949707
185.0,23.210153579711914,3.0782954692840576,4.817691802978516,37.67037582397461,5.214400768280029
186.0,27.29774284362793,3.3856265544891357,5.224724292755127,35.669532775878906,4.656251907348633
187.0,19.845373153686523,2.6742846965789795,4.454814434051514,35.82282257080078,4.569972515106201
188.0,29.777517318725586,3.4133589267730713,5.456878185272217,37.1179084777832,3.9610414505004883
189.0,29.810897827148438,3.4509437084198,5.459935665130615,34.99170684814453,5.1684184074401855
190.0,29.98102378845215,3.462961435317993,5.47549295425415,36.69072341918945,5.0304412841796875
191.0,23.91895866394043,3.1685874462127686,4.8907012939453125,35.23436737060547,4.299309730529785
192.0,23.43263053894043,3.043539047241211,4.840726375579834,37.043052673339844,3.9601783752441406
193.0,23.159128189086914,3.2765820026397705,4.8123931884765625,34.803253173828125,4.324185371398926
194.0,19.28892707824707,2.605576276779175,4.391916275024414,36.207305908203125,3.4643445014953613
195.0,22.697294235229492,3.0070972442626953,4.764167785644531,34.032188415527344,3.980055809020996
196.0,22.50965118408203,2.87726092338562,4.744433879852295,35.30830383300781,3.688789129257202
197.0,22.03977394104004,2.8977110385894775,4.6946539878845215,36.248260498046875,4.415987491607666
198.0,18.376070022583008,2.511570692062378,4.286731719970703,35.097572326660156,3.418234348297119
199.0,27.412086486816406,3.573781967163086,5.235655307769775,35.14263916015625,4.6620001792907715
200.0,22.541967391967773,3.3399085998535156,4.747838020324707,33.922462463378906,5.896542072296143
201.0,21.034944534301758,2.7671778202056885,4.586386680603027,36.94694519042969,5.033256530761719
202.0,26.424795150756836,3.3156967163085938,5.140505313873291,37.02971649169922,6.458881378173828
203.0,25.927932739257812,3.56023907661438,5.09194803237915,34.627235412597656,4.719869613647461
204.0,22.549291610717773,3.163017988204956,4.74860954284668,34.53437042236328,4.888752460479736
205.0,19.75103187561035,2.712137460708618,4.444213390350342,36.03925323486328,4.257287502288818
206.0,24.102758407592773,3.1190710067749023,4.909456253051758,34.67866516113281,3.901580333709717
207.0,25.207345962524414,3.543376922607422,5.020691871643066,34.98065185546875,5.315536022186279
208.0,21.17620086669922,2.7815723419189453,4.6017608642578125,37.321128845214844,4.183281421661377
209.0,20.864791870117188,2.896244764328003,4.5677995681762695,34.55133056640625,3.934049129486084
210.0,19.917816162109375,2.6511991024017334,4.462937831878662,34.85191345214844,3.5079424381256104
211.0,18.86513900756836,2.4524190425872803,4.343401908874512,35.31806182861328,3.2668519020080566
212.0,19.48323631286621,2.564772605895996,4.413981914520264,36.572933197021484,3.8471851348876953
213.0,22.324792861938477,3.026677370071411,4.724912166595459,34.86256408691406,4.191755294799805
214.0,22.915742874145508,3.0168075561523438,4.787039279937744,34.007301330566406,3.936621904373169
215.0,26.618989944458008,3.530527114868164,5.159359455108643,36.48835754394531,6.678880214691162
216.0,21.212209701538086,2.7609012126922607,4.605671405792236,36.91530227661133,3.784355640411377
217.0,24.576475143432617,2.972259521484375,4.9574666023254395,35.70592498779297,3.8600504398345947
218.0,26.070505142211914,3.7386128902435303,5.105928421020508,33.8004150390625,6.630518436431885
219.0,20.499189376831055,2.7565042972564697,4.5276031494140625,34.695457458496094,3.7741928100585938
220.0,20.032638549804688,2.6620163917541504,4.475783348083496,36.557926177978516,4.56736946105957
221.0,26.35084342956543,3.370236396789551,5.133307456970215,35.50684356689453,4.99303674697876
222.0,19.880836486816406,2.9026098251342773,4.4587931632995605,33.997962951660156,4.179816246032715
223.0,21.598352432250977,2.919265031814575,4.647402763366699,34.873023986816406,4.6635966300964355
224.0,57.57975769042969,5.5226731300354,7.588132858276367,33.178245544433594,6.037869453430176
225.0,23.90462303161621,2.9325010776519775,4.889235496520996,36.450340270996094,3.6924619674682617
226.0,25.203033447265625,3.729433059692383,5.020262241363525,33.51936340332031,6.734708786010742
227.0,28.15460968017578,3.7328288555145264,5.306091785430908,34.702430725097656,4.875063419342041
228.0,25.473709106445312,3.1937856674194336,5.047148704528809,36.067386627197266,4.106443881988525
229.0,19.270553588867188,2.6997499465942383,4.389823913574219,34.974769592285156,3.5537164211273193
230.0,21.17561149597168,3.052647590637207,4.601696491241455,35.352088928222656,4.767720699310303
231.0,41.43841552734375,4.613073825836182,6.437267780303955,33.761199951171875,5.994288444519043
232.0,24.556045532226562,3.238774299621582,4.9554057121276855,35.34687042236328,6.353265762329102
233.0,25.865814208984375,3.7345447540283203,5.08584451675415,33.09263610839844,5.700271129608154
234.0,24.420717239379883,3.339543104171753,4.941732406616211,34.84075164794922,4.05600118637085
235.0,31.468521118164062,4.112616062164307,5.609681129455566,32.87694549560547,4.986414432525635
236.0,20.447912216186523,2.8443024158477783,4.521936893463135,35.8422966003418,3.7299275398254395
237.0,20.4254093170166,2.709584951400757,4.5194478034973145,35.62312316894531,4.100849628448486
238.0,22.594388961791992,2.979659080505371,4.753355503082275,36.09504699707031,5.035477638244629
239.0,20.55304718017578,2.890090227127075,4.5335469245910645,34.724449157714844,4.347922325134277
240.0,21.148178100585938,2.982896566390991,4.598714828491211,35.154502868652344,4.547974109649658
241.0,20.386985778808594,2.725517988204956,4.515194892883301,35.403953552246094,4.093867301940918
242.0,26.831893920898438,3.509197950363159,5.179951190948486,35.19993591308594,5.839976787567139
243.0,28.26637840270996,4.124914646148682,5.31661319732666,31.59117889404297,7.3473310470581055
244.0,21.04558563232422,2.8610446453094482,4.5875468254089355,36.14918899536133,4.682587623596191
245.0,33.6579704284668,3.820551633834839,5.801548957824707,34.664146423339844,4.254575252532959
246.0,32.73762130737305,4.022294998168945,5.721680164337158,33.28276062011719,5.942909240722656
247.0,22.10272216796875,3.3991620540618896,4.701353073120117,34.134552001953125,5.674180507659912
248.0,19.205446243286133,2.786639928817749,4.382401943206787,34.159027099609375,3.8109734058380127
249.0,26.42816734313965,3.341824531555176,5.140833377838135,34.56928253173828,4.39668607711792
250.0,25.318578720092773,3.3457908630371094,5.03175687789917,37.64641189575195,6.164813041687012
251.0,21.744401931762695,2.8852317333221436,4.663089275360107,35.786766052246094,3.6517088413238525
252.0,19.06797981262207,2.5704784393310547,4.366689682006836,35.828067779541016,4.224573135375977
253.0,21.86181640625,2.7846248149871826,4.675662040710449,36.71528244018555,3.5866613388061523
254.0,22.924392700195312,2.9763786792755127,4.787942409515381,36.37773132324219,4.951428413391113
255.0,25.625694274902344,3.6795170307159424,5.062182903289795,35.36297607421875,5.985306739807129
256.0,18.599153518676758,2.543081521987915,4.312673568725586,35.47594451904297,3.5353527069091797
257.0,30.998626708984375,3.5684444904327393,5.567641258239746,36.622596740722656,4.5006794929504395
258.0,20.68485450744629,2.889822006225586,4.548060417175293,35.94605255126953,4.443904876708984
259.0,35.48880386352539,4.156755447387695,5.957248210906982,34.480003356933594,5.3717451095581055
260.0,26.135278701782227,3.7210779190063477,5.11226749420166,34.57208251953125,6.0668721199035645
261.0,24.365163803100586,2.986527681350708,4.936108112335205,36.57078170776367,3.5156917572021484
262.0,26.295074462890625,3.2638065814971924,5.127872467041016,35.25482177734375,4.22575569152832
263.0,20.01605224609375,2.728123426437378,4.473930358886719,34.72801971435547,3.823930501937866
264.0,25.01824951171875,3.5573482513427734,5.001824855804443,34.231101989746094,4.785137176513672
265.0,19.109233856201172,2.757281541824341,4.371410846710205,34.03031921386719,3.8763833045959473
266.0,22.97492790222168,2.987236738204956,4.793216705322266,35.012001037597656,4.107216835021973
267.0,21.438692092895508,2.906036376953125,4.630193710327148,34.31739044189453,3.844675064086914
268.0,19.359664916992188,2.7557754516601562,4.399961948394775,33.79515838623047,3.796760082244873
269.0,28.594627380371094,4.138218402862549,5.3473944664001465,33.64728546142578,7.510275363922119
270.0,19.051912307739258,2.63036847114563,4.36484956741333,35.059852600097656,3.889150857925415
271.0,19.139799118041992,2.845722198486328,4.374905586242676,35.019798278808594,4.566102981567383
272.0,18.593076705932617,2.532785177230835,4.311968803405762,34.867164611816406,3.513984441757202
273.0,20.39474868774414,2.7970027923583984,4.516054630279541,34.995460510253906,3.823376417160034
274.0,20.38030433654785,2.9459726810455322,4.5144548416137695,34.71935272216797,4.039407730102539
275.0,20.02404022216797,2.654736280441284,4.474822998046875,35.9870491027832,4.262587547302246
276.0,21.562082290649414,2.8723909854888916,4.64349889755249,36.644569396972656,4.757709503173828
277.0,22.017850875854492,2.919874906539917,4.692318439483643,35.68750762939453,3.800549268722534
278.0,23.90733528137207,3.178847074508667,4.88951301574707,35.321815490722656,4.957876205444336
279.0,24.369140625,3.239588975906372,4.936511039733887,36.61947250366211,4.912479400634766
280.0,18.028093338012695,2.489900588989258,4.245950222015381,35.040489196777344,3.48972487449646
281.0,20.797767639160156,2.707860231399536,4.5604567527771,35.40589141845703,3.3829126358032227
282.0,21.413955688476562,3.0126187801361084,4.627521514892578,34.738731384277344,3.9370999336242676
283.0,21.858915328979492,2.9367873668670654,4.675352096557617,35.84824752807617,3.7363674640655518
284.0,23.54073143005371,3.214684247970581,4.851879119873047,35.443084716796875,4.8035407066345215
285.0,21.959577560424805,2.851179361343384,4.686104774475098,36.417686462402344,3.7869346141815186
286.0,21.860544204711914,2.972196340560913,4.675526142120361,35.18665313720703,3.8887548446655273
287.0,24.884313583374023,3.6260807514190674,4.988418102264404,34.14007568359375,5.064352035522461
288.0,22.790687561035156,3.0087385177612305,4.773959159851074,36.544925689697266,3.6483983993530273
289.0,25.6627254486084,3.3575124740600586,5.0658392906188965,36.20548629760742,5.027988433837891
290.0,18.984697341918945,2.666691541671753,4.357143402099609,34.955833435058594,3.6701395511627197
291.0,31.722597122192383,3.930128812789917,5.63228178024292,33.319679260253906,4.839193344116211
292.0,21.844926834106445,2.813082695007324,4.673855781555176,34.78125762939453,3.56253981590271
293.0,20.16805076599121,2.66579270362854,4.490885257720947,34.73169708251953,3.4267940521240234
294.0,24.779747009277344,3.3284616470336914,4.977925777435303,34.55394744873047,4.7383198738098145
295.0,25.223474502563477,3.7711899280548096,5.0222978591918945,32.73217010498047,6.19173526763916
296.0,18.710437774658203,2.635627508163452,4.32555627822876,34.174659729003906,3.506998300552368
297.0,23.658071517944336,3.3235394954681396,4.863956451416016,33.018653869628906,4.331875801086426
298.0,19.920202255249023,2.677462339401245,4.463205337524414,34.45452117919922,3.5927350521087646
299.0,26.969179153442383,3.298971176147461,5.193185806274414,35.782127380371094,4.898752212524414
300.0,20.313207626342773,2.8924808502197266,4.507017612457275,34.02458190917969,3.9761390686035156
301.0,21.10521125793457,2.897193193435669,4.594040870666504,33.56138610839844,4.371194839477539
302.0,22.243066787719727,3.1324539184570312,4.7162556648254395,35.068946838378906,5.148764133453369
303.0,20.855504989624023,2.99617600440979,4.5667829513549805,33.82677459716797,4.583632946014404
304.0,27.905593872070312,3.854673147201538,5.282574653625488,32.75194549560547,5.103403568267822
305.0,20.24207878112793,3.0866711139678955,4.499119758605957,33.56830596923828,4.932592391967773
306.0,17.511789321899414,2.375864267349243,4.184709072113037,35.08502960205078,3.3556480407714844
307.0,21.461477279663086,2.882643938064575,4.63265323638916,36.40910339355469,4.778205394744873
308.0,19.375978469848633,2.720222234725952,4.401815414428711,34.58898162841797,3.640104055404663
309.0,21.415193557739258,3.004617691040039,4.627655506134033,35.50446319580078,5.135671615600586
310.0,38.3748664855957,5.263400077819824,6.194745063781738,31.292137145996094,11.338985443115234
311.0,22.9633731842041,2.9728362560272217,4.792011260986328,35.82384490966797,4.383370876312256
312.0,20.137266159057617,2.76953125,4.487456321716309,35.075782775878906,3.670668125152588
313.0,17.792678833007812,2.407512664794922,4.218136787414551,34.543357849121094,3.220348358154297
314.0,19.337907791137695,2.812716245651245,4.397488594055176,35.173667907714844,4.465987205505371
315.0,23.972917556762695,3.2891571521759033,4.896214485168457,34.93402099609375,4.54194974899292
316.0,22.150197982788086,3.170119524002075,4.706399917602539,33.671730041503906,4.662907123565674
317.0,18.71170997619629,2.5204386711120605,4.3257036209106445,35.0855712890625,3.442004680633545
318.0,22.49688720703125,2.960062026977539,4.743088245391846,33.87787628173828,3.8203234672546387
319.0,25.086807250976562,3.655949831008911,5.008673191070557,33.19701385498047,5.0649309158325195
320.0,19.71146011352539,2.660583257675171,4.439758777618408,34.23594665527344,3.6898720264434814
321.0,19.259048461914062,2.5830137729644775,4.388513088226318,34.37195587158203,3.315112352371216
322.0,18.99272346496582,2.607651948928833,4.3580641746521,35.375831604003906,4.313602924346924
323.0,23.18514060974121,3.57759165763855,4.815094947814941,32.84650421142578,7.039988040924072
324.0,31.295236587524414,3.93444561958313,5.59421443939209,35.46784210205078,6.0303568840026855
325.0,42.36750411987305,4.475142478942871,6.509032726287842,34.741981506347656,5.637489318847656
326.0,30.2228946685791,3.7321176528930664,5.497535228729248,36.68639373779297,5.2921462059021
327.0,19.525224685668945,2.8882808685302734,4.418735504150391,33.834449768066406,4.176728248596191
328.0,21.5832462310791,2.9471797943115234,4.645777225494385,36.20378494262695,5.259588241577148
329.0,29.22471046447754,3.8317902088165283,5.4059882164001465,34.235862731933594,5.181263446807861
330.0,22.066465377807617,2.872072458267212,4.697495460510254,36.69414138793945,4.011354446411133
331.0,20.635648727416992,2.84944748878479,4.542647838592529,34.684486389160156,4.192628383636475
332.0,22.57224464416504,3.0700204372406006,4.751025676727295,33.114715576171875,4.116120338439941
333.0,23.724044799804688,3.309312105178833,4.870733261108398,34.182823181152344,4.591150760650635
334.0,21.42606544494629,2.87420392036438,4.6288299560546875,35.608253479003906,3.946859121322632
335.0,19.147260665893555,2.68022084236145,4.375758171081543,33.748443603515625,3.7288661003112793
336.0,18.576011657714844,2.507316827774048,4.309989929199219,35.34345245361328,3.7908051013946533
337.0,20.35492515563965,3.080122709274292,4.511643409729004,32.88201904296875,5.454699993133545
338.0,21.01224708557129,2.750375747680664,4.583911895751953,35.41242218017578,3.5986249446868896
339.0,19.84183692932129,2.670938730239868,4.454417705535889,35.04399871826172,3.8612301349639893
340.0,30.68697166442871,3.576493501663208,5.539582252502441,35.96201705932617,5.651859760284424
341.0,29.981882095336914,3.602668046951294,5.475571632385254,35.13719177246094,4.78878927230835
342.0,21.888832092285156,3.3711235523223877,4.6785502433776855,33.551658630371094,5.7694549560546875
343.0,19.763463973999023,2.8633882999420166,4.445611953735352,34.05554962158203,3.787604331970215
344.0,21.927810668945312,2.99287486076355,4.682713985443115,35.20011901855469,4.287578582763672
345.0,27.57122230529785,4.11707067489624,5.25083065032959,33.13690948486328,7.541582107543945
346.0,26.882009506225586,3.523134231567383,5.184786319732666,37.35329818725586,5.37526798248291
347.0,24.294050216674805,3.1280925273895264,4.92889928817749,34.22736358642578,3.886259078979492
348.0,19.251680374145508,2.5908257961273193,4.387673854827881,35.65355682373047,3.3189821243286133
349.0,22.330224990844727,3.2232513427734375,4.725486755371094,33.21997833251953,4.310091018676758
350.0,21.11328887939453,2.986928701400757,4.594919681549072,35.07567596435547,3.801887035369873
351.0,22.63751792907715,3.071255922317505,4.757890224456787,35.482872009277344,4.009751796722412
352.0,25.61713981628418,3.5716724395751953,5.061337947845459,32.98834991455078,5.375234603881836
353.0,23.33013343811035,3.4193613529205322,4.830127716064453,33.433387756347656,4.637035846710205
354.0,25.27330780029297,3.226006269454956,5.027256488800049,34.542137145996094,4.0339155197143555
355.0,29.1002197265625,3.9424095153808594,5.3944621086120605,33.74359893798828,5.028101921081543
356.0,25.872833251953125,3.1535913944244385,5.08653450012207,35.885677337646484,3.8381636142730713
357.0,34.48014450073242,4.792148113250732,5.871979713439941,32.711021423339844,7.758548259735107
358.0,24.426231384277344,3.0859439373016357,4.942290306091309,35.452362060546875,4.1510443687438965
359.0,24.534164428710938,3.194352149963379,4.953197479248047,35.347984313964844,3.8689982891082764
360.0,24.22916603088379,3.455886125564575,4.922313213348389,34.205101013183594,4.5768961906433105
361.0,39.72214126586914,4.131671905517578,6.302550315856934,33.928497314453125,4.75280237197876
362.0,19.741785049438477,2.615765333175659,4.443172931671143,35.05797576904297,3.9686315059661865
363.0,20.943769454956055,2.8454864025115967,4.576436519622803,35.89939498901367,3.8464624881744385
364.0,26.165863037109375,3.279045820236206,5.115257740020752,36.75360870361328,4.005584716796875
365.0,22.261383056640625,3.2589690685272217,4.718196868896484,33.80510711669922,4.211055278778076
366.0,33.4169807434082,4.830202579498291,5.780742168426514,32.28112030029297,7.791653156280518
367.0,24.079673767089844,3.1529810428619385,4.9071044921875,35.92046356201172,4.167147159576416
368.0,19.955968856811523,2.9179821014404297,4.467210292816162,34.114662170410156,4.24141263961792
369.0,26.73120880126953,3.8171284198760986,5.170223236083984,32.78197479248047,6.59406852722168
370.0,18.169572830200195,2.531916856765747,4.262578010559082,34.869422912597656,3.525125503540039
371.0,27.192068099975586,4.018234729766846,5.214601516723633,32.324745178222656,7.2870635986328125
372.0,21.02276611328125,2.794893980026245,4.58505916595459,36.1744270324707,4.653043746948242
373.0,28.100034713745117,3.916628122329712,5.3009467124938965,32.607582092285156,5.853044033050537
374.0,45.16573715209961,4.948272228240967,6.720545768737793,39.19467544555664,12.236967086791992
375.0,19.90168571472168,3.007014513015747,4.461130619049072,33.56482696533203,4.960817337036133
376.0,25.8100528717041,3.3365039825439453,5.08035945892334,37.252174377441406,5.380265235900879
377.0,21.732406616210938,2.859269380569458,4.661802768707275,34.816627502441406,3.867032051086426
378.0,21.125349044799805,2.9456965923309326,4.596231937408447,33.826820373535156,3.9371464252471924
379.0,19.89620590209961,2.6728060245513916,4.460516452789307,35.640037536621094,4.7044782638549805
380.0,20.661813735961914,2.832775831222534,4.54552698135376,35.296791076660156,3.5809402465820312
381.0,22.972883224487305,3.30297589302063,4.793003559112549,32.891380310058594,4.711432933807373
382.0,23.021642684936523,3.3050308227539062,4.7980875968933105,33.60609436035156,4.4900383949279785
383.0,22.331613540649414,2.9226818084716797,4.72563362121582,35.13441467285156,4.596079349517822
384.0,18.671741485595703,2.5194766521453857,4.321081161499023,35.40502166748047,3.8829901218414307
385.0,20.776016235351562,3.1464030742645264,4.558071613311768,33.05321502685547,5.10064172744751
386.0,26.463178634643555,3.3078200817108154,5.144237518310547,34.61304473876953,4.114996433258057
387.0,19.679323196411133,2.607149600982666,4.436138153076172,36.11170959472656,4.1411662101745605
388.0,18.28934097290039,2.6424152851104736,4.276603698730469,34.227561950683594,3.906906843185425
389.0,21.652816772460938,2.9385974407196045,4.653258800506592,34.802520751953125,5.6256608963012695
390.0,29.15144920349121,4.238710403442383,5.399208068847656,32.568443298339844,6.545465469360352
391.0,21.01081085205078,2.7827422618865967,4.583755016326904,34.56383514404297,3.6064229011535645
392.0,19.64217185974121,2.6238980293273926,4.431949138641357,34.18446350097656,3.4293766021728516
393.0,19.2718563079834,2.540160894393921,4.38997220993042,35.357093811035156,3.892988681793213
394.0,21.026884078979492,2.8125908374786377,4.585507869720459,33.526878356933594,3.7380027770996094
395.0,20.419767379760742,2.865412950515747,4.518823623657227,33.008705139160156,3.8589682579040527
396.0,23.861160278320312,3.211554765701294,4.884788513183594,34.681060791015625,4.961165904998779
397.0,21.55231285095215,2.802692174911499,4.642446994781494,36.549095153808594,3.584855318069458
398.0,21.555198669433594,3.1622836589813232,4.642757892608643,33.363380432128906,4.3515753746032715
399.0,25.82708168029785,3.62349009513855,5.082035064697266,32.81499481201172,5.29301118850708
400.0,29.716520309448242,3.5585248470306396,5.451286315917969,35.30883026123047,4.959036827087402
401.0,17.892839431762695,2.531287908554077,4.229992866516113,33.78728485107422,3.5639617443084717
402.0,18.421781539916992,2.5197830200195312,4.292060375213623,34.664573669433594,3.6614179611206055
403.0,26.842483520507812,3.466381788253784,5.180973052978516,35.80371856689453,4.378111362457275
404.0,18.469993591308594,2.630699872970581,4.297673225402832,34.08491516113281,3.710564613342285
405.0,19.63237190246582,2.7145931720733643,4.430843353271484,35.720420837402344,4.148853778839111
406.0,22.481843948364258,3.475112199783325,4.741502285003662,32.82819366455078,6.250564098358154
407.0,25.758153915405273,3.8370068073272705,5.075249195098877,32.471458435058594,5.817656517028809
408.0,20.674394607543945,2.735557794570923,4.546910285949707,36.64284133911133,4.638887405395508
409.0,18.953519821166992,2.4680378437042236,4.353564262390137,35.60577392578125,3.2548229694366455
410.0,28.248228073120117,3.8502495288848877,5.314906120300293,33.12957000732422,4.69906759262085
411.0,29.303985595703125,3.667625665664673,5.413315773010254,37.74077224731445,7.106462001800537
412.0,18.34053611755371,2.6068081855773926,4.282585144042969,34.09967803955078,3.446404218673706
413.0,17.960044860839844,2.4688239097595215,4.237929344177246,34.71971893310547,3.363542318344116
414.0,22.913330078125,3.122136354446411,4.786787033081055,35.75646209716797,5.489459037780762
415.0,26.82524299621582,3.5482208728790283,5.179308891296387,34.234230041503906,5.392688274383545
416.0,21.625991821289062,2.8520514965057373,4.6503753662109375,34.24530792236328,3.616269588470459
417.0,20.56232452392578,2.7583343982696533,4.53456974029541,36.295318603515625,4.318130970001221
418.0,20.034265518188477,2.8549845218658447,4.47596549987793,34.53942108154297,4.257817268371582
419.0,19.26302719116211,2.673985719680786,4.3889665603637695,34.74964141845703,3.9753501415252686
420.0,22.205556869506836,3.043858289718628,4.712277412414551,34.133460998535156,3.7955732345581055
421.0,20.31132698059082,2.7415878772735596,4.506808757781982,33.571083068847656,3.5234780311584473
422.0,19.1925106048584,2.5743653774261475,4.38092565536499,34.53553009033203,3.4722750186920166
423.0,18.53861427307129,2.6857030391693115,4.305649280548096,33.907875061035156,3.5615365505218506
424.0,22.610437393188477,3.2234230041503906,4.7550435066223145,33.190643310546875,4.3060760498046875
425.0,23.453332901000977,3.1636791229248047,4.842864036560059,33.056671142578125,4.270998954772949
426.0,25.44565773010254,3.2325305938720703,5.044368743896484,34.686683654785156,4.520489692687988
427.0,29.3719425201416,4.221447467803955,5.419588565826416,32.941566467285156,7.906245231628418
428.0,23.92571449279785,3.185302495956421,4.891391754150391,35.737449645996094,3.853559970855713
429.0,22.34123992919922,3.0703907012939453,4.726652145385742,33.65601348876953,3.8549513816833496
430.0,19.994531631469727,2.66633677482605,4.471524715423584,34.13188934326172,3.406118869781494
431.0,27.229812622070312,3.282559394836426,5.21821928024292,33.7479248046875,4.27163553237915
432.0,17.866416931152344,2.5324199199676514,4.226868629455566,33.776451110839844,3.4668235778808594
433.0,23.39111328125,3.0592472553253174,4.836435794830322,35.59095001220703,3.8631107807159424
434.0,21.524377822875977,2.907038450241089,4.639437198638916,35.10966491699219,3.7623331546783447
435.0,19.589200973510742,2.9124014377593994,4.425969123840332,32.954856872558594,3.9615724086761475
436.0,21.864004135131836,2.8923168182373047,4.675896167755127,33.82269287109375,3.687472343444824
437.0,23.794586181640625,3.2855567932128906,4.877969264984131,34.554351806640625,5.525288105010986
438.0,21.486852645874023,3.2854299545288086,4.6353912353515625,33.420745849609375,5.663802146911621
439.0,18.792808532714844,2.593637228012085,4.335067272186279,33.650672912597656,3.543389320373535
440.0,18.135591506958008,2.4177024364471436,4.258590221405029,35.57978057861328,3.3007020950317383
441.0,18.96488380432129,2.5344393253326416,4.3548688888549805,35.201820373535156,3.453470468521118
442.0,20.10355567932129,3.0055532455444336,4.483698844909668,33.28400421142578,5.196948528289795
443.0,22.794931411743164,3.0331971645355225,4.7744035720825195,34.23332977294922,4.062901973724365
444.0,22.76658058166504,3.1141669750213623,4.7714338302612305,34.23509979248047,4.691895961761475
445.0,22.625795364379883,3.0550239086151123,4.75665807723999,32.904869079589844,3.886579990386963
446.0,30.917640686035156,4.33528470993042,5.560363292694092,31.63311004638672,6.943492412567139
447.0,34.10420608520508,4.207534313201904,5.839880466461182,36.84425354003906,8.715201377868652
448.0,18.665252685546875,2.605271577835083,4.3203301429748535,35.082862854003906,3.6227192878723145
449.0,18.768213272094727,2.8264856338500977,4.3322296142578125,32.85032653808594,4.11954402923584
450.0,17.901443481445312,2.3683462142944336,4.2310099601745605,34.489646911621094,3.1669929027557373
451.0,17.753042221069336,2.473912477493286,4.213436126708984,33.96063995361328,3.2409965991973877
452.0,22.586225509643555,3.212007522583008,4.752496719360352,32.88214111328125,4.294159889221191
453.0,23.34796714782715,3.173985242843628,4.831973552703857,34.506431579589844,4.177315711975098
454.0,23.789030075073242,3.0212032794952393,4.877399921417236,35.28838348388672,3.697993516921997
455.0,22.093923568725586,3.154397964477539,4.700417518615723,33.781150817871094,4.208487510681152
456.0,20.238801956176758,2.705120086669922,4.49875545501709,35.46422576904297,3.494493246078491
457.0,22.343603134155273,3.4628102779388428,4.726902008056641,32.74580383300781,6.2001729011535645
458.0,22.937164306640625,3.093897581100464,4.789276123046875,35.13459014892578,4.917151927947998
459.0,26.947866439819336,3.4784610271453857,5.191133499145508,35.04338073730469,4.148708820343018
460.0,20.78089714050293,2.755202054977417,4.55860710144043,33.966819763183594,3.556436777114868
461.0,24.542221069335938,3.0517780780792236,4.954010486602783,34.62915802001953,4.032050609588623
462.0,31.11928367614746,4.219991207122803,5.578465938568115,31.50628662109375,6.870352268218994
463.0,21.216575622558594,2.9007208347320557,4.60614538192749,34.749114990234375,5.397875785827637
464.0,35.45827865600586,4.059215545654297,5.954685211181641,32.68402099609375,4.533202648162842
465.0,26.76621437072754,3.392920732498169,5.173607349395752,36.560791015625,6.234307765960693
466.0,19.881559371948242,2.9456722736358643,4.458874225616455,33.01988220214844,4.096697807312012
467.0,18.881452560424805,2.5972349643707275,4.345279216766357,34.442237854003906,3.408782958984375
468.0,19.381072998046875,2.6389989852905273,4.402393817901611,34.15740203857422,3.458317756652832
469.0,19.411962509155273,2.634131669998169,4.405900955200195,34.48578643798828,3.3399741649627686
470.0,20.817659378051758,2.8385989665985107,4.5626373291015625,34.92328643798828,5.03872013092041
471.0,22.092275619506836,3.254222869873047,4.700242042541504,33.37378692626953,4.339895725250244
472.0,28.53156280517578,3.2424755096435547,5.341494560241699,35.80827713012695,4.140058517456055
473.0,24.55564308166504,3.641761064529419,4.955365180969238,31.912437438964844,6.111844062805176
474.0,19.711111068725586,2.599086046218872,4.4397196769714355,35.36681365966797,4.067931652069092
475.0,21.691598892211914,2.83400559425354,4.657423973083496,34.456199645996094,3.6049563884735107
476.0,18.874677658081055,2.8573265075683594,4.344499588012695,32.670005798339844,4.787370681762695
477.0,19.872831344604492,2.7617437839508057,4.457895278930664,34.09363555908203,3.5340893268585205
478.0,20.697490692138672,2.810948371887207,4.549449443817139,33.549964904785156,3.637388229370117
479.0,24.173044204711914,3.1428260803222656,4.916608810424805,35.121498107910156,4.594839572906494
480.0,24.739608764648438,3.0915353298187256,4.973892688751221,36.22726058959961,3.5600647926330566
481.0,25.47102928161621,3.957287549972534,5.0468831062316895,31.439002990722656,7.341643333435059
482.0,24.88028907775879,3.09088134765625,4.9880146980285645,35.89209747314453,4.997190475463867
483.0,29.35439109802246,3.757097005844116,5.417969226837158,32.50054931640625,4.62516450881958
484.0,27.76755714416504,3.5868546962738037,5.269493103027344,36.553985595703125,6.215586185455322
485.0,19.957054138183594,2.6465535163879395,4.467331886291504,34.480995178222656,3.390860080718994
486.0,21.387624740600586,2.8503220081329346,4.624675750732422,33.918296813964844,3.693021059036255
487.0,20.80268096923828,2.828808546066284,4.560995578765869,35.19111633300781,3.8285012245178223
488.0,22.6085205078125,3.2854068279266357,4.7548418045043945,33.298240661621094,4.853728771209717
489.0,17.8729190826416,2.5621116161346436,4.227637767791748,33.32062530517578,3.473501682281494
490.0,24.69782066345215,3.864236831665039,4.969690322875977,31.973182678222656,6.90084171295166
491.0,24.063928604125977,3.0124990940093994,4.9054999351501465,36.274898529052734,4.8388285636901855
492.0,28.442182540893555,3.9801559448242188,5.333121299743652,32.721290588378906,8.825587272644043
493.0,27.01600456237793,4.091839790344238,5.197692394256592,31.39203643798828,6.921535015106201
494.0,23.37911033630371,3.183978319168091,4.835195064544678,36.424320220947266,5.621448040008545
495.0,22.62993812561035,3.3258275985717773,4.75709342956543,32.28723907470703,4.838094711303711
496.0,17.705184936523438,2.4447712898254395,4.2077531814575195,34.64757537841797,3.52943754196167
497.0,20.57759666442871,3.0943222045898438,4.536253452301025,33.10381317138672,4.7380475997924805
498.0,36.68986129760742,4.581649303436279,6.057215690612793,32.605430603027344,5.923333644866943
499.0,26.6715145111084,3.4944934844970703,5.16444730758667,34.535064697265625,5.582475662231445
500.0,21.7479248046875,2.998662233352661,4.663466930389404,33.56825256347656,3.986974000930786
501.0,20.526960372924805,3.0992791652679443,4.53066873550415,32.332725524902344,4.123852252960205
502.0,20.191801071166992,2.7630956172943115,4.493528842926025,34.65613555908203,4.714288234710693
503.0,19.79839324951172,2.882221221923828,4.449538707733154,32.78630065917969,3.9107720851898193
504.0,22.74825096130371,2.9254958629608154,4.76951265335083,33.77147674560547,4.0571393966674805
505.0,22.830955505371094,3.0241200923919678,4.778174877166748,35.07561492919922,4.754338264465332
506.0,23.240110397338867,3.1612517833709717,4.820799827575684,31.94483184814453,4.128709316253662
507.0,19.21714210510254,2.678626298904419,4.3837361335754395,33.94416046142578,3.378981828689575
508.0,20.43351173400879,3.0693016052246094,4.520344257354736,32.84093475341797,4.116665840148926
509.0,26.177719116210938,3.3350086212158203,5.1164164543151855,34.885902404785156,4.856216907501221
510.0,22.749277114868164,3.1467506885528564,4.769620418548584,32.18006134033203,4.120910167694092
511.0,24.633928298950195,3.0310819149017334,4.963257789611816,34.24748992919922,3.7162046432495117
512.0,19.48109245300293,2.7643520832061768,4.413739204406738,32.86505889892578,3.6566879749298096
513.0,21.388338088989258,2.8937225341796875,4.624752521514893,33.13311004638672,4.203352451324463
514.0,21.55162239074707,2.8654422760009766,4.6423726081848145,34.504669189453125,4.833957672119141
515.0,19.296676635742188,2.9282386302948,4.39279842376709,33.00218963623047,4.571760654449463
516.0,21.448501586914062,2.8275413513183594,4.631252765655518,34.01594543457031,4.32216215133667
517.0,23.712182998657227,3.11584734916687,4.869515895843506,33.31891632080078,3.717799425125122
518.0,21.607948303222656,2.8434817790985107,4.648435115814209,34.775550842285156,4.651637077331543
519.0,19.4626407623291,2.597590208053589,4.411648273468018,33.781578063964844,3.272343873977661
520.0,26.188444137573242,3.2095935344696045,5.117464542388916,33.40478515625,3.910327434539795
521.0,21.9666805267334,2.9850234985351562,4.686862468719482,34.84166717529297,4.245763778686523
522.0,18.28924560546875,2.451624631881714,4.27659273147583,34.7935791015625,3.1572763919830322
523.0,21.286001205444336,3.254319906234741,4.613675594329834,32.26996612548828,6.433711051940918
524.0,21.211061477661133,2.871328592300415,4.605546951293945,34.12329864501953,3.581834316253662
525.0,25.672515869140625,3.0772507190704346,5.066805362701416,35.587303161621094,3.6544992923736572
526.0,20.28712272644043,2.845338821411133,4.504122734069824,33.58759307861328,4.369358539581299
527.0,18.492753982543945,2.5340490341186523,4.300320148468018,33.786903381347656,3.2610232830047607
528.0,24.170303344726562,3.1767959594726562,4.916330337524414,35.061180114746094,6.2505903244018555
529.0,23.681211471557617,3.3504440784454346,4.866334438323975,33.32183074951172,4.218112468719482
530.0,24.326797485351562,3.7956135272979736,4.932220458984375,31.582130432128906,7.742036819458008
531.0,20.695093154907227,2.7664735317230225,4.549185752868652,33.767845153808594,3.479253053665161
532.0,24.641311645507812,3.749046564102173,4.964001655578613,31.450050354003906,6.567846298217773
533.0,20.10331916809082,2.7018325328826904,4.483672618865967,34.040870666503906,3.906865358352661
534.0,30.947532653808594,4.006929874420166,5.563050746917725,32.75989532470703,4.566863059997559
535.0,25.002599716186523,3.189401626586914,5.000259876251221,34.171791076660156,4.475490570068359
536.0,20.42391014099121,3.142451047897339,4.51928186416626,33.40546417236328,5.726446628570557
537.0,18.05011749267578,2.5026068687438965,4.248542785644531,34.56004333496094,3.6887295246124268
538.0,19.096071243286133,2.897308349609375,4.3699049949646,33.658958435058594,4.540689468383789
539.0,18.934738159179688,2.606945753097534,4.351406574249268,33.090736389160156,3.626899003982544
540.0,17.885135650634766,2.413341760635376,4.229082107543945,34.50220489501953,3.4837217330932617
541.0,19.973100662231445,2.6425280570983887,4.469127655029297,34.18037414550781,3.58840012550354
542.0,20.124046325683594,2.8103716373443604,4.485983371734619,34.91907501220703,4.39549446105957
543.0,18.5606746673584,2.5622637271881104,4.308210372924805,33.90387725830078,3.3017468452453613
544.0,21.07090950012207,2.866697072982788,4.590305805206299,33.62297821044922,3.7356820106506348
545.0,21.083160400390625,3.0299713611602783,4.591640472412109,33.501976013183594,3.953139543533325
546.0,18.118181228637695,2.7751054763793945,4.256545543670654,32.50012969970703,4.599511623382568
547.0,22.967926025390625,2.9821617603302,4.792486190795898,35.898780822753906,4.7558417320251465
548.0,28.444189071655273,3.9383270740509033,5.333309173583984,32.03141784667969,5.620461463928223
549.0,18.031192779541016,2.5879955291748047,4.246315002441406,33.47504425048828,3.511622428894043
550.0,22.903175354003906,3.0729618072509766,4.785726070404053,34.40094757080078,3.998044490814209
551.0,16.994474411010742,2.3304483890533447,4.122435569763184,33.656280517578125,3.2368545532226562
552.0,19.814544677734375,2.6486146450042725,4.451353073120117,33.54267120361328,3.4013538360595703
553.0,18.437475204467773,2.4684507846832275,4.293888092041016,34.400482177734375,3.7339608669281006
554.0,18.207725524902344,2.4786109924316406,4.2670512199401855,33.62474822998047,3.363190174102783
555.0,17.870161056518555,2.470804452896118,4.227311134338379,34.276710510253906,3.259490489959717
556.0,20.155790328979492,3.155857801437378,4.489520072937012,32.16304016113281,5.6943678855896
557.0,20.897417068481445,3.11938738822937,4.571369171142578,32.69043731689453,4.499070644378662
558.0,25.40839195251465,3.443187713623047,5.040673732757568,35.46807098388672,5.265832424163818
559.0,18.752710342407227,2.8180007934570312,4.330440044403076,32.72527313232422,4.185563087463379
560.0,18.375995635986328,2.6139440536499023,4.2867231369018555,32.85985565185547,3.4263882637023926
561.0,16.96596336364746,2.391218423843384,4.11897611618042,33.73603057861328,3.278552293777466
562.0,25.30051612854004,3.2245142459869385,5.029962062835693,35.98063278198242,4.176342010498047
563.0,26.208951950073242,3.6155242919921875,5.119467735290527,32.85126495361328,5.194616317749023
564.0,19.24515724182129,2.6860828399658203,4.386930465698242,33.830039978027344,3.5257208347320557
565.0,29.024818420410156,3.4501161575317383,5.3874688148498535,33.89813995361328,4.007529258728027
566.0,18.835641860961914,2.64245867729187,4.340004920959473,33.944236755371094,3.44323468208313
567.0,20.568679809570312,2.8188765048980713,4.535270690917969,35.07606506347656,5.54780387878418
568.0,21.533639907836914,3.14570689201355,4.640435218811035,33.5782470703125,6.323966979980469
569.0,22.152585983276367,3.318857192993164,4.706653594970703,31.88549041748047,5.231746673583984
570.0,24.427413940429688,3.277632474899292,4.942409515380859,34.065025329589844,3.8395259380340576
571.0,20.94554328918457,2.6548845767974854,4.576630115509033,33.80480194091797,3.320005178451538
572.0,21.472436904907227,3.3318450450897217,4.633836269378662,32.541908264160156,5.267276763916016
573.0,20.484596252441406,2.687274932861328,4.525990962982178,33.83509063720703,3.4165360927581787
574.0,18.848304748535156,2.739921808242798,4.341463565826416,32.358558654785156,3.7268056869506836
575.0,20.395246505737305,2.706941604614258,4.516109466552734,33.430152893066406,3.3775553703308105
576.0,18.944395065307617,2.8539936542510986,4.352516174316406,32.757591247558594,5.285697937011719
577.0,20.184663772583008,2.676121950149536,4.492734432220459,33.10126495361328,3.335613489151001
578.0,18.459171295166016,2.6403391361236572,4.296413898468018,32.9150390625,3.559156894683838
579.0,21.455795288085938,2.90722393989563,4.632040023803711,32.972496032714844,3.674879550933838
580.0,18.126874923706055,2.5883519649505615,4.257566928863525,33.84630584716797,3.449336051940918
581.0,25.84196662902832,3.2559430599212646,5.083499431610107,33.379798889160156,3.908308267593384
582.0,23.15936851501465,3.107006072998047,4.812417984008789,34.777854919433594,4.771962642669678
583.0,17.921247482299805,2.5237863063812256,4.233349323272705,33.27568817138672,3.3052806854248047
584.0,27.885225296020508,3.7059383392333984,5.280646324157715,35.652915954589844,7.909823417663574
585.0,18.586685180664062,2.547363758087158,4.311227798461914,34.271278381347656,3.2957499027252197
586.0,33.09506607055664,4.6666178703308105,5.752830982208252,31.056007385253906,6.62816858291626
587.0,19.667787551879883,2.677215576171875,4.434837818145752,34.22216033935547,4.361532211303711
588.0,23.435789108276367,2.983146905899048,4.841052532196045,34.258262634277344,3.8482446670532227
589.0,20.473684310913086,3.0307371616363525,4.52478551864624,32.83361053466797,4.070435047149658
590.0,21.62940216064453,2.9576404094696045,4.650742053985596,33.290069580078125,4.205549716949463
591.0,18.479684829711914,2.542849540710449,4.298800468444824,33.716392517089844,3.3675198554992676
592.0,20.68299102783203,2.8254013061523438,4.547855854034424,33.7166748046875,3.885700225830078
593.0,21.526514053344727,3.394412040710449,4.639667510986328,32.08043670654297,5.517398357391357
594.0,19.195419311523438,2.6114137172698975,4.3812575340271,34.32843017578125,3.291504383087158
595.0,18.216976165771484,2.5128703117370605,4.268135070800781,34.45426940917969,3.7721798419952393
596.0,17.57341957092285,2.424299716949463,4.192066192626953,33.353538513183594,3.487464427947998
597.0,19.397123336791992,2.6523139476776123,4.404216766357422,34.04961395263672,3.329507350921631
598.0,18.011857986450195,2.6812241077423096,4.244038105010986,32.51124572753906,4.037430286407471
599.0,24.07541847229004,3.297053098678589,4.906671047210693,33.634849548339844,5.063286781311035
600.0,16.828344345092773,2.3369925022125244,4.102236270904541,33.740028381347656,3.1819064617156982
601.0,27.509620666503906,3.440227508544922,5.244961261749268,35.475318908691406,4.306543350219727
602.0,17.517620086669922,2.488790273666382,4.185405731201172,33.08167266845703,3.374007225036621
603.0,18.915536880493164,2.71410870552063,4.3491997718811035,33.23609924316406,3.6669626235961914
604.0,19.787160873413086,2.6663811206817627,4.448276042938232,34.454185485839844,3.490520715713501
605.0,20.248371124267578,2.8015196323394775,4.499818801879883,32.99304962158203,4.127126693725586
606.0,22.310598373413086,2.9797580242156982,4.723409652709961,33.81024932861328,3.8750131130218506
607.0,19.52094078063965,2.7274467945098877,4.418251037597656,34.318626403808594,3.884157180786133
608.0,17.557863235473633,2.5396997928619385,4.190210342407227,32.77947235107422,3.477354049682617
609.0,17.798664093017578,2.521582841873169,4.218846321105957,33.18730926513672,3.3861145973205566
610.0,22.958498001098633,3.219947576522827,4.791502475738525,32.81837463378906,4.009799480438232
611.0,19.370752334594727,2.7866051197052,4.401221752166748,33.295936584472656,4.283749103546143
612.0,21.336633682250977,3.2612950801849365,4.61915922164917,32.024635314941406,4.912842750549316
613.0,28.7353515625,3.3817312717437744,5.360536575317383,35.66759490966797,4.140822410583496
614.0,22.75799560546875,3.0899486541748047,4.770534038543701,33.62317657470703,4.418908596038818
615.0,18.753259658813477,2.6550915241241455,4.330503463745117,33.30652618408203,3.587287664413452
616.0,28.270654678344727,3.425856590270996,5.317015647888184,34.014686584472656,4.423801422119141
617.0,36.10666275024414,4.951059341430664,6.00888204574585,30.70703887939453,7.902035713195801
618.0,21.1894588470459,2.8874826431274414,4.603200912475586,35.03777313232422,5.25977897644043
619.0,19.240150451660156,2.7049381732940674,4.386359691619873,33.31401824951172,3.543273687362671
620.0,17.68280601501465,2.5537166595458984,4.205092906951904,33.15955352783203,3.4331488609313965
621.0,23.81496238708496,3.277837038040161,4.8800578117370605,33.10218048095703,3.9053494930267334
622.0,22.04050636291504,3.046217679977417,4.694731712341309,35.511558532714844,4.696567058563232
623.0,18.69696807861328,2.7650089263916016,4.323998928070068,33.025962829589844,3.7694640159606934
624.0,19.937660217285156,2.7728824615478516,4.465160846710205,34.985206604003906,4.741506099700928
625.0,20.089588165283203,2.856773614883423,4.482141017913818,32.268218994140625,3.8608086109161377
626.0,22.337106704711914,3.0676891803741455,4.72621488571167,32.12425231933594,3.9930899143218994
627.0,18.055143356323242,2.443652868270874,4.249134540557861,33.895118713378906,3.3646399974823
628.0,31.63114356994629,3.9543349742889404,5.624156951904297,32.79457092285156,4.988722324371338
629.0,21.162931442260742,2.9237003326416016,4.600318431854248,33.67925262451172,4.6756696701049805
630.0,17.468435287475586,2.62160325050354,4.179525852203369,32.745384216308594,3.906606435775757
631.0,18.13016128540039,2.622906446456909,4.257952690124512,32.96642303466797,3.551872491836548
632.0,26.62415313720703,3.5107076168060303,5.159859657287598,34.37781524658203,6.687054634094238
633.0,18.095216751098633,2.5899150371551514,4.253847122192383,33.512786865234375,3.5974245071411133
634.0,19.872968673706055,2.757934331893921,4.457911014556885,33.762001037597656,4.076396465301514
635.0,20.86577033996582,2.936492919921875,4.567906379699707,33.144737243652344,4.009833335876465
636.0,23.285072326660156,3.4711201190948486,4.825460910797119,32.40740203857422,6.11759614944458
637.0,20.777070999145508,2.8041181564331055,4.558187484741211,33.84215545654297,4.379388809204102
638.0,25.239694595336914,3.320831298828125,5.02391242980957,32.85023498535156,3.981564521789551
639.0,23.022436141967773,2.9813249111175537,4.79817008972168,32.612998962402344,3.670647382736206
640.0,21.154207229614258,2.9469845294952393,4.59937047958374,32.33393096923828,3.8329784870147705
641.0,22.68914222717285,3.1002891063690186,4.763312339782715,34.565834045410156,4.785252571105957
642.0,19.70292091369629,2.92024827003479,4.438797473907471,33.59436798095703,4.771471977233887
643.0,23.14751625061035,3.0776987075805664,4.811186790466309,33.06560516357422,3.9914231300354004
644.0,23.35538673400879,3.4423227310180664,4.8327412605285645,31.387771606445312,4.979662895202637
645.0,24.727325439453125,3.236668348312378,4.972657680511475,34.53278350830078,5.426016330718994
646.0,26.9044189453125,3.435591697692871,5.186946868896484,36.23833465576172,4.521164417266846
647.0,21.411447525024414,3.104163885116577,4.627250671386719,32.32984161376953,4.245737075805664
648.0,19.68706703186035,2.7437562942504883,4.437011241912842,33.49864959716797,3.953563690185547
649.0,29.346275329589844,3.538304090499878,5.417220115661621,33.994720458984375,4.137213230133057
650.0,19.619951248168945,2.6872403621673584,4.429441452026367,34.65943145751953,3.7272956371307373
651.0,18.474008560180664,2.567042112350464,4.298140048980713,33.28948211669922,3.4435625076293945
652.0,22.68630027770996,2.8204967975616455,4.76301383972168,34.003944396972656,3.3115909099578857
653.0,19.177001953125,2.757608413696289,4.379155158996582,32.53002166748047,3.7930893898010254
654.0,17.82966423034668,2.565490484237671,4.2225189208984375,32.69707489013672,3.589334011077881
655.0,20.49753761291504,2.8092076778411865,4.527420520782471,33.65132141113281,4.825817584991455
656.0,19.619375228881836,2.6055586338043213,4.429376602172852,33.720985412597656,3.7036690711975098
657.0,17.659486770629883,2.35939621925354,4.202319145202637,34.11564636230469,2.9738078117370605
658.0,19.380508422851562,2.6936864852905273,4.402329921722412,34.66767120361328,3.956164836883545
659.0,17.026113510131836,2.3911683559417725,4.1262712478637695,33.093238830566406,3.2237966060638428
660.0,19.45195960998535,2.7363007068634033,4.41043758392334,33.49010467529297,3.4463822841644287
661.0,19.413848876953125,2.914782762527466,4.4061150550842285,32.14518737792969,4.741008758544922
662.0,19.697954177856445,2.5751888751983643,4.43823766708374,33.89862823486328,3.490640163421631
663.0,17.824491500854492,2.4582126140594482,4.2219061851501465,34.19889831542969,3.718062162399292
664.0,20.438934326171875,2.8434503078460693,4.520944118499756,33.071693420410156,3.6759729385375977
665.0,18.361568450927734,2.506059408187866,4.285039901733398,32.96613311767578,3.191173553466797
666.0,18.014162063598633,2.4830219745635986,4.244309425354004,33.90898895263672,3.347996234893799
667.0,23.66069793701172,3.2955121994018555,4.864226341247559,32.33032989501953,5.421048164367676
668.0,19.865478515625,3.0759496688842773,4.457070827484131,32.160682678222656,5.70234489440918
669.0,17.882104873657227,2.4479422569274902,4.228724002838135,32.593849182128906,3.254218101501465
670.0,20.636810302734375,2.834792137145996,4.542775630950928,33.39945983886719,4.080982685089111
671.0,21.29181671142578,3.1659767627716064,4.61430549621582,31.922447204589844,5.410295486450195
672.0,19.759794235229492,2.6937148571014404,4.445199012756348,32.90010070800781,3.4212753772735596
673.0,17.83819007873535,2.5335781574249268,4.2235283851623535,33.308433532714844,3.231998920440674
674.0,21.855070114135742,3.0048091411590576,4.674940586090088,31.978370666503906,3.8029630184173584
675.0,19.216859817504883,2.613473415374756,4.383703708648682,33.070640563964844,3.312948226928711
676.0,19.068044662475586,2.511481523513794,4.366697311401367,33.970680236816406,3.222046375274658
677.0,19.98189353942871,2.9875800609588623,4.47011137008667,31.80103302001953,3.919776439666748
678.0,24.324981689453125,3.2217743396759033,4.932036399841309,34.17986297607422,5.329418659210205
679.0,24.298757553100586,3.344897985458374,4.92937707901001,32.46018981933594,4.738757133483887
680.0,18.444488525390625,2.5463716983795166,4.294704914093018,32.91187286376953,3.638333559036255
681.0,19.125335693359375,2.8334226608276367,4.3732523918151855,31.97870635986328,4.363927364349365
682.0,19.637081146240234,2.748889207839966,4.431374549865723,33.667205810546875,4.842460632324219
683.0,19.028701782226562,2.800997495651245,4.362190246582031,32.45166015625,3.55023193359375
684.0,19.696409225463867,2.746709108352661,4.438063621520996,33.27500915527344,4.030813217163086
685.0,22.56675148010254,3.318373441696167,4.7504472732543945,31.68292999267578,4.369597434997559
686.0,18.26416778564453,2.538729429244995,4.273659706115723,34.13469696044922,3.858415126800537
687.0,22.659650802612305,3.324167251586914,4.7602152824401855,31.615882873535156,4.910645008087158
688.0,18.52452278137207,2.5860378742218018,4.304012298583984,33.38505554199219,4.071755886077881
689.0,25.038040161132812,3.4010868072509766,5.00380277633667,32.43083953857422,4.051331043243408
690.0,27.19771385192871,3.405592679977417,5.215142726898193,34.39026641845703,4.879031181335449
691.0,23.6436710357666,3.18237042427063,4.862475872039795,32.079246520996094,4.085141181945801
692.0,21.612810134887695,3.4654719829559326,4.6489577293396,31.55176544189453,6.172211170196533
693.0,18.75700569152832,2.8055708408355713,4.330935955047607,32.91290283203125,4.080305099487305
694.0,20.25824546813965,3.2242908477783203,4.500916004180908,32.02154541015625,5.725645065307617
695.0,19.43657112121582,2.7005786895751953,4.408692836761475,34.211753845214844,4.183962821960449
696.0,24.13507080078125,3.1472723484039307,4.912745952606201,33.049537658691406,4.082503318786621
697.0,22.535369873046875,3.4870290756225586,4.747143268585205,30.694862365722656,5.172327518463135
698.0,18.347352981567383,2.573145866394043,4.28338098526001,33.997161865234375,4.178988933563232
699.0,22.547948837280273,2.972956895828247,4.748467922210693,33.581153869628906,3.79072642326355
700.0,17.69330596923828,2.6508238315582275,4.20634126663208,32.53639221191406,4.068089485168457
701.0,18.457857131958008,2.5821714401245117,4.296260833740234,33.37377166748047,4.097011089324951
702.0,20.703264236450195,2.887786865234375,4.550084114074707,33.729408264160156,5.635507106781006
703.0,17.9862117767334,2.4750187397003174,4.241015434265137,33.30725860595703,3.4073550701141357
704.0,20.985532760620117,2.794191360473633,4.580996990203857,33.28154754638672,4.226779937744141
705.0,25.407766342163086,3.3627703189849854,5.040611743927002,32.89350128173828,4.134494304656982
706.0,26.99506187438965,3.3135221004486084,5.195677280426025,34.931732177734375,3.687060594558716
707.0,18.79756736755371,2.599179267883301,4.335616111755371,33.54174041748047,3.2903003692626953
708.0,18.222917556762695,2.820607900619507,4.2688307762146,32.299781799316406,4.940296173095703
709.0,25.98744010925293,3.570185899734497,5.097787857055664,33.155792236328125,5.769784450531006
710.0,24.8453426361084,3.7099406719207764,4.98451042175293,30.854026794433594,5.499461650848389
711.0,22.8421630859375,3.140118360519409,4.7793474197387695,34.71247863769531,6.038575172424316
712.0,23.9910888671875,3.28255295753479,4.898069858551025,34.664215087890625,5.5599493980407715
713.0,38.57473373413086,4.505223274230957,6.210855960845947,32.999183654785156,5.456453323364258
714.0,27.96492576599121,3.545975685119629,5.288187503814697,37.230831146240234,6.150825500488281
715.0,21.697214126586914,3.2157773971557617,4.658026695251465,31.368125915527344,5.470170974731445
716.0,22.186614990234375,2.907102346420288,4.710267066955566,34.76091766357422,4.887950420379639
717.0,21.0769100189209,2.9441144466400146,4.590959548950195,34.31958770751953,4.721592426300049
718.0,26.314674377441406,3.7084338665008545,5.1297831535339355,31.660446166992188,5.010361671447754
719.0,32.70137405395508,3.646476984024048,5.718511581420898,33.07146453857422,4.158067226409912
720.0,19.84766960144043,2.9983108043670654,4.455072402954102,31.318626403808594,4.3207621574401855
721.0,21.204235076904297,3.114438772201538,4.6048054695129395,31.74066925048828,4.320603847503662
722.0,23.356592178344727,3.110410690307617,4.8328657150268555,35.02710723876953,4.564030647277832
723.0,20.127225875854492,3.1643855571746826,4.486337661743164,31.53160858154297,5.525523662567139
724.0,21.114748001098633,2.928572416305542,4.595078468322754,33.375144958496094,3.6403510570526123
725.0,21.148483276367188,2.7989094257354736,4.598748207092285,34.43701171875,3.384544610977173
726.0,24.467119216918945,3.284682273864746,4.946424961090088,33.533653259277344,4.043607711791992
727.0,23.950698852539062,3.6755168437957764,4.893945217132568,30.967437744140625,6.205974578857422
728.0,21.173776626586914,2.9062957763671875,4.601497173309326,33.59325408935547,3.738368272781372
729.0,21.902128219604492,3.282146453857422,4.679970741271973,31.42021942138672,5.735959053039551
730.0,22.22620391845703,3.348646879196167,4.714467525482178,31.00597381591797,5.115638256072998
731.0,19.330110549926758,2.7482659816741943,4.396602153778076,33.53289031982422,4.585461139678955
732.0,19.594017028808594,3.089280366897583,4.426513195037842,31.58020782470703,5.5018768310546875
733.0,25.254518508911133,3.3264801502227783,5.025387287139893,32.173866271972656,4.0918288230896
734.0,18.814971923828125,2.5245697498321533,4.33762264251709,33.025901794433594,3.765467882156372
735.0,36.74869918823242,3.9446849822998047,6.062070369720459,32.444786071777344,4.3514838218688965
736.0,22.468002319335938,3.1116256713867188,4.740042209625244,32.978919982910156,4.244680881500244
737.0,17.91269874572754,2.5221331119537354,4.232339859008789,33.39215087890625,3.3949761390686035
738.0,20.48796844482422,2.7217905521392822,4.526363849639893,34.59337615966797,3.4984846115112305
739.0,19.723726272583008,2.927217721939087,4.441140174865723,31.54956817626953,4.4928388595581055
740.0,24.62578773498535,3.3530209064483643,4.962437629699707,35.629051208496094,5.328822612762451
741.0,18.33131980895996,2.8188865184783936,4.281508922576904,32.008445739746094,4.5374436378479
742.0,24.879989624023438,3.6719553470611572,4.987984657287598,32.414405822753906,5.782675743103027
743.0,25.78643226623535,3.2977612018585205,5.078034400939941,34.15186309814453,3.975888729095459
744.0,19.739086151123047,2.7486560344696045,4.442869186401367,33.20220184326172,3.403212547302246
745.0,19.143308639526367,2.712010383605957,4.375306606292725,32.82594299316406,3.3967700004577637
746.0,16.894716262817383,2.451845169067383,4.110318183898926,33.09107208251953,3.3300955295562744
747.0,21.676498413085938,3.0780670642852783,4.6558027267456055,33.57872772216797,5.047255516052246
748.0,18.78951072692871,2.5759410858154297,4.334686756134033,34.25176239013672,4.162459850311279
749.0,17.264610290527344,2.5773847103118896,4.1550703048706055,32.666053771972656,3.920178174972534
750.0,18.022722244262695,2.6062746047973633,4.245317459106445,33.068565368652344,3.820500135421753
751.0,23.197158813476562,3.2377960681915283,4.816342830657959,33.95903015136719,6.349132061004639
752.0,22.91051483154297,3.1213066577911377,4.786492824554443,33.33941650390625,4.9892706871032715
753.0,17.22747230529785,2.4241206645965576,4.150599002838135,33.523468017578125,3.332792282104492
754.0,18.539766311645508,2.6801366806030273,4.305782794952393,31.950721740722656,3.5703322887420654
755.0,25.833404541015625,3.2357542514801025,5.082657337188721,32.825103759765625,3.8743679523468018
756.0,22.022436141967773,3.216233015060425,4.692806720733643,32.102745056152344,4.180072784423828
757.0,21.80421257019043,2.928464889526367,4.669497966766357,34.15721130371094,4.384114742279053
758.0,18.95721435546875,2.628953695297241,4.353988170623779,32.99394989013672,3.711850166320801
759.0,24.882959365844727,3.884840726852417,4.988282203674316,31.42835235595703,5.813263893127441
760.0,25.210153579711914,3.4240188598632812,5.020971298217773,34.88764953613281,7.100644111633301
761.0,20.264795303344727,2.764404058456421,4.501643657684326,33.11772918701172,3.5289976596832275
762.0,20.014543533325195,2.9999732971191406,4.473761558532715,31.975265502929688,5.159028053283691
763.0,20.08846664428711,2.764724016189575,4.482016086578369,32.62622833251953,4.062447547912598
764.0,18.352975845336914,2.544644355773926,4.284037113189697,32.50318145751953,3.3238909244537354
765.0,17.301692962646484,2.465069055557251,4.159530162811279,32.66532897949219,3.3017165660858154
766.0,22.278100967407227,3.0739309787750244,4.719968318939209,32.455467224121094,4.043610095977783
767.0,23.30118751525879,3.2395331859588623,4.827130317687988,33.530914306640625,4.986118793487549
768.0,30.557336807250977,4.289144992828369,5.52786922454834,30.931259155273438,6.448049068450928
769.0,28.38642692565918,3.293147325515747,5.3278913497924805,33.136131286621094,3.6937241554260254
770.0,19.272565841674805,2.737347364425659,4.3900532722473145,31.944107055664062,3.727073907852173
771.0,22.205717086791992,3.335810422897339,4.712294101715088,31.99579620361328,4.925350666046143
772.0,20.9884033203125,2.897085428237915,4.581310272216797,32.534095764160156,3.6625967025756836
773.0,19.767900466918945,2.842282295227051,4.446110725402832,32.123939514160156,4.0468058586120605
774.0,18.436567306518555,2.6675398349761963,4.2937822341918945,32.45581817626953,3.8471062183380127
775.0,26.75105094909668,3.532912492752075,5.172142028808594,34.98356628417969,6.945672512054443
776.0,22.163291931152344,3.410423517227173,4.707790374755859,32.180198669433594,5.974717617034912
777.0,19.48990249633789,2.7773044109344482,4.414736747741699,32.88439178466797,3.5082590579986572
778.0,17.31396484375,2.5907938480377197,4.16100549697876,32.37726593017578,3.7000033855438232
779.0,19.81861686706543,3.1699883937835693,4.451810359954834,31.63227081298828,5.584259510040283
780.0,19.510705947875977,2.8410470485687256,4.417092323303223,31.89611053466797,4.300262451171875
781.0,21.015539169311523,2.8595755100250244,4.58427095413208,33.072784423828125,3.6762020587921143
782.0,20.4826602935791,2.8611557483673096,4.525777339935303,33.28826141357422,3.6247544288635254
783.0,20.066572189331055,2.6311421394348145,4.479572772979736,32.866310119628906,3.4415345191955566
784.0,24.64646339416504,3.770644426345825,4.964520454406738,31.275909423828125,6.201109886169434
785.0,27.3727970123291,3.3538219928741455,5.2319016456604,33.33417510986328,3.809241533279419
786.0,25.393280029296875,3.7303988933563232,5.039174556732178,31.21302032470703,6.498939514160156
787.0,17.086483001708984,2.3388912677764893,4.133579730987549,33.292518615722656,3.0769264698028564
788.0,21.143531799316406,2.9988622665405273,4.598209857940674,32.547508239746094,3.6639928817749023
789.0,17.854780197143555,2.4943010807037354,4.225491523742676,33.57621765136719,3.6450881958007812
790.0,19.55756950378418,2.685474395751953,4.422394275665283,32.462852478027344,3.4175872802734375
791.0,20.223785400390625,3.086094617843628,4.497086524963379,32.073204040527344,4.810701847076416
792.0,23.310415267944336,3.1932175159454346,4.828085899353027,31.791648864746094,3.735469341278076
793.0,19.99549674987793,2.7340729236602783,4.471632480621338,32.90064239501953,3.4318063259124756
794.0,20.450178146362305,2.9639110565185547,4.522187232971191,32.33991241455078,4.194665431976318
795.0,21.998178482055664,3.21219539642334,4.690221786499023,32.081275939941406,5.330724716186523
796.0,26.946243286132812,3.458936929702759,5.190977096557617,31.46674346923828,4.212872505187988
797.0,36.072227478027344,3.820915460586548,6.006015777587891,32.28730010986328,4.105347633361816
798.0,21.589752197265625,3.0077762603759766,4.646477222442627,32.55994415283203,4.483376979827881
799.0,21.44696044921875,3.0664050579071045,4.631086349487305,32.784385681152344,4.7962775230407715
800.0,24.23948097229004,3.156373977661133,4.923360824584961,34.01679229736328,4.0514068603515625
801.0,20.868730545043945,3.1754798889160156,4.568230628967285,31.26636505126953,4.183468341827393
802.0,20.895816802978516,2.9085400104522705,4.571194171905518,33.387733459472656,3.6034996509552
803.0,17.620580673217773,2.668553590774536,4.19768762588501,32.22107696533203,4.06466817855835
804.0,19.274141311645508,2.640836000442505,4.390232563018799,33.415771484375,3.6723341941833496
805.0,23.092071533203125,3.3661842346191406,4.805420875549316,31.346961975097656,4.387716770172119
806.0,17.011152267456055,2.3855175971984863,4.124457836151123,33.084739685058594,3.121037244796753
807.0,18.52199363708496,2.537306785583496,4.303718566894531,32.91199493408203,3.2314538955688477
808.0,17.05059814453125,2.50528883934021,4.129237174987793,32.00322723388672,3.4275102615356445
809.0,18.952306747436523,2.6872472763061523,4.353424549102783,32.89313507080078,4.17323112487793
810.0,23.0213623046875,3.1356284618377686,4.798058032989502,32.72228240966797,4.192269325256348
811.0,22.88405418395996,2.9918861389160156,4.783728122711182,34.16985321044922,3.6505541801452637
812.0,18.515478134155273,2.736060380935669,4.302961349487305,32.466827392578125,3.745152473449707
813.0,19.607019424438477,2.785451889038086,4.427981376647949,33.66761016845703,4.537795066833496
814.0,18.163087844848633,2.4753201007843018,4.261817455291748,32.97521209716797,3.37949800491333
815.0,18.391645431518555,2.5979955196380615,4.288547992706299,32.89366912841797,3.47861909866333
816.0,19.7736873626709,2.9234797954559326,4.446761608123779,31.77570343017578,4.469740867614746
817.0,33.572872161865234,3.7593963146209717,5.794210433959961,34.46949005126953,4.082859992980957
818.0,24.838891983032227,3.7644846439361572,4.983863353729248,30.05396270751953,6.520693778991699
819.0,18.578889846801758,2.549473524093628,4.310323715209961,33.57768249511719,3.3016252517700195
820.0,17.265077590942383,2.5846667289733887,4.155126571655273,31.826683044433594,3.519057035446167
821.0,23.679147720336914,3.0720317363739014,4.866122245788574,33.40534973144531,3.7726449966430664
822.0,18.71139907836914,2.704822301864624,4.325667381286621,33.72856903076172,3.48402738571167
823.0,19.3792724609375,2.7156388759613037,4.4021897315979,33.456886291503906,3.997943162918091
824.0,18.480070114135742,2.5690135955810547,4.298845291137695,33.38713836669922,3.980288028717041
825.0,27.56781005859375,3.3202097415924072,5.2505059242248535,34.018714904785156,3.8884997367858887
826.0,21.512025833129883,2.8221256732940674,4.638105869293213,32.73358154296875,3.4073379039764404
827.0,17.09134864807129,2.530125856399536,4.13416862487793,32.937828063964844,3.888087272644043
828.0,17.827646255493164,2.626828193664551,4.2222795486450195,32.2874755859375,3.508314609527588
829.0,19.9539852142334,2.89418625831604,4.466988563537598,31.47948455810547,4.0747480392456055
830.0,21.38797950744629,3.2989466190338135,4.624713897705078,30.52588653564453,6.262257099151611
831.0,19.26069450378418,2.6911919116973877,4.38870096206665,33.517921447753906,3.7080514430999756
832.0,20.054214477539062,2.8084418773651123,4.478193283081055,33.313575744628906,4.391637325286865
833.0,27.15547752380371,3.4830474853515625,5.211091995239258,34.57360076904297,4.5525360107421875
834.0,20.14969253540039,3.232924699783325,4.4888410568237305,30.227272033691406,6.185820579528809
835.0,24.807043075561523,3.2737884521484375,4.9806671142578125,31.37580108642578,4.7532243728637695
836.0,17.707670211791992,2.4366118907928467,4.208048343658447,33.505104064941406,3.596567392349243
837.0,23.135986328125,3.5396416187286377,4.809988021850586,31.205078125,5.548209190368652
838.0,18.246809005737305,2.5087296962738037,4.271628379821777,33.506614685058594,4.1586833000183105
839.0,17.683874130249023,2.5538692474365234,4.205219745635986,32.84137725830078,3.3328778743743896
840.0,19.345399856567383,2.7371737957000732,4.398340702056885,32.28215789794922,3.855001926422119
841.0,17.282838821411133,2.538315773010254,4.157263278961182,31.84050750732422,3.5047385692596436
842.0,19.600366592407227,2.7967422008514404,4.427230358123779,32.390586853027344,4.3424072265625
843.0,18.450895309448242,2.573298454284668,4.295450687408447,32.349769592285156,3.317965269088745
844.0,20.392404556274414,2.795797348022461,4.5157952308654785,32.089393615722656,3.814105987548828
845.0,18.66554832458496,2.8053009510040283,4.320364475250244,31.633628845214844,4.020656585693359
846.0,18.411222457885742,2.5582563877105713,4.290830135345459,33.293556213378906,3.886129379272461
847.0,19.19792366027832,2.7731189727783203,4.3815436363220215,33.429420471191406,4.909247398376465
848.0,18.7181396484375,2.578986406326294,4.326446533203125,33.74047088623047,3.31852388381958
849.0,18.7608699798584,2.9278175830841064,4.331381797790527,31.643798828125,4.321727275848389
850.0,18.172496795654297,2.7390964031219482,4.262921333312988,31.788230895996094,4.281865119934082
851.0,18.500144958496094,2.656081199645996,4.3011794090271,31.822471618652344,3.7098591327667236
852.0,24.2200870513916,3.6617209911346436,4.921390533447266,31.39965057373047,5.941393852233887
853.0,17.186594009399414,2.473466634750366,4.145671844482422,32.00084686279297,3.6927342414855957
854.0,16.66861343383789,2.368370294570923,4.08272123336792,32.05878448486328,3.1979658603668213
855.0,28.971359252929688,3.7983896732330322,5.382504940032959,31.615814208984375,4.6511664390563965
856.0,23.220632553100586,3.2768964767456055,4.818778991699219,32.158302307128906,4.100019931793213
857.0,20.798965454101562,3.1800851821899414,4.560588359832764,32.41460418701172,4.943356037139893
858.0,18.207012176513672,2.486419916152954,4.2669677734375,33.560707092285156,3.2428669929504395
859.0,21.246673583984375,3.2904179096221924,4.609411239624023,30.170684814453125,5.591895580291748
860.0,21.088098526000977,3.01674747467041,4.592177867889404,32.24102020263672,5.4389238357543945
861.0,17.950014114379883,2.514734983444214,4.236745834350586,32.25836944580078,3.3913795948028564
862.0,21.125091552734375,3.036875009536743,4.596203804016113,32.376914978027344,3.8915562629699707
863.0,19.173974990844727,2.6916234493255615,4.378809928894043,32.490745544433594,3.823028087615967
864.0,21.785547256469727,3.1035537719726562,4.66749906539917,32.598106384277344,4.79713773727417
865.0,20.00714683532715,2.8725337982177734,4.472934722900391,32.162269592285156,3.7832353115081787
866.0,20.204599380493164,2.634422540664673,4.49495267868042,33.81806182861328,3.333836793899536
867.0,23.415834426879883,3.3261587619781494,4.838991165161133,31.50513458251953,4.051443576812744
868.0,19.42047691345215,2.7215158939361572,4.406867027282715,32.735923767089844,3.411721706390381
869.0,18.241485595703125,2.581195592880249,4.271005153656006,33.32977294921875,3.2713186740875244
870.0,19.570276260375977,2.884171724319458,4.423830509185791,31.124488830566406,4.038249492645264
871.0,20.005783081054688,2.680079221725464,4.472782611846924,33.11859893798828,3.9909918308258057
872.0,22.216812133789062,3.013875961303711,4.713471412658691,32.211524963378906,4.034860134124756
873.0,18.027677536010742,2.5276968479156494,4.245901107788086,32.86730194091797,3.8909454345703125
874.0,20.527873992919922,3.3407859802246094,4.5307698249816895,30.273529052734375,6.211831092834473
875.0,17.27214241027832,2.4268362522125244,4.15597677230835,32.96533966064453,3.4059245586395264
876.0,17.236318588256836,2.494596004486084,4.151664733886719,32.305686950683594,3.3876757621765137
877.0,18.0723819732666,2.5636494159698486,4.251162528991699,32.149391174316406,3.3380303382873535
878.0,18.295236587524414,2.6899096965789795,4.2772932052612305,31.664344787597656,4.011160373687744
879.0,17.755796432495117,2.585484743118286,4.2137627601623535,31.848472595214844,3.7199790477752686
880.0,16.60932731628418,2.3781440258026123,4.075454235076904,31.983985900878906,3.270298957824707
881.0,23.84050178527832,3.165483236312866,4.882673740386963,34.294532775878906,4.82548189163208
882.0,18.088340759277344,2.6643567085266113,4.2530388832092285,32.216224670410156,4.035967826843262
883.0,22.534515380859375,2.9137649536132812,4.747053146362305,32.92778778076172,3.7085518836975098
884.0,29.21821403503418,3.694032669067383,5.4053874015808105,31.72705078125,5.1751861572265625
885.0,20.422531127929688,3.011697769165039,4.519129276275635,31.29882049560547,3.9461822509765625
886.0,16.731142044067383,2.4130876064300537,4.090372085571289,32.32427215576172,3.5541634559631348
887.0,19.82624626159668,2.7105438709259033,4.452667236328125,32.54985809326172,3.8149547576904297
888.0,22.496192932128906,3.543440103530884,4.743015289306641,30.60236358642578,6.486043930053711
889.0,20.683320999145508,2.9411773681640625,4.547892093658447,32.414283752441406,4.793152332305908
890.0,19.12091636657715,2.7046585083007812,4.37274694442749,32.33122253417969,4.023093223571777
891.0,19.076818466186523,3.030593156814575,4.367701530456543,30.6934814453125,4.779906749725342
892.0,25.266271591186523,3.513916015625,5.026556491851807,34.70939636230469,6.972634792327881
893.0,18.12762451171875,2.5175940990448,4.257654666900635,33.231964111328125,3.2185871601104736
894.0,19.715707778930664,2.9855339527130127,4.440237522125244,29.79851531982422,4.7154645919799805
895.0,20.771631240844727,3.0361392498016357,4.557590484619141,31.738548278808594,3.975611448287964
896.0,16.750198364257812,2.3615562915802,4.092700481414795,32.81334686279297,3.307255744934082
897.0,17.890920639038086,2.482598066329956,4.229765892028809,33.229026794433594,3.6339681148529053
898.0,19.68773078918457,3.1164817810058594,4.4370856285095215,30.85637664794922,4.924715042114258
899.0,19.55872344970703,2.871535301208496,4.422524452209473,31.407699584960938,3.9135124683380127
900.0,21.27420997619629,2.8436834812164307,4.612397193908691,32.51258087158203,4.019808292388916
901.0,18.444971084594727,2.6430904865264893,4.294760704040527,31.495643615722656,3.5086193084716797
902.0,22.047475814819336,3.0806472301483154,4.695474147796631,33.74726104736328,5.119867324829102
903.0,17.409181594848633,2.5350892543792725,4.172430992126465,32.44425964355469,3.302610397338867
904.0,18.48838996887207,2.9705703258514404,4.2998127937316895,30.84796142578125,4.596687316894531
905.0,17.960899353027344,2.5491631031036377,4.238029956817627,32.05602264404297,3.386214017868042
906.0,19.45111083984375,2.9072513580322266,4.410341262817383,31.328773498535156,4.428238868713379
907.0,17.33664894104004,2.443755865097046,4.163730144500732,32.904335021972656,3.434990644454956
908.0,20.38977813720703,3.1163547039031982,4.515504360198975,31.88836669921875,5.207093238830566
909.0,24.77167320251465,3.4994401931762695,4.977115154266357,30.467636108398438,4.788659572601318
910.0,22.333627700805664,3.4014463424682617,4.725846767425537,30.396385192871094,7.214155197143555
911.0,18.88336753845215,2.767693519592285,4.345499515533447,31.44556427001953,3.7742919921875
912.0,18.937746047973633,2.7536346912384033,4.351752281188965,31.994674682617188,4.124678134918213
913.0,20.791088104248047,3.0396597385406494,4.5597243309021,31.58106231689453,3.9771947860717773
914.0,25.949493408203125,3.421157121658325,5.094064712524414,33.32526397705078,5.9438347816467285
915.0,20.14142608642578,2.8101272583007812,4.487919807434082,31.894363403320312,3.9896023273468018
916.0,20.01261329650879,2.7359373569488525,4.473546028137207,32.836082458496094,4.097952842712402
917.0,23.229639053344727,3.165452718734741,4.819713592529297,31.872642517089844,3.870244026184082
918.0,18.644929885864258,2.650475025177002,4.317977428436279,31.885215759277344,3.508594274520874
919.0,17.35807228088379,2.5538647174835205,4.16630220413208,31.781082153320312,3.6666319370269775
920.0,26.08513832092285,3.5378358364105225,5.107361316680908,33.39545440673828,5.699185848236084
921.0,18.45217514038086,2.6916587352752686,4.295599460601807,31.64238739013672,3.5329360961914062
922.0,19.10393714904785,2.626671075820923,4.370805263519287,33.11437225341797,4.076472759246826
923.0,16.733749389648438,2.4157159328460693,4.090690612792969,32.18785858154297,3.270378351211548
924.0,18.11592674255371,2.6894302368164062,4.256280899047852,30.420005798339844,3.6819543838500977
925.0,18.45659828186035,2.5374526977539062,4.296114444732666,32.873313903808594,3.621378183364868
926.0,17.013471603393555,2.416186571121216,4.124739170074463,32.854454040527344,3.2581489086151123
927.0,21.473846435546875,3.132661819458008,4.633988380432129,30.342247009277344,5.262592792510986
928.0,18.26024627685547,2.6279137134552,4.273200988769531,32.41693878173828,3.809887170791626
929.0,17.67090606689453,2.6658389568328857,4.203677654266357,31.250694274902344,3.926903486251831
930.0,19.994855880737305,2.714416265487671,4.471560955047607,33.09307098388672,3.9457292556762695
931.0,24.9704647064209,3.226398229598999,4.997045516967773,32.44220733642578,3.779021739959717
932.0,21.99274253845215,2.9846222400665283,4.689641952514648,33.10700225830078,3.513014793395996
933.0,17.2569522857666,2.519324779510498,4.154148578643799,31.577247619628906,3.361738920211792
934.0,18.671377182006836,2.625093460083008,4.321038722991943,31.940940856933594,3.362147092819214
935.0,18.560449600219727,2.676879644393921,4.3081841468811035,31.7132568359375,3.4667487144470215
936.0,17.08067512512207,2.5309479236602783,4.132877349853516,31.807449340820312,3.89412784576416
937.0,18.0620059967041,2.5889716148376465,4.249941825866699,32.36748504638672,4.1811089515686035
938.0,22.472715377807617,3.2310211658477783,4.74053955078125,31.14026641845703,5.275887489318848
939.0,18.908639907836914,2.8734586238861084,4.348406791687012,31.845787048339844,4.7683587074279785
940.0,22.319040298461914,3.1005356311798096,4.724303245544434,33.50599670410156,4.963992595672607
941.0,17.651458740234375,2.6147677898406982,4.201364040374756,31.31458282470703,3.721776247024536
942.0,18.3341007232666,2.540177583694458,4.281833648681641,32.666908264160156,3.2876956462860107
943.0,21.276586532592773,2.9218902587890625,4.612655162811279,32.947471618652344,5.224384784698486
944.0,18.94822883605957,2.64626145362854,4.352956295013428,31.72673797607422,3.3512871265411377
945.0,18.598806381225586,2.6772778034210205,4.312633514404297,32.25139617919922,4.4150848388671875
946.0,23.207223892211914,3.00459361076355,4.817387580871582,33.264610290527344,3.5059447288513184
947.0,26.658058166503906,3.9719619750976562,5.163144111633301,29.832321166992188,5.681807994842529
948.0,29.774826049804688,3.6716537475585938,5.456631183624268,34.18639373779297,5.347225189208984
949.0,24.42142677307129,3.7047576904296875,4.941803932189941,29.30706024169922,7.25535249710083
950.0,18.357519149780273,2.654484748840332,4.284567356109619,31.826759338378906,3.886831283569336
951.0,18.575611114501953,2.5517709255218506,4.309943199157715,32.430931091308594,3.759747266769409
952.0,21.14682388305664,2.8433940410614014,4.598567485809326,33.34748840332031,3.620633840560913
953.0,18.748258590698242,2.6402204036712646,4.329926013946533,32.65544891357422,3.568018913269043
954.0,22.94704246520996,3.305875539779663,4.79030704498291,30.440414428710938,4.247945785522461
955.0,17.689191818237305,2.518730878829956,4.205852031707764,33.191917419433594,3.9693005084991455
956.0,19.003231048583984,2.8218419551849365,4.359269618988037,31.32984161376953,3.8432154655456543
957.0,27.37845802307129,3.92720103263855,5.232442855834961,29.434951782226562,6.081984519958496
958.0,19.00807762145996,2.609013795852661,4.359825611114502,31.61914825439453,3.4080538749694824
959.0,19.427627563476562,3.115187883377075,4.407678127288818,30.25641632080078,5.707498073577881
960.0,18.757434844970703,2.7410199642181396,4.3309855461120605,32.251441955566406,4.076938152313232
961.0,22.140947341918945,3.084454298019409,4.705416679382324,32.37262725830078,4.4489545822143555
962.0,17.436819076538086,2.499371290206909,4.175741672515869,32.655113220214844,3.7138760089874268
963.0,22.884803771972656,3.021319627761841,4.783806324005127,32.65192413330078,3.9381160736083984
964.0,20.24043846130371,2.992593765258789,4.498937606811523,30.7640380859375,3.743929862976074
965.0,17.338077545166016,2.415518045425415,4.1639018058776855,32.850364685058594,3.311720371246338
966.0,19.406538009643555,3.0440752506256104,4.405285358428955,30.787094116210938,5.362061977386475
967.0,25.330612182617188,3.2347605228424072,5.032952785491943,32.01097869873047,4.450450420379639
968.0,17.84974479675293,2.584867238998413,4.22489595413208,31.00470733642578,3.56477952003479
969.0,20.255517959594727,2.9528141021728516,4.500613212585449,31.09632110595703,4.184065341949463
970.0,17.635791778564453,2.532259941101074,4.199499130249023,31.900352478027344,3.257200241088867
971.0,16.589813232421875,2.4380757808685303,4.073059558868408,31.405593872070312,3.3695037364959717
972.0,17.764192581176758,2.533484697341919,4.21475887298584,31.39691162109375,3.410764455795288
973.0,17.460866928100586,2.5793192386627197,4.178620338439941,31.510765075683594,3.642184257507324
974.0,19.177457809448242,2.748063087463379,4.379207611083984,32.59758758544922,4.236568927764893
975.0,25.76399040222168,3.4372332096099854,5.07582426071167,31.297645568847656,4.183316230773926
976.0,22.912641525268555,3.1448841094970703,4.786715030670166,33.71167755126953,4.116828918457031
977.0,25.203176498413086,3.3136186599731445,5.0202765464782715,32.605018615722656,4.191539287567139
978.0,24.764068603515625,3.680633544921875,4.976350784301758,30.742652893066406,5.555370330810547
979.0,24.156692504882812,3.2981231212615967,4.914945602416992,31.98303985595703,4.358767986297607
980.0,21.060697555541992,3.2449028491973877,4.589193344116211,30.208412170410156,5.756310939788818
981.0,17.480562210083008,2.553539514541626,4.180976390838623,32.063575744628906,3.7426915168762207
982.0,28.66017723083496,3.4287490844726562,5.353519916534424,32.814247131347656,3.796660900115967
983.0,20.23297119140625,3.220177412033081,4.498107433319092,29.918907165527344,5.700285911560059
984.0,18.99393653869629,2.557029962539673,4.358203411102295,33.275718688964844,3.611781120300293
985.0,29.38098907470703,3.5106608867645264,5.42042350769043,31.819252014160156,3.941213607788086
986.0,17.196571350097656,2.5536365509033203,4.146874904632568,31.56171417236328,3.8524959087371826
987.0,18.33708381652832,2.6362056732177734,4.282182216644287,31.81476593017578,3.896707773208618
988.0,27.27398681640625,3.472402572631836,5.222450256347656,30.94641876220703,4.248376369476318
989.0,19.772798538208008,2.8680241107940674,4.446661472320557,30.64032745361328,3.9301023483276367
990.0,20.04487419128418,2.785536527633667,4.4771504402160645,31.544395446777344,3.7937254905700684
991.0,20.179786682128906,2.8519067764282227,4.492191791534424,33.75245666503906,4.910653591156006
992.0,18.107749938964844,2.674675703048706,4.255320072174072,30.862640380859375,3.6090378761291504
993.0,20.403444290161133,2.9666223526000977,4.517017364501953,31.86292266845703,4.812714576721191
994.0,18.3933048248291,2.623978853225708,4.288741588592529,31.467681884765625,3.6345272064208984
995.0,24.823572158813477,3.309006690979004,4.982326030731201,32.20392608642578,4.978078842163086
996.0,18.35555648803711,2.6043996810913086,4.284338474273682,32.01318359375,3.805086374282837
997.0,18.027284622192383,2.467022657394409,4.24585485458374,33.202232360839844,3.108039617538452
998.0,20.37366485595703,2.9580793380737305,4.51371955871582,31.152793884277344,4.507861614227295
999.0,24.167091369628906,3.211625337600708,4.916003704071045,32.182884216308594,4.587972164154053
1000.0,18.32203483581543,2.7450225353240967,4.28042459487915,31.81787872314453,4.03673791885376
1001.0,16.99576759338379,2.369279623031616,4.122592449188232,33.015403747558594,3.163135051727295
1002.0,19.818235397338867,2.883439779281616,4.451767444610596,32.379005432128906,3.9336295127868652
1003.0,19.69427490234375,2.8614463806152344,4.437823295593262,30.86908721923828,3.658468246459961
1004.0,20.050655364990234,2.917842149734497,4.477795600891113,30.728187561035156,3.8323397636413574
1005.0,24.405029296875,3.2754898071289062,4.9401445388793945,32.00762176513672,4.397500514984131
1006.0,17.54246711730957,2.7732582092285156,4.188372611999512,30.652175903320312,4.813690185546875
1007.0,18.246612548828125,2.851569414138794,4.271605491638184,30.223899841308594,4.369352340698242
1008.0,19.509986877441406,2.758302688598633,4.417011260986328,31.874534606933594,3.6227834224700928
1009.0,18.33007049560547,2.755703926086426,4.281363010406494,31.51886749267578,3.7255067825317383
1010.0,18.122541427612305,2.5723354816436768,4.2570576667785645,33.05744171142578,3.867422342300415
1011.0,17.145740509033203,2.490034818649292,4.140741348266602,31.713226318359375,3.615011692047119
1012.0,20.002656936645508,2.892019271850586,4.472433090209961,31.74139404296875,4.006625175476074
1013.0,17.808683395385742,2.536593198776245,4.220033645629883,32.742401123046875,4.222121715545654
1014.0,18.01479148864746,2.592435121536255,4.244383335113525,32.066246032714844,3.3320765495300293
1015.0,25.38886260986328,3.298825263977051,5.038736343383789,32.884613037109375,4.234745025634766
1016.0,20.06113624572754,3.1999404430389404,4.478965759277344,30.343093872070312,5.360038757324219
1017.0,20.789894104003906,3.0831546783447266,4.559593677520752,29.3375244140625,4.694457054138184
1018.0,17.615678787231445,2.5339443683624268,4.197103500366211,32.09343719482422,4.132288932800293
1019.0,17.987329483032227,2.5671117305755615,4.241147041320801,31.150253295898438,3.339580774307251
1020.0,19.666852951049805,2.7807490825653076,4.434732437133789,32.22190856933594,3.742030143737793
1021.0,31.773786544799805,4.413620471954346,5.636824131011963,29.12291717529297,6.287038326263428
1022.0,29.841934204101562,3.4120090007781982,5.462777137756348,31.87921905517578,3.936424732208252
1023.0,20.30713653564453,3.0828607082366943,4.506343841552734,30.558883666992188,4.664422512054443
1024.0,21.337738037109375,2.9831864833831787,4.619278907775879,33.778717041015625,5.097846984863281
1025.0,22.461647033691406,3.15793776512146,4.7393717765808105,31.27782440185547,4.326128005981445
1026.0,21.49757194519043,2.8519127368927,4.636547565460205,31.48455047607422,3.492300510406494
1027.0,18.864158630371094,2.9512062072753906,4.343288898468018,30.727249145507812,4.521023273468018
1028.0,17.10563850402832,2.4659125804901123,4.1358962059021,31.721771240234375,3.2393600940704346
1029.0,23.97657012939453,3.0415658950805664,4.896587371826172,31.401458740234375,3.8869214057922363
1030.0,20.717527389526367,3.1871166229248047,4.5516510009765625,30.977767944335938,5.029689788818359
1031.0,17.65035057067871,2.6220319271087646,4.201231956481934,30.300621032714844,3.7483255863189697
1032.0,22.202402114868164,3.522073745727539,4.711942672729492,29.33472442626953,6.772679805755615
1033.0,18.646432876586914,2.5988576412200928,4.318151473999023,32.83421325683594,3.648416757583618
1034.0,20.411300659179688,2.9338390827178955,4.517886638641357,33.13372802734375,5.559678554534912
1035.0,18.51690673828125,2.5813982486724854,4.303127765655518,32.248435974121094,3.4453864097595215
1036.0,21.85111427307129,2.812676191329956,4.674517631530762,33.63783264160156,3.598238229751587
1037.0,17.0708065032959,2.432945489883423,4.131683349609375,31.627540588378906,3.2425832748413086
1038.0,18.566776275634766,2.674740791320801,4.308917999267578,31.750350952148438,3.645949125289917
1039.0,18.881322860717773,2.850768804550171,4.345264434814453,30.514869689941406,3.744814872741699
1040.0,17.45735740661621,2.711196184158325,4.1782002449035645,30.879539489746094,4.215732097625732
1041.0,23.09575653076172,3.189768075942993,4.805804252624512,32.421043395996094,4.828343868255615
1042.0,27.398839950561523,3.3371856212615967,5.2343902587890625,31.13739776611328,3.916196823120117
1043.0,20.080062866210938,2.9950907230377197,4.481078147888184,30.609352111816406,4.053924560546875
1044.0,19.35234260559082,2.755906105041504,4.399129867553711,32.936500549316406,4.282473564147949
1045.0,17.046476364135742,2.5990190505981445,4.128737926483154,30.670372009277344,3.776005268096924
1046.0,20.562620162963867,3.076056718826294,4.534602642059326,29.78557586669922,4.367500305175781
1047.0,19.039819717407227,2.6986114978790283,4.36346435546875,32.27153778076172,4.420237064361572
1048.0,25.013887405395508,3.2746078968048096,5.0013885498046875,30.77910614013672,4.030600070953369
1049.0,16.691068649291992,2.3937904834747314,4.085470199584961,32.10105895996094,3.32572078704834
1050.0,20.040128707885742,2.750232696533203,4.476620197296143,32.96483612060547,3.943092107772827
1051.0,19.880693435668945,3.155461072921753,4.458776950836182,30.211509704589844,5.058332920074463
1052.0,18.518911361694336,2.62515926361084,4.303360462188721,31.956642150878906,4.642031669616699
1053.0,21.593429565429688,3.1567165851593018,4.6468729972839355,30.892616271972656,3.9392333030700684
1054.0,22.286584854125977,3.028571367263794,4.720867156982422,33.244483947753906,4.278877258300781
1055.0,19.54437828063965,2.8652267456054688,4.420902252197266,31.887557983398438,3.6589269638061523
1056.0,16.76860237121582,2.420001745223999,4.0949482917785645,31.54259490966797,3.18947696685791
1057.0,16.687044143676758,2.4475224018096924,4.084977626800537,31.236618041992188,3.4074132442474365
1058.0,20.469003677368164,2.9434452056884766,4.52426815032959,31.204612731933594,3.7627298831939697
1059.0,18.498300552368164,2.710782289505005,4.300965309143066,31.49230194091797,3.672640323638916
1060.0,17.50537872314453,2.4988412857055664,4.183942794799805,31.271705627441406,3.2578439712524414
1061.0,17.7652587890625,2.5435779094696045,4.214885234832764,31.676170349121094,3.253232955932617
1062.0,16.86212730407715,2.4765186309814453,4.106351852416992,31.12714385986328,3.403048276901245
1063.0,21.241098403930664,2.9924192428588867,4.608806610107422,30.58336639404297,3.7423205375671387
1064.0,18.83571434020996,2.888286590576172,4.340013027191162,31.121421813964844,4.323601245880127
1065.0,25.05268096923828,3.4328529834747314,5.005265235900879,31.570838928222656,5.350160598754883
1066.0,27.382301330566406,3.933779716491699,5.232810020446777,30.42528533935547,6.148528099060059
1067.0,21.45062828063965,2.978942632675171,4.631482124328613,33.13604736328125,3.8821887969970703
1068.0,19.427270889282227,2.7798807621002197,4.407637596130371,32.86054992675781,4.9612016677856445
1069.0,17.657180786132812,2.5935583114624023,4.20204496383667,31.332862854003906,3.6331334114074707
1070.0,18.699241638183594,2.7020349502563477,4.3242621421813965,31.228271484375,3.6868062019348145
1071.0,19.928455352783203,2.850175142288208,4.46412992477417,32.02326965332031,5.189821243286133
1072.0,19.21323013305664,2.6837456226348877,4.383289813995361,32.509605407714844,3.483494758605957
1073.0,18.18271827697754,2.7887630462646484,4.264120101928711,29.7845458984375,4.46444845199585
1074.0,19.945775985717773,2.8315651416778564,4.466069221496582,32.40631866455078,4.494192123413086
1075.0,18.594505310058594,2.6774227619171143,4.312134742736816,32.52116394042969,4.525615692138672
1076.0,21.31873893737793,3.4394924640655518,4.617221832275391,29.397201538085938,6.656393527984619
1077.0,20.447311401367188,2.965482473373413,4.521870136260986,31.321876525878906,4.905168533325195
1078.0,16.121492385864258,2.3490166664123535,4.015157699584961,31.085792541503906,3.227447271347046
1079.0,16.924379348754883,2.433793067932129,4.113924980163574,31.881385803222656,3.1394619941711426
1080.0,19.96104621887207,2.843752145767212,4.46777868270874,31.358970642089844,3.7542197704315186
1081.0,19.46088409423828,2.757422685623169,4.411449432373047,32.82073974609375,4.9564290046691895
1082.0,17.12323570251465,2.6687252521514893,4.138023376464844,30.715797424316406,3.933607339859009
1083.0,21.995574951171875,2.8651294708251953,4.689943790435791,32.455894470214844,3.3752505779266357
1084.0,25.194528579711914,3.818681001663208,5.019415378570557,29.418548583984375,5.220853328704834
1085.0,34.55881881713867,4.357594013214111,5.8786749839782715,29.736083984375,5.92144775390625
1086.0,28.436800003051758,3.5911922454833984,5.332616806030273,34.08464050292969,5.029458045959473
1087.0,27.4011287689209,3.5166378021240234,5.2346086502075195,30.988243103027344,4.202312469482422
1088.0,18.73417091369629,2.677793502807617,4.328299045562744,32.19872283935547,4.0440216064453125
1089.0,18.069440841674805,2.714790105819702,4.250816345214844,30.075157165527344,3.656743049621582
1090.0,17.758359909057617,2.6138179302215576,4.214066982269287,32.331871032714844,3.62738037109375
1091.0,17.75096321105957,2.631683349609375,4.213189125061035,30.663307189941406,3.5884995460510254
1092.0,18.244548797607422,2.6668126583099365,4.271363735198975,31.799964904785156,3.7477760314941406
1093.0,17.123573303222656,2.5117342472076416,4.138063907623291,30.888397216796875,3.309847116470337
1094.0,16.5656795501709,2.3667218685150146,4.070095539093018,31.325950622558594,3.441436290740967
1095.0,20.73551368713379,2.9437549114227295,4.553626537322998,32.96522521972656,5.371801853179932
1096.0,20.83506202697754,2.7978527545928955,4.564544200897217,31.981178283691406,3.8111050128936768
1097.0,18.891759872436523,3.0024795532226562,4.346465110778809,29.424713134765625,5.274202346801758
1098.0,19.33020782470703,2.650646924972534,4.396613121032715,31.355453491210938,3.5936622619628906
1099.0,18.539081573486328,2.546665906906128,4.305703163146973,32.32941436767578,3.2044198513031006
1100.0,17.875314712524414,2.697126626968384,4.227921009063721,30.710861206054688,4.011490345001221
1101.0,16.416759490966797,2.448152780532837,4.051760196685791,30.931541442871094,3.447984457015991
1102.0,17.460615158081055,2.5241034030914307,4.178590297698975,31.214439392089844,3.4350697994232178
1103.0,20.33829689025879,2.7881011962890625,4.509799957275391,31.63898468017578,4.0860772132873535
1104.0,17.8428955078125,2.5623130798339844,4.224085330963135,31.15245819091797,3.726134777069092
1105.0,19.02425193786621,2.742250680923462,4.361680030822754,32.27040100097656,4.75452995300293
1106.0,17.86203956604004,2.645019292831421,4.226350784301758,31.276199340820312,3.668837547302246
1107.0,16.658571243286133,2.355062484741211,4.081491470336914,30.720970153808594,3.200511932373047
1108.0,21.145954132080078,3.304692029953003,4.598473072052002,29.617218017578125,5.015774250030518
1109.0,24.90984535217285,3.1572935581207275,4.990976333618164,31.733985900878906,3.7563979625701904
1110.0,18.31470489501953,2.525535821914673,4.279568195343018,32.480010986328125,3.6722655296325684
1111.0,17.605194091796875,2.7509536743164062,4.195854187011719,30.19970703125,3.8588814735412598
1112.0,18.122817993164062,2.7560675144195557,4.257090091705322,29.6871337890625,3.997403860092163
1113.0,17.74991798400879,2.6680984497070312,4.213065147399902,30.519630432128906,3.7641735076904297
1114.0,22.96186065673828,3.0477609634399414,4.791853427886963,30.98218536376953,4.22481632232666
1115.0,18.65972900390625,2.632763147354126,4.319690704345703,32.81963348388672,5.088829040527344
1116.0,19.180450439453125,2.7866764068603516,4.379549026489258,30.749130249023438,4.156280517578125
1117.0,18.28724479675293,2.5318551063537598,4.276358604431152,32.24535369873047,3.2993361949920654
1118.0,17.32744026184082,2.492387533187866,4.162624359130859,31.597816467285156,3.2756361961364746
1119.0,16.659748077392578,2.414156913757324,4.081635475158691,31.618202209472656,3.8734641075134277
1120.0,20.238306045532227,2.6888484954833984,4.4987006187438965,31.463783264160156,3.349006175994873
1121.0,17.16090965270996,2.4284651279449463,4.14257287979126,31.368736267089844,3.1700525283813477
1122.0,25.27436637878418,3.52075457572937,5.027361869812012,29.373336791992188,4.378228187561035
1123.0,25.55222511291504,3.4476115703582764,5.054920673370361,33.357261657714844,6.211768627166748
1124.0,19.5593318939209,3.1044514179229736,4.422593116760254,29.668190002441406,5.281005382537842
1125.0,22.19793701171875,3.0561363697052,4.711468696594238,31.602195739746094,3.9162755012512207
1126.0,17.403223037719727,2.6453468799591064,4.171717166900635,30.67724609375,3.621164321899414
1127.0,17.677465438842773,2.524630308151245,4.204457759857178,32.53461456298828,3.4648287296295166
1128.0,18.315073013305664,2.6208205223083496,4.279611110687256,31.703941345214844,3.932190418243408
1129.0,21.03580665588379,3.401911735534668,4.586481094360352,29.12750244140625,5.249428749084473
1130.0,20.47881507873535,2.9166481494903564,4.525352478027344,32.729393005371094,4.470388412475586
1131.0,23.502592086791992,3.5549421310424805,4.847947120666504,29.07611846923828,4.6367058753967285
1132.0,27.900497436523438,3.515558958053589,5.282092094421387,32.844947814941406,4.128645420074463
1133.0,16.9901065826416,2.5472729206085205,4.12190580368042,30.257408142089844,3.601972818374634
1134.0,18.44019889831543,2.70953369140625,4.294205188751221,30.693443298339844,3.5073790550231934
1135.0,20.87907600402832,2.9882519245147705,4.569362640380859,31.251243591308594,3.831578493118286
1136.0,24.248275756835938,3.319453477859497,4.924253940582275,30.588661193847656,4.68261194229126
1137.0,17.491966247558594,2.6007869243621826,4.182339668273926,30.56763458251953,3.9964067935943604
1138.0,20.8902645111084,2.911545753479004,4.570586681365967,33.33509063720703,4.575753688812256
1139.0,24.45332908630371,3.73138427734375,4.945030689239502,29.325729370117188,6.056326389312744
1140.0,20.234630584716797,2.8706016540527344,4.498291969299316,32.626251220703125,5.5397796630859375
1141.0,25.6444091796875,3.8261172771453857,5.06403112411499,28.6259765625,6.079630374908447
1142.0,18.086454391479492,2.5966644287109375,4.252817153930664,31.718666076660156,3.6940321922302246
1143.0,24.665361404418945,3.7635204792022705,4.966423511505127,29.774818420410156,5.383747577667236
1144.0,27.98951530456543,3.766655683517456,5.290511608123779,33.999595642089844,5.844960689544678
1145.0,22.05161476135254,3.3427867889404297,4.6959147453308105,30.026123046875,6.510183811187744
1146.0,24.020193099975586,3.1917102336883545,4.901040077209473,30.802085876464844,4.140350818634033
1147.0,19.63905143737793,2.8072268962860107,4.431596755981445,31.006919860839844,3.5635228157043457
1148.0,16.99091148376465,2.4511916637420654,4.122003555297852,31.364097595214844,3.3431131839752197
1149.0,16.031509399414062,2.3560049533843994,4.003936767578125,30.94219207763672,3.2306153774261475
1150.0,17.4901180267334,2.448234796524048,4.182118892669678,31.05976104736328,3.195911169052124
1151.0,17.39864730834961,2.7716801166534424,4.171168804168701,29.74553680419922,4.666705131530762
1152.0,22.034887313842773,3.1992580890655518,4.694133281707764,29.36615753173828,4.482545852661133
1153.0,23.8066349029541,3.3154401779174805,4.879204273223877,28.858901977539062,4.407867431640625
1154.0,24.070959091186523,3.319905996322632,4.906216144561768,30.506080627441406,4.290722846984863
1155.0,20.817218780517578,3.1699960231781006,4.562589168548584,29.933242797851562,5.626265525817871
1156.0,20.599895477294922,2.9699509143829346,4.538710594177246,31.106216430664062,3.9823312759399414
1157.0,18.687158584594727,2.691059112548828,4.322864532470703,31.9268798828125,3.9705944061279297
1158.0,19.79204750061035,2.8749399185180664,4.448825359344482,31.045516967773438,4.473637580871582
1159.0,16.70347023010254,2.5316574573516846,4.0869879722595215,30.308876037597656,3.7210919857025146
1160.0,16.581743240356445,2.4305126667022705,4.072068691253662,31.25133514404297,3.278296709060669
1161.0,17.436847686767578,2.670797348022461,4.175745010375977,30.98504638671875,4.195263862609863
1162.0,16.961944580078125,2.522505283355713,4.118488311767578,30.486312866210938,3.5975682735443115
1163.0,21.77189064025879,2.948453187942505,4.6660356521606445,32.86479949951172,3.9283533096313477
1164.0,17.048839569091797,2.4622108936309814,4.129024028778076,31.02680206298828,3.516523599624634
1165.0,17.603403091430664,2.583345651626587,4.195641040802002,31.232826232910156,3.528473138809204
1166.0,22.546615600585938,3.3694636821746826,4.748327732086182,29.609947204589844,6.669394016265869
1167.0,18.118301391601562,2.6737353801727295,4.2565598487854,30.090225219726562,3.722259759902954
1168.0,21.101715087890625,3.1702630519866943,4.593660354614258,29.953407287597656,4.058690071105957
1169.0,17.708335876464844,2.6218769550323486,4.208127498626709,30.325546264648438,3.508488893508911
1170.0,20.18218421936035,2.788119316101074,4.492458820343018,30.94677734375,4.277810573577881
1171.0,17.15299415588379,2.6261448860168457,4.141617298126221,30.589744567871094,3.759185552597046
1172.0,16.833066940307617,2.49446177482605,4.10281229019165,30.109634399414062,3.4016425609588623
1173.0,24.30683135986328,3.2640769481658936,4.9301958084106445,29.6976318359375,4.036982536315918
1174.0,20.743194580078125,3.0510876178741455,4.554469585418701,29.584915161132812,4.604089260101318
1175.0,20.01644515991211,3.0726919174194336,4.473974227905273,29.643569946289062,5.4939703941345215
1176.0,21.51485252380371,3.2814102172851562,4.638410568237305,29.67797088623047,5.863584995269775
1177.0,22.133249282836914,3.191204786300659,4.704598903656006,31.43187713623047,4.859442710876465
1178.0,17.766761779785156,2.65824818611145,4.215063571929932,30.84771728515625,3.632450580596924
1179.0,17.89134407043457,2.5328140258789062,4.22981595993042,31.270423889160156,3.4122257232666016
1180.0,17.461061477661133,2.4949047565460205,4.178643703460693,30.972633361816406,3.371128559112549
1181.0,17.624860763549805,2.662562131881714,4.198197364807129,29.517127990722656,3.7383601665496826
1182.0,17.302824020385742,2.5020713806152344,4.159666538238525,31.150001525878906,3.7827086448669434
1183.0,18.145875930786133,2.683758497238159,4.2597975730896,31.07122039794922,4.496767997741699
1184.0,17.91935157775879,2.5578043460845947,4.233125686645508,31.118736267089844,3.7756693363189697
1185.0,18.28396987915039,2.589050054550171,4.275975704193115,30.092620849609375,3.513545274734497
1186.0,23.5009822845459,3.214373826980591,4.847781181335449,29.601211547851562,4.062893867492676
1187.0,22.999155044555664,3.1744775772094727,4.795743465423584,31.700706481933594,4.232029914855957
1188.0,17.436473846435547,2.707263946533203,4.1757001876831055,29.77179718017578,4.045295238494873
1189.0,19.038715362548828,2.7548160552978516,4.363337516784668,31.07604217529297,3.5629775524139404
1190.0,19.21446418762207,2.9169113636016846,4.383430480957031,30.23369598388672,3.9125139713287354
1191.0,16.80689239501953,2.557929277420044,4.099620819091797,30.262100219726562,3.52166748046875
1192.0,19.884288787841797,2.8429298400878906,4.4591803550720215,30.85999298095703,4.059103012084961
1193.0,19.078699111938477,2.712625503540039,4.367917060852051,30.94129180908203,3.47544002532959
1194.0,19.296812057495117,2.816152811050415,4.392813682556152,30.022850036621094,4.363799095153809
1195.0,17.333518981933594,2.5853421688079834,4.163354396820068,30.063766479492188,4.020455837249756
1196.0,17.26137351989746,2.6146600246429443,4.1546807289123535,30.20318603515625,3.492828130722046
1197.0,20.014524459838867,2.865459442138672,4.473759651184082,31.003204345703125,4.812972545623779
1198.0,19.654634475708008,2.9007503986358643,4.43335485458374,30.655418395996094,3.7718992233276367
1199.0,17.949726104736328,2.5389678478240967,4.236711502075195,30.750755310058594,3.604057788848877
1200.0,16.986417770385742,2.525669813156128,4.121458053588867,30.008544921875,3.585559606552124
1201.0,17.774948120117188,2.5550222396850586,4.216034412384033,30.70043182373047,3.627990484237671
1202.0,17.63048553466797,2.6033856868743896,4.198867321014404,30.90033721923828,3.4789576530456543
1203.0,17.97211265563965,2.6677048206329346,4.239352703094482,30.26043701171875,3.502117395401001
1204.0,25.08349609375,3.297809600830078,5.008342742919922,31.539024353027344,4.172791481018066
1205.0,17.45441246032715,2.619387626647949,4.177847862243652,30.62975311279297,3.4026575088500977
1206.0,23.864580154418945,3.2459211349487305,4.885138511657715,32.22856903076172,5.42301082611084
1207.0,19.15195655822754,2.8844478130340576,4.3762946128845215,30.68482208251953,4.0131330490112305
1208.0,17.816139221191406,2.497142791748047,4.220916748046875,30.76397705078125,3.2870068550109863
1209.0,20.12773323059082,3.0286598205566406,4.48639440536499,30.24469757080078,4.580356597900391
1210.0,19.218915939331055,2.707012176513672,4.383938312530518,30.47772216796875,3.7679758071899414
1211.0,25.33403968811035,3.4682435989379883,5.0332932472229,32.65416717529297,5.774924278259277
1212.0,28.142807006835938,3.8285484313964844,5.30497932434082,28.79474639892578,5.194332122802734
1213.0,22.0187931060791,2.8664751052856445,4.692418575286865,31.39488983154297,3.4463672637939453
1214.0,19.849576950073242,2.9241702556610107,4.455286502838135,29.472915649414062,3.717557668685913
1215.0,19.444101333618164,2.72882080078125,4.409546375274658,32.35961151123047,4.518986225128174
1216.0,33.11948776245117,4.246608257293701,5.754953384399414,29.142295837402344,6.366933345794678
1217.0,16.6047306060791,2.3901164531707764,4.07489013671875,31.334251403808594,3.366607427597046
1218.0,17.910436630249023,2.690767288208008,4.232072353363037,29.409080505371094,3.709318161010742
1219.0,18.651870727539062,2.869908571243286,4.31878137588501,29.155860900878906,5.143762588500977
1220.0,16.801538467407227,2.5648326873779297,4.098968029022217,29.841285705566406,3.6643877029418945
1221.0,20.284576416015625,2.9165194034576416,4.50383996963501,30.902366638183594,3.7692372798919678
1222.0,20.262313842773438,2.780829668045044,4.501368045806885,32.190773010253906,3.5066921710968018
1223.0,17.526857376098633,2.5271575450897217,4.186509132385254,30.35174560546875,3.220445394515991
1224.0,18.500715255737305,2.713163137435913,4.30124568939209,30.752220153808594,3.3788957595825195
1225.0,17.73044776916504,2.5764551162719727,4.210753917694092,30.68529510498047,3.591902256011963
1226.0,18.862895965576172,2.6487255096435547,4.343143463134766,30.836082458496094,4.058165550231934
1227.0,17.37187385559082,2.5313854217529297,4.167957782745361,30.929367065429688,3.298133134841919
1228.0,22.14601707458496,3.1888439655303955,4.705955505371094,29.954544067382812,3.8979344367980957
1229.0,16.46598243713379,2.357296943664551,4.057829856872559,30.811424255371094,3.24284029006958
1230.0,19.06739616394043,2.9179985523223877,4.3666229248046875,30.146484375,3.8503224849700928
1231.0,20.994691848754883,3.2399790287017822,4.581996440887451,28.889183044433594,5.911821365356445
1232.0,19.197551727294922,2.816410779953003,4.381501197814941,31.597938537597656,5.380483150482178
1233.0,25.505874633789062,3.3424346446990967,5.0503339767456055,30.814422607421875,3.951059341430664
1234.0,18.82857894897461,2.8997066020965576,4.33919095993042,29.160316467285156,3.8870279788970947
1235.0,17.001283645629883,2.446333885192871,4.123261451721191,31.670677185058594,3.404207229614258
1236.0,16.831254959106445,2.5421221256256104,4.102591037750244,29.75212860107422,3.448641777038574
1237.0,20.515243530273438,2.882949113845825,4.5293755531311035,32.51685333251953,4.619742393493652
1238.0,18.9080753326416,2.7015202045440674,4.348341464996338,31.923736572265625,4.008787631988525
1239.0,17.6118221282959,2.7886250019073486,4.196644306182861,29.41057586669922,4.0895915031433105
1240.0,24.15775489807129,3.373802900314331,4.915053844451904,29.263832092285156,4.759688377380371
1241.0,17.67009162902832,2.5628223419189453,4.203580856323242,30.88965606689453,3.301835060119629
1242.0,19.367202758789062,2.817591428756714,4.400818347930908,30.726219177246094,4.943146228790283
1243.0,19.387914657592773,2.7665212154388428,4.403171062469482,30.480186462402344,3.7430241107940674
1244.0,19.36469841003418,2.7869415283203125,4.400533676147461,30.15868377685547,3.8925468921661377
1245.0,16.510908126831055,2.400402545928955,4.063361644744873,30.752891540527344,3.212155818939209
1246.0,18.60099220275879,2.5883405208587646,4.312886714935303,30.783187866210938,3.4421815872192383
1247.0,29.153268814086914,4.36773681640625,5.39937686920166,27.151832580566406,9.309693336486816
1248.0,17.289464950561523,2.746856927871704,4.158060073852539,29.425811767578125,4.420595169067383
1249.0,18.990938186645508,2.7425405979156494,4.357859134674072,30.95013427734375,3.9104764461517334
1250.0,19.09099006652832,2.6545212268829346,4.36932373046875,30.990440368652344,3.3658530712127686
1251.0,19.225053787231445,2.7352771759033203,4.38463830947876,29.73674774169922,3.591909170150757
1252.0,16.62363052368164,2.5037543773651123,4.077208518981934,30.582763671875,3.46256160736084
1253.0,21.60099220275879,3.095353841781616,4.647686958312988,31.911026000976562,5.149054527282715
1254.0,17.017091751098633,2.6652605533599854,4.12517786026001,30.27020263671875,4.087786674499512
1255.0,24.797636032104492,3.9733564853668213,4.979722499847412,27.822715759277344,8.015265464782715
1256.0,19.098676681518555,2.7602837085723877,4.370203495025635,31.477890014648438,5.042210102081299
1257.0,18.82220458984375,2.8362514972686768,4.338456630706787,29.61095428466797,4.216241836547852
1258.0,21.919036865234375,2.9593284130096436,4.681777000427246,30.36864471435547,3.8574094772338867
1259.0,24.860708236694336,3.415433883666992,4.986051559448242,31.71746063232422,6.124135971069336
1260.0,17.78928565979004,2.7305450439453125,4.2177348136901855,30.11589813232422,4.383840560913086
1261.0,19.136030197143555,2.726285934448242,4.374475002288818,30.790687561035156,3.8447837829589844
1262.0,19.72527503967285,3.049551010131836,4.441314697265625,29.649269104003906,4.34272575378418
1263.0,17.269601821899414,2.5846054553985596,4.155671119689941,30.83197784423828,4.362905025482178
1264.0,22.500900268554688,3.0267817974090576,4.743511199951172,31.972885131835938,4.615943431854248
1265.0,19.745336532592773,2.7118778228759766,4.443572521209717,31.50060272216797,3.5562424659729004
1266.0,22.527738571166992,3.5433924198150635,4.746339321136475,27.274566650390625,6.037807464599609
1267.0,19.093154907226562,2.6469640731811523,4.369571685791016,32.20494842529297,4.3301801681518555
1268.0,17.505142211914062,2.5649502277374268,4.183914661407471,30.595314025878906,3.3829762935638428
1269.0,16.952781677246094,2.4285166263580322,4.117375373840332,31.222930908203125,3.619229316711426
1270.0,17.157453536987305,2.5241260528564453,4.142155647277832,30.036758422851562,3.509363889694214
1271.0,17.154104232788086,2.6424763202667236,4.141751289367676,29.917015075683594,4.09517765045166
1272.0,20.115829467773438,2.8363730907440186,4.485067367553711,31.24420928955078,3.9950366020202637
1273.0,18.532033920288086,2.627513885498047,4.304884910583496,31.72882843017578,3.518502712249756
1274.0,19.38018226623535,2.9291820526123047,4.402292728424072,28.76422882080078,4.207314491271973
1275.0,17.13587760925293,2.69480299949646,4.13955020904541,29.379600524902344,3.9048209190368652
1276.0,18.870223999023438,2.7611162662506104,4.343986988067627,30.83391571044922,4.508109092712402
1277.0,18.825538635253906,2.6952407360076904,4.338840484619141,30.78459930419922,3.4352238178253174
1278.0,22.107711791992188,3.456759452819824,4.701883792877197,28.996910095214844,5.101358413696289
1279.0,19.717226028442383,2.8944146633148193,4.440408229827881,30.52411651611328,4.104053020477295
1280.0,20.107297897338867,3.1402835845947266,4.484116077423096,29.00591278076172,4.793978214263916
1281.0,17.854690551757812,2.6583943367004395,4.225481033325195,30.936180114746094,4.002732276916504
1282.0,20.722755432128906,3.255790948867798,4.552225112915039,28.76740264892578,5.81404972076416
1283.0,21.109350204467773,3.2321176528930664,4.594491481781006,29.784889221191406,4.554769992828369
1284.0,16.129032135009766,2.321664333343506,4.016096591949463,31.043739318847656,3.120852470397949
1285.0,17.604883193969727,2.659219980239868,4.195817470550537,29.641334533691406,3.9785239696502686
1286.0,21.120874404907227,3.385782241821289,4.595745086669922,28.70685577392578,6.572026252746582
1287.0,17.09377098083496,2.482196092605591,4.134461402893066,30.18511962890625,3.5250167846679688
1288.0,19.4858455657959,2.755084276199341,4.41427755355835,30.76227569580078,4.128310203552246
1289.0,17.506860733032227,2.5257999897003174,4.184120178222656,30.3778076171875,3.289443254470825
1290.0,21.460378646850586,2.977353811264038,4.632534980773926,32.892250061035156,4.888443470001221
1291.0,17.59635353088379,2.4946706295013428,4.194800853729248,31.683074951171875,3.423225164413452
1292.0,20.35750389099121,2.9434049129486084,4.511929035186768,31.11327362060547,5.726944446563721
1293.0,18.022035598754883,2.574976682662964,4.245236873626709,30.666671752929688,3.661005973815918
1294.0,17.361494064331055,2.5237083435058594,4.166712760925293,30.583763122558594,3.4828484058380127
1295.0,18.28973960876465,2.8278071880340576,4.276650428771973,29.83629608154297,4.221689701080322
1296.0,18.807804107666016,2.634277105331421,4.336796760559082,30.49193572998047,3.348351001739502
1297.0,16.258403778076172,2.5039377212524414,4.032171249389648,29.848365783691406,3.8278791904449463
1298.0,15.768866539001465,2.2954819202423096,3.971003293991089,30.22606658935547,3.204651117324829
1299.0,17.364809036254883,2.503242015838623,4.167110443115234,30.754356384277344,3.2112433910369873
1300.0,19.600730895996094,2.891328811645508,4.427271366119385,29.30431365966797,4.04237174987793
1301.0,16.715261459350586,2.3620011806488037,4.088430404663086,30.537521362304688,3.1264219284057617
1302.0,19.522558212280273,3.160890579223633,4.418434143066406,28.294776916503906,5.409302234649658
1303.0,18.95042610168457,2.711599349975586,4.353208541870117,30.46727752685547,4.198962211608887
1304.0,22.1395263671875,3.531719923019409,4.705265998840332,29.238487243652344,5.751950740814209
1305.0,17.658597946166992,2.795501470565796,4.202213287353516,29.428184509277344,4.668830871582031
1306.0,19.70105743408203,3.1068313121795654,4.438587188720703,29.249954223632812,5.852599620819092
1307.0,19.61141586303711,2.7937328815460205,4.428477764129639,30.755447387695312,4.359084129333496
1308.0,21.173877716064453,3.121063232421875,4.601508140563965,28.717636108398438,4.1965203285217285
1309.0,18.916702270507812,2.695296049118042,4.349333763122559,29.641586303710938,3.484035015106201
1310.0,21.1686954498291,2.757807970046997,4.600944995880127,31.23438262939453,3.4784812927246094
1311.0,20.483366012573242,3.025775909423828,4.52585506439209,30.355262756347656,4.167337894439697
1312.0,16.399492263793945,2.4203617572784424,4.049628734588623,30.24858856201172,3.211620330810547
1313.0,19.52839469909668,2.7908775806427,4.419094562530518,31.00421905517578,4.696669101715088
1314.0,25.103233337402344,3.4793918132781982,5.010312557220459,32.314735412597656,7.24725341796875
1315.0,18.8666934967041,2.619182586669922,4.343580722808838,30.601669311523438,3.3858120441436768
1316.0,17.0471134185791,2.587583065032959,4.128815174102783,29.54987335205078,4.385758399963379
1317.0,22.072683334350586,3.3195571899414062,4.69815731048584,28.221275329589844,4.937840461730957
1318.0,21.471298217773438,3.3384735584259033,4.633713245391846,28.33623504638672,4.9323577880859375
1319.0,19.1097412109375,2.7548606395721436,4.371469020843506,31.369300842285156,4.111563682556152
1320.0,16.395475387573242,2.4401185512542725,4.049132823944092,30.336517333984375,3.2548606395721436
1321.0,20.4147891998291,2.9093692302703857,4.518272876739502,31.00255584716797,3.9994750022888184
1322.0,17.359434127807617,2.5293211936950684,4.1664652824401855,30.173973083496094,3.2742691040039062
1323.0,17.3599910736084,2.604930877685547,4.166532039642334,30.08513641357422,3.4899752140045166
1324.0,17.711145401000977,2.5420937538146973,4.208461284637451,30.07994842529297,3.286883592605591
1325.0,16.657859802246094,2.4964280128479004,4.081404209136963,30.04595184326172,3.5540614128112793
1326.0,25.04090690612793,3.2051820755004883,5.004088878631592,29.71886444091797,3.9174323081970215
1327.0,21.677045822143555,2.9262962341308594,4.6558613777160645,30.92035675048828,3.5337443351745605
1328.0,21.21965217590332,3.233997344970703,4.606479167938232,28.75611114501953,4.751187324523926
1329.0,18.61913299560547,2.7750930786132812,4.3149895668029785,30.35455322265625,3.8419651985168457
1330.0,20.130592346191406,2.966850519180298,4.48671293258667,29.526222229003906,4.552411079406738
1331.0,16.848581314086914,2.497772216796875,4.104702472686768,30.477012634277344,3.282156467437744
1332.0,19.425783157348633,2.6842405796051025,4.407468795776367,31.30474090576172,3.513885974884033
1333.0,17.234678268432617,2.5684754848480225,4.1514668464660645,29.723365783691406,3.675875425338745
1334.0,17.307676315307617,2.613827705383301,4.160249710083008,29.22106170654297,3.7768774032592773
1335.0,22.7322940826416,3.4535114765167236,4.767839431762695,28.254562377929688,6.094666004180908
1336.0,16.817853927612305,2.414379835128784,4.100957870483398,31.103233337402344,3.3428237438201904
1337.0,16.648733139038086,2.4798028469085693,4.080286026000977,29.920394897460938,3.491386890411377
1338.0,18.181856155395508,2.552095651626587,4.264019012451172,30.80701446533203,3.3160340785980225
1339.0,17.061344146728516,2.5297539234161377,4.130537986755371,29.500503540039062,3.481043577194214
1340.0,18.435693740844727,2.642615556716919,4.293680667877197,29.98485565185547,3.7520368099212646
1341.0,17.916471481323242,2.788640022277832,4.232785224914551,30.139419555664062,5.099626064300537
1342.0,16.925283432006836,2.472285032272339,4.114035129547119,31.153526306152344,4.102632999420166
1343.0,17.192047119140625,2.518566131591797,4.146329402923584,30.770034790039062,3.3719663619995117
1344.0,17.41649055480957,2.4520273208618164,4.173306941986084,30.783668518066406,3.4567010402679443
1345.0,22.064590454101562,3.025273561477661,4.697296142578125,31.610794067382812,4.293771266937256
1346.0,18.281469345092773,2.634434461593628,4.275683403015137,29.602386474609375,3.400515079498291
1347.0,17.01529312133789,2.4486327171325684,4.124959945678711,30.203262329101562,3.302863121032715
1348.0,21.277223587036133,3.0293147563934326,4.612724304199219,31.376075744628906,4.494342803955078
1349.0,18.348796844482422,2.7034661769866943,4.283549785614014,29.914283752441406,3.9264302253723145
1350.0,19.92048454284668,2.743663787841797,4.4632368087768555,31.21556854248047,3.3554739952087402
1351.0,18.09682273864746,2.6577091217041016,4.254035949707031,30.236236572265625,3.627917528152466
1352.0,22.716466903686523,3.0838136672973633,4.76617956161499,29.06822967529297,3.661318063735962
1353.0,18.21323013305664,2.724749803543091,4.267695903778076,30.199691772460938,4.883021354675293
1354.0,16.346288681030273,2.4176459312438965,4.043054580688477,30.48040008544922,3.238068103790283
1355.0,23.345735549926758,3.1142807006835938,4.831742286682129,30.735877990722656,3.95512056350708
1356.0,19.012563705444336,2.970306634902954,4.360339641571045,29.31037139892578,4.630622863769531
1357.0,20.411466598510742,2.9379959106445312,4.517905235290527,31.38770294189453,5.89193868637085
1358.0,18.13060188293457,2.7491843700408936,4.258004665374756,29.941734313964844,3.823087692260742
1359.0,17.440458297729492,2.7684714794158936,4.176177501678467,29.58708953857422,4.516346454620361
1360.0,18.00908660888672,2.614896774291992,4.243711471557617,30.188308715820312,3.6095473766326904
1361.0,16.17774772644043,2.498028516769409,4.022157192230225,28.977638244628906,3.4443790912628174
1362.0,24.175783157348633,3.2627182006835938,4.9168877601623535,30.974082946777344,5.716945648193359
1363.0,18.22068214416504,2.7883036136627197,4.268568992614746,29.096580505371094,3.8011744022369385
1364.0,18.36052131652832,2.627020835876465,4.284917831420898,29.627914428710938,3.3255386352539062
1365.0,16.938779830932617,2.555934190750122,4.11567497253418,29.82817840576172,3.342855453491211
1366.0,16.21734046936035,2.3887624740600586,4.02707576751709,30.496070861816406,3.1868410110473633
1367.0,20.930557250976562,3.0773322582244873,4.574992656707764,30.71057891845703,4.841839790344238
1368.0,22.955102920532227,3.259082555770874,4.7911481857299805,32.04944610595703,6.152605056762695
1369.0,19.264013290405273,2.772329568862915,4.3890790939331055,29.83106231689453,3.5322248935699463
1370.0,21.783340454101562,3.5065410137176514,4.667262554168701,27.48308563232422,6.539865493774414
1371.0,21.719953536987305,2.885411024093628,4.660467147827148,31.411285400390625,3.6625261306762695
1372.0,18.789505004882812,2.864866256713867,4.334686279296875,29.611228942871094,4.136407852172852
1373.0,18.385417938232422,2.615016222000122,4.287822246551514,29.47803497314453,3.3780019283294678
1374.0,16.885168075561523,2.4982640743255615,4.109156608581543,30.56604766845703,3.559628486633301
1375.0,17.767120361328125,2.5450379848480225,4.215106010437012,29.959739685058594,3.4792020320892334
1376.0,16.745948791503906,2.5462486743927,4.092181205749512,29.32154083251953,3.5584707260131836
1377.0,18.08795166015625,2.442774534225464,4.252993106842041,31.187767028808594,3.1695656776428223
1378.0,17.500661849975586,2.7658472061157227,4.183379173278809,29.60840606689453,3.980929374694824
1379.0,17.263633728027344,2.555330514907837,4.1549530029296875,30.69658660888672,3.394803047180176
1380.0,18.12327766418457,2.6672213077545166,4.257144451141357,29.93853759765625,4.514106750488281
1381.0,20.09470558166504,3.2023351192474365,4.4827117919921875,28.272972106933594,4.808282852172852
1382.0,21.99361228942871,3.0891034603118896,4.689734935760498,31.739891052246094,4.242832660675049
1383.0,18.174240112304688,2.7361137866973877,4.263125419616699,29.78089141845703,3.6458044052124023
1384.0,20.318334579467773,3.1027824878692627,4.507586479187012,29.18170928955078,4.518136501312256
1385.0,17.64081382751465,2.594637632369995,4.20009708404541,29.98387908935547,3.7094459533691406
1386.0,18.512662887573242,2.7567014694213867,4.302634239196777,30.11943817138672,4.557528972625732
1387.0,17.67760467529297,2.6165130138397217,4.204474449157715,30.841873168945312,3.3515050411224365
1388.0,18.748212814331055,2.6784074306488037,4.329920768737793,31.076431274414062,4.246270179748535
1389.0,18.001874923706055,2.800183057785034,4.242861747741699,28.661033630371094,4.607463836669922
1390.0,23.276254653930664,3.1221864223480225,4.824547290802002,31.587318420410156,4.476199150085449
1391.0,16.58543586730957,2.408909559249878,4.072522163391113,29.914649963378906,3.229774236679077
1392.0,16.21795654296875,2.315171241760254,4.0271525382995605,30.68981170654297,3.2009739875793457
1393.0,20.19390296936035,3.1809380054473877,4.493762493133545,28.223533630371094,4.305191516876221
1394.0,18.611759185791016,2.808497428894043,4.31413459777832,29.02941131591797,3.56856107711792
1395.0,19.947599411010742,2.9886398315429688,4.466273784637451,30.208328247070312,4.1178178787231445
1396.0,23.660316467285156,3.28570556640625,4.864187240600586,32.232994079589844,6.6933417320251465
1397.0,17.447669982910156,2.4929583072662354,4.177041053771973,30.33019256591797,3.2991719245910645
1398.0,19.465641021728516,3.0329430103302,4.411988258361816,29.367919921875,4.72310209274292
1399.0,17.873046875,2.5036020278930664,4.227652549743652,30.949783325195312,3.156529426574707
1400.0,16.94196891784668,2.4632890224456787,4.116062164306641,30.66759490966797,3.679378032684326
1401.0,21.34807014465332,2.9439258575439453,4.620397090911865,30.104812622070312,3.8749773502349854
1402.0,19.972505569458008,2.8865673542022705,4.469060897827148,30.03290557861328,3.748660087585449
1403.0,17.67399024963379,2.5645132064819336,4.204044342041016,30.58338165283203,3.5273079872131348
1404.0,18.46900749206543,2.6644866466522217,4.297558307647705,29.47154998779297,3.372262477874756
1405.0,17.774938583374023,2.815016508102417,4.216033458709717,28.901893615722656,4.193155288696289
1406.0,23.8951416015625,3.399994134902954,4.888265609741211,28.291114807128906,4.306955814361572
1407.0,21.324129104614258,2.9543848037719727,4.617805480957031,31.5833740234375,4.914299964904785
1408.0,18.727468490600586,2.821661949157715,4.327524662017822,30.20307159423828,4.157443046569824
1409.0,19.22990608215332,3.141106367111206,4.385191917419434,27.870628356933594,6.058305740356445
1410.0,17.981531143188477,2.6544740200042725,4.240463733673096,29.900619506835938,3.6465201377868652
1411.0,21.570167541503906,2.837705373764038,4.644369602203369,30.66582489013672,3.5114943981170654
1412.0,17.042512893676758,2.4801266193389893,4.128257751464844,30.035415649414062,3.201547622680664
1413.0,23.58635711669922,3.250483274459839,4.856578826904297,29.688392639160156,5.262094497680664
1414.0,16.962646484375,2.5251882076263428,4.118573188781738,29.846588134765625,3.355207920074463
1415.0,19.3159236907959,2.745215654373169,4.394988536834717,29.72711181640625,3.5039260387420654
1416.0,18.026521682739258,2.591481924057007,4.245765209197998,30.581222534179688,3.400960922241211
1417.0,18.964635848999023,3.0092830657958984,4.354840278625488,29.40821075439453,4.572846412658691
1418.0,18.04998779296875,2.5371553897857666,4.248527526855469,31.955856323242188,3.922152042388916
1419.0,20.070215225219727,2.8487727642059326,4.479979515075684,30.004112243652344,4.398162364959717
1420.0,17.75670051574707,2.5982398986816406,4.213870048522949,29.70185089111328,3.348757743835449
1421.0,21.406381607055664,3.29093861579895,4.626703262329102,29.79259490966797,5.336885452270508
1422.0,19.20379066467285,3.0172336101531982,4.382213115692139,29.177459716796875,4.563755035400391
1423.0,16.498746871948242,2.507629156112671,4.061864852905273,29.56841278076172,3.592348098754883
1424.0,21.295028686523438,3.124150514602661,4.614653587341309,29.521812438964844,4.3615264892578125
1425.0,20.213533401489258,2.827228546142578,4.495946407318115,31.962669372558594,4.086994647979736
1426.0,21.524953842163086,3.3456223011016846,4.639499187469482,27.982894897460938,5.763386249542236
1427.0,17.35095977783203,2.5245919227600098,4.165448188781738,29.08948516845703,3.3330905437469482
1428.0,15.793366432189941,2.2724392414093018,3.9740867614746094,29.72118377685547,3.1398589611053467
1429.0,17.830427169799805,2.750713586807251,4.222609043121338,29.501785278320312,4.134271144866943
1430.0,21.228958129882812,3.0092716217041016,4.607489585876465,32.24005889892578,6.229173183441162
1431.0,23.185142517089844,3.1821987628936768,4.8150954246521,32.22892761230469,4.160855770111084
1432.0,19.364591598510742,2.803194046020508,4.400521755218506,29.56897735595703,4.160483360290527
1433.0,19.89533805847168,2.7759323120117188,4.460419178009033,31.72270965576172,4.1303558349609375
1434.0,18.094717025756836,2.7067368030548096,4.253788471221924,30.373741149902344,4.022385120391846
1435.0,20.357236862182617,2.9692752361297607,4.511899471282959,28.70203399658203,3.723144054412842
1436.0,20.95442008972168,2.965153455734253,4.577600002288818,29.673477172851562,3.9630861282348633
1437.0,22.14613914489746,3.081080198287964,4.705968379974365,29.463096618652344,4.261790752410889
1438.0,24.647201538085938,3.200206756591797,4.964594841003418,29.048545837402344,3.7450497150421143
1439.0,21.288114547729492,3.4953339099884033,4.6139044761657715,27.42462921142578,5.5109429359436035
1440.0,16.331775665283203,2.3958866596221924,4.041259288787842,30.138290405273438,3.2868340015411377
1441.0,20.585176467895508,2.982607841491699,4.537088871002197,30.734024047851562,5.258670330047607
1442.0,18.267370223999023,2.5515637397766113,4.27403450012207,30.593849182128906,3.287379741668701
1443.0,26.513280868530273,3.7782347202301025,5.149105072021484,27.765220642089844,7.1847944259643555
1444.0,21.23588752746582,2.850971221923828,4.608241081237793,31.17182159423828,3.5857927799224854
1445.0,17.550392150878906,2.4608452320098877,4.189318656921387,30.34453582763672,3.242450475692749
1446.0,16.445646286010742,2.450594186782837,4.055323123931885,29.281761169433594,3.6020565032958984
1447.0,16.9035587310791,2.495979070663452,4.111393928527832,29.598464965820312,3.3329551219940186
1448.0,21.20903968811035,3.0074031352996826,4.605327129364014,29.84331512451172,3.745224952697754
1449.0,17.38237762451172,2.5156056880950928,4.169218063354492,30.360626220703125,3.395289659500122
1450.0,19.301624298095703,2.7452564239501953,4.393361568450928,30.286231994628906,3.567208766937256
1451.0,18.184635162353516,2.613783121109009,4.264344692230225,31.248397827148438,3.7043769359588623
1452.0,19.982515335083008,2.8107712268829346,4.470180511474609,31.384811401367188,3.5503108501434326
1453.0,18.349088668823242,2.643730878829956,4.283583641052246,31.112342834472656,4.899991512298584
1454.0,27.481971740722656,3.691446304321289,5.2423248291015625,29.625511169433594,4.644190788269043
1455.0,24.28624725341797,3.390291452407837,4.928107738494873,31.549217224121094,6.2746262550354
1456.0,16.690122604370117,2.423003911972046,4.085354804992676,30.421043395996094,3.338850975036621
1457.0,18.617277145385742,2.726329803466797,4.314774513244629,31.1265869140625,4.712587356567383
1458.0,16.795751571655273,2.379117965698242,4.098261833190918,30.895004272460938,3.4327950477600098
1459.0,20.78160858154297,2.9873247146606445,4.558684825897217,29.76445770263672,4.0839715003967285
1460.0,18.697607040405273,2.6048812866210938,4.32407283782959,30.913970947265625,3.182288646697998
1461.0,16.43352699279785,2.4058916568756104,4.053828716278076,30.354721069335938,3.230329990386963
1462.0,18.539777755737305,2.6762325763702393,4.305784225463867,30.35558319091797,3.483644962310791
1463.0,23.933778762817383,3.7663586139678955,4.892216205596924,27.926116943359375,7.404232978820801
1464.0,25.54143714904785,3.2454986572265625,5.053853511810303,31.07068634033203,4.111246585845947
1465.0,17.18828010559082,2.618304491043091,4.145874977111816,29.209129333496094,4.045379161834717
1466.0,17.775358200073242,2.6426615715026855,4.21608304977417,28.778533935546875,3.515231132507324
1467.0,21.680784225463867,3.0379600524902344,4.6562628746032715,30.489944458007812,4.744513511657715
1468.0,19.934568405151367,2.9706108570098877,4.46481466293335,30.932884216308594,5.143240451812744
1469.0,16.51116943359375,2.4762380123138428,4.063394069671631,29.493385314941406,3.6183316707611084
1470.0,19.830318450927734,2.7687671184539795,4.453124523162842,30.415084838867188,3.5119566917419434
1471.0,20.994224548339844,3.3040921688079834,4.581945419311523,27.30744171142578,5.7152791023254395
1472.0,19.559295654296875,2.936941146850586,4.422589302062988,29.88957977294922,4.201321125030518
1473.0,18.10282325744629,2.7005817890167236,4.254741191864014,29.292999267578125,3.5342936515808105
1474.0,18.3380184173584,2.579763650894165,4.282291412353516,30.341171264648438,3.2848775386810303
1475.0,16.310516357421875,2.3916215896606445,4.038628101348877,29.72380828857422,3.2453055381774902
1476.0,16.729982376098633,2.5373919010162354,4.0902299880981445,29.647560119628906,3.421617031097412
1477.0,20.448148727416992,2.958177328109741,4.521963119506836,28.674095153808594,3.7010703086853027
1478.0,20.50803565979004,3.023045778274536,4.5285797119140625,29.78656005859375,3.911015510559082
1479.0,17.753904342651367,2.593339443206787,4.21353816986084,29.54297637939453,3.553926944732666
1480.0,16.928953170776367,2.5786917209625244,4.114480972290039,29.367477416992188,3.394202470779419
1481.0,23.291479110717773,3.2630977630615234,4.826124668121338,32.10291290283203,5.368362903594971
1482.0,18.966073989868164,2.694417715072632,4.355005741119385,31.422035217285156,3.486392021179199
1483.0,18.33806800842285,2.912368059158325,4.282297134399414,27.82623291015625,4.93294620513916
1484.0,17.195093154907227,2.5287539958953857,4.1466965675354,28.558448791503906,3.3515994548797607
1485.0,17.159399032592773,2.5225884914398193,4.142390727996826,29.688880920410156,3.296395778656006
1486.0,20.19171142578125,2.925760507583618,4.493518829345703,29.388320922851562,4.252150535583496
1487.0,17.02579689025879,2.626453161239624,4.126232624053955,28.917030334472656,3.538175344467163
1488.0,19.881662368774414,2.78633189201355,4.458885669708252,30.82579803466797,3.7441964149475098
1489.0,20.32114601135254,3.0652658939361572,4.507898330688477,29.370704650878906,4.4107794761657715
1490.0,16.34427261352539,2.4673023223876953,4.042805194854736,28.837539672851562,3.3295202255249023
1491.0,17.535341262817383,2.593668222427368,4.187521934509277,29.416152954101562,3.511497735977173
1492.0,19.53813362121582,2.9529125690460205,4.420196056365967,28.375816345214844,4.329424858093262
1493.0,19.022531509399414,3.109471321105957,4.361482620239258,28.54779815673828,5.665637493133545
1494.0,21.31215476989746,3.0296266078948975,4.616508960723877,31.01049041748047,5.54578161239624
1495.0,16.600820541381836,2.479367733001709,4.074410438537598,29.43463897705078,3.295741558074951
1496.0,22.641183853149414,3.680663824081421,4.758275508880615,27.45293426513672,6.062471389770508
1497.0,19.032052993774414,2.6437735557556152,4.362574100494385,31.04625701904297,3.438321828842163
1498.0,18.406156539916992,2.8039000034332275,4.2902398109436035,28.709091186523438,3.5801820755004883
1499.0,16.164142608642578,2.4464714527130127,4.02046537399292,29.562950134277344,3.3369176387786865
1500.0,16.108783721923828,2.365661859512329,4.013575077056885,30.046463012695312,3.123643398284912
1501.0,18.38402557373047,2.732231855392456,4.287659645080566,28.320709228515625,3.6665279865264893
1502.0,23.19591522216797,3.5618278980255127,4.816213607788086,28.090003967285156,6.921224117279053
1503.0,17.736616134643555,2.852689743041992,4.211486339569092,28.267662048339844,4.35819149017334
1504.0,18.992713928222656,2.7872707843780518,4.358063220977783,29.523765563964844,4.253139972686768
1505.0,22.19728660583496,3.353424310684204,4.711399555206299,29.50708770751953,5.455860137939453
1506.0,15.824504852294922,2.3000855445861816,3.9780025482177734,29.653846740722656,3.1106085777282715
1507.0,17.214677810668945,2.5364980697631836,4.149057388305664,30.06927490234375,3.225177049636841
1508.0,19.06753921508789,2.790260076522827,4.366639137268066,30.711135864257812,4.015110492706299
1509.0,19.34624671936035,2.8738391399383545,4.398437023162842,29.243614196777344,4.095263957977295
1510.0,18.21528434753418,2.7123146057128906,4.267936706542969,29.168251037597656,3.7059590816497803
1511.0,20.724590301513672,2.952787399291992,4.552426815032959,29.023880004882812,3.9733502864837646
1512.0,17.660991668701172,2.6326515674591064,4.202498435974121,28.131378173828125,3.556999921798706
1513.0,19.591577529907227,2.7964608669281006,4.4262375831604,30.00756072998047,3.494852304458618
1514.0,16.759977340698242,2.6175522804260254,4.093894958496094,28.643875122070312,3.7326958179473877
1515.0,20.572080612182617,2.8925812244415283,4.535645484924316,31.122474670410156,4.359201908111572
1516.0,17.813112258911133,2.6225907802581787,4.220558166503906,29.868309020996094,3.6300554275512695
1517.0,20.36860466003418,3.2946557998657227,4.513159275054932,28.119850158691406,4.954343795776367
1518.0,18.43158531188965,2.752034902572632,4.2932024002075195,29.133338928222656,4.035371780395508
1519.0,26.428773880004883,3.6593921184539795,5.140892505645752,27.891990661621094,5.48981237411499
1520.0,17.850046157836914,2.564373016357422,4.224931716918945,29.137771606445312,3.4158565998077393
1521.0,18.056825637817383,2.784851312637329,4.249332427978516,28.927589416503906,3.6812078952789307
1522.0,16.027849197387695,2.4095914363861084,4.003479480743408,29.79875946044922,3.3133528232574463
1523.0,15.78653335571289,2.3517508506774902,3.973227024078369,29.30052947998047,3.3679778575897217
1524.0,18.6317081451416,2.683382749557495,4.316446304321289,30.574440002441406,4.4815497398376465
1525.0,16.856857299804688,2.668553113937378,4.105710506439209,29.438697814941406,4.338230609893799
1526.0,17.69798469543457,2.550074338912964,4.206897258758545,31.113365173339844,4.279211044311523
1527.0,19.2056941986084,2.7822742462158203,4.382430076599121,29.496566772460938,3.7645955085754395
1528.0,30.297887802124023,4.487464427947998,5.504351615905762,27.18285369873047,7.724784851074219
1529.0,33.724430084228516,4.188523769378662,5.807273864746094,28.762496948242188,4.749304294586182
1530.0,19.328144073486328,2.7724201679229736,4.396378517150879,31.8231201171875,4.3497819900512695
1531.0,26.30263328552246,4.077575206756592,5.1286091804504395,28.078536987304688,6.567338943481445
1532.0,17.054664611816406,2.5406494140625,4.129729270935059,29.51685333251953,3.7072789669036865
1533.0,19.863481521606445,3.335007905960083,4.456846714019775,27.504150390625,6.028980255126953
1534.0,17.836448669433594,2.552921772003174,4.223321914672852,30.829124450683594,3.6003854274749756
1535.0,16.904447555541992,2.487423896789551,4.111501693725586,30.09363555908203,3.2836313247680664
1536.0,27.460824966430664,3.6564972400665283,5.240307807922363,27.43292999267578,4.640212535858154
1537.0,16.738134384155273,2.402592897415161,4.091226577758789,29.97722625732422,3.4387309551239014
1538.0,15.645333290100098,2.3110997676849365,3.955418109893799,29.845245361328125,3.1815335750579834
1539.0,15.961052894592285,2.3467390537261963,3.995128631591797,30.05492401123047,3.134791851043701
1540.0,24.858068466186523,3.675936460494995,4.985786437988281,27.606361389160156,5.249659538269043
1541.0,17.046768188476562,2.5164613723754883,4.128773212432861,29.186561584472656,3.743663787841797
1542.0,17.470191955566406,2.5776174068450928,4.1797356605529785,29.800674438476562,3.4002397060394287
1543.0,18.339658737182617,2.821380853652954,4.282482624053955,29.01104736328125,3.8053653240203857
1544.0,16.69759178161621,2.452867269515991,4.086268901824951,30.202316284179688,3.325058937072754
1545.0,19.56077003479004,2.971285581588745,4.422755718231201,28.51416015625,4.088682174682617
1546.0,22.19952392578125,2.9665520191192627,4.711637020111084,29.571434020996094,3.616713047027588
1547.0,18.25690460205078,2.743921995162964,4.272809982299805,29.066314697265625,3.472073793411255
1548.0,21.465965270996094,3.065518617630005,4.6331377029418945,31.610023498535156,5.705052375793457
1549.0,18.003307342529297,2.754213571548462,4.243030548095703,28.28997802734375,3.9660110473632812
1550.0,19.48295783996582,2.731757879257202,4.413950443267822,30.82269287109375,3.2683987617492676
1551.0,16.081266403198242,2.481548547744751,4.010145664215088,28.699569702148438,3.5587425231933594
1552.0,16.365327835083008,2.389960527420044,4.045408248901367,29.691787719726562,3.377870559692383
1553.0,22.086973190307617,2.9449682235717773,4.69967794418335,28.99932098388672,3.5845582485198975
1554.0,16.415868759155273,2.5382559299468994,4.051650047302246,28.704330444335938,3.69880747795105
1555.0,18.44740104675293,3.006767988204956,4.2950439453125,28.405288696289062,4.7413411140441895
1556.0,18.422304153442383,2.6679232120513916,4.292120933532715,29.30010223388672,3.5291056632995605
1557.0,19.549381256103516,2.798719644546509,4.421468257904053,29.779701232910156,4.053354263305664
1558.0,19.234451293945312,2.7518584728240967,4.385709762573242,31.436439514160156,3.9159867763519287
1559.0,17.20612335205078,2.525303602218628,4.148026466369629,30.042259216308594,4.409090042114258
1560.0,19.279993057250977,2.920586347579956,4.390898704528809,28.648353576660156,5.269901275634766
1561.0,16.15030860900879,2.357682466506958,4.018744468688965,29.727813720703125,3.141080141067505
1562.0,16.62755584716797,2.620438814163208,4.077690124511719,27.920150756835938,4.258340835571289
1563.0,21.23259735107422,3.098468780517578,4.607884407043457,27.89458465576172,5.117382526397705
1564.0,19.191682815551758,2.7707223892211914,4.380831241607666,29.383621215820312,3.9031636714935303
1565.0,18.39315414428711,2.7131035327911377,4.288723945617676,29.396759033203125,3.502479076385498
1566.0,18.57594108581543,2.7408182621002197,4.309981346130371,28.946121215820312,3.442375421524048
1567.0,17.948415756225586,2.7325737476348877,4.2365570068359375,29.266685485839844,3.6068921089172363
1568.0,17.931438446044922,2.7671806812286377,4.23455286026001,28.527671813964844,4.311291694641113
1569.0,22.69102668762207,3.246767997741699,4.763509750366211,28.883827209472656,5.180924892425537
1570.0,16.766721725463867,2.6075098514556885,4.094718933105469,28.37297821044922,3.7266488075256348
1571.0,18.03657341003418,2.560370683670044,4.246948719024658,30.27521514892578,3.176903009414673
1572.0,17.386329650878906,2.6063907146453857,4.169691562652588,29.844581604003906,3.435314893722534
1573.0,17.696252822875977,2.786923408508301,4.206691265106201,29.125030517578125,3.881765604019165
1574.0,18.16094970703125,2.69323992729187,4.261566638946533,28.81390380859375,3.782623291015625
1575.0,17.0479679107666,2.7676026821136475,4.128918647766113,28.10340118408203,4.878966808319092
1576.0,16.849594116210938,2.4776740074157715,4.104825496673584,29.464370727539062,3.2180933952331543
1577.0,16.841636657714844,2.671393632888794,4.103856086730957,28.090225219726562,4.270315170288086
1578.0,17.09541893005371,2.7761690616607666,4.134660720825195,28.02130889892578,4.072663307189941
1579.0,15.915184020996094,2.4320173263549805,3.9893839359283447,29.202438354492188,3.5533688068389893
1580.0,20.635683059692383,3.093658685684204,4.542651653289795,28.77923583984375,3.85097074508667
1581.0,18.47523307800293,2.6407477855682373,4.298282623291016,29.868629455566406,3.4847874641418457
1582.0,21.445533752441406,3.361345052719116,4.630932331085205,27.17931365966797,5.942728042602539
1583.0,18.62803077697754,2.837104082107544,4.3160200119018555,28.810455322265625,3.652714490890503
1584.0,21.894302368164062,3.066495656967163,4.679134845733643,29.76806640625,4.683899879455566
1585.0,16.46438217163086,2.5612246990203857,4.0576324462890625,28.957504272460938,4.056658744812012
1586.0,16.89258575439453,2.574559211730957,4.1100592613220215,28.49170684814453,3.4966881275177
1587.0,17.12451171875,2.477764129638672,4.138177394866943,29.090011596679688,3.1996045112609863
1588.0,16.154165267944336,2.3612446784973145,4.019224643707275,29.3326416015625,3.1096720695495605
1589.0,21.30876350402832,2.93387770652771,4.6161417961120605,29.8790283203125,3.662184953689575
1590.0,18.421648025512695,2.75058650970459,4.292044639587402,29.939414978027344,3.7060043811798096
1591.0,18.366933822631836,2.9835011959075928,4.285665988922119,27.69568634033203,5.353160381317139
1592.0,19.2137393951416,2.619938611984253,4.383347988128662,32.314598083496094,3.323709487915039
1593.0,16.402202606201172,2.6001148223876953,4.049963474273682,28.445693969726562,4.159749984741211
1594.0,20.95537757873535,3.0549938678741455,4.577704429626465,30.2294921875,5.000035762786865
1595.0,17.538129806518555,2.4797146320343018,4.187855243682861,29.85045623779297,3.396246910095215
1596.0,19.659170150756836,2.826709032058716,4.433866500854492,28.795501708984375,4.103605270385742
1597.0,16.907793045043945,2.699960708618164,4.111908912658691,27.36463165283203,3.873964786529541
1598.0,18.714418411254883,2.698699712753296,4.326016426086426,29.943641662597656,3.619676351547241
1599.0,15.819385528564453,2.3618671894073486,3.9773590564727783,29.099349975585938,3.1313135623931885
1600.0,16.947526931762695,2.6046457290649414,4.116737365722656,28.482421875,3.6182072162628174
1601.0,16.5240421295166,2.3742895126342773,4.064977645874023,30.117843627929688,3.545530080795288
1602.0,20.290739059448242,2.85962176322937,4.504524230957031,29.906593322753906,3.706106662750244
1603.0,17.215829849243164,2.5759191513061523,4.149196147918701,28.58867645263672,3.3741462230682373
1604.0,19.16202735900879,2.9570257663726807,4.377445220947266,28.329742431640625,3.9503390789031982
1605.0,20.22010040283203,2.816265821456909,4.496676445007324,30.557579040527344,3.6259102821350098
1606.0,16.26994514465332,2.537222385406494,4.033602237701416,28.1666259765625,3.5442869663238525
1607.0,16.282182693481445,2.4353086948394775,4.035118579864502,29.38782501220703,3.786576509475708
1608.0,19.398189544677734,3.0285332202911377,4.404337406158447,28.27698516845703,5.009001731872559
1609.0,16.914098739624023,2.565974473953247,4.112675189971924,28.852188110351562,3.437617778778076
1610.0,16.176116943359375,2.387208938598633,4.021954536437988,28.835418701171875,3.235492467880249
1611.0,17.361865997314453,2.5601818561553955,4.166757106781006,30.076881408691406,4.2218017578125
1612.0,18.32320785522461,2.582296133041382,4.280561447143555,29.838233947753906,3.2478883266448975
1613.0,23.156991958618164,3.087876081466675,4.812171459197998,31.25133514404297,3.8040761947631836
1614.0,22.179048538208008,3.198413133621216,4.709463596343994,28.695205688476562,3.95196795463562
1615.0,17.28426170349121,2.79998517036438,4.157434463500977,27.81769561767578,4.627976894378662
1616.0,18.648643493652344,2.8792436122894287,4.3184075355529785,27.70777130126953,3.8189382553100586
1617.0,25.02506446838379,3.4792869091033936,5.002505779266357,29.29077911376953,5.109625816345215
1618.0,19.083215713500977,3.076728582382202,4.368433952331543,28.21416473388672,5.436346054077148
1619.0,19.275793075561523,2.795076370239258,4.390420436859131,29.716087341308594,3.705268621444702
1620.0,19.799087524414062,2.826028823852539,4.449616432189941,29.373069763183594,3.808642625808716
1621.0,19.46419906616211,2.919975519180298,4.411824703216553,28.047630310058594,4.034575939178467
1622.0,17.214160919189453,2.647038698196411,4.148995399475098,28.335006713867188,3.919510841369629
1623.0,18.376707077026367,2.6037871837615967,4.286806106567383,28.857986450195312,3.347442626953125
1624.0,16.34309959411621,2.482239246368408,4.042659759521484,30.16321563720703,3.359009027481079
1625.0,17.347766876220703,2.5032451152801514,4.165065288543701,30.355567932128906,3.384934663772583
1626.0,21.741493225097656,3.4987475872039795,4.662777423858643,26.543563842773438,6.8408002853393555
1627.0,17.96795654296875,2.692439079284668,4.23886251449585,28.43932342529297,3.6046247482299805
1628.0,18.118131637573242,2.6187479496002197,4.256539821624756,30.714637756347656,3.731323480606079
1629.0,22.54583168029785,3.1610171794891357,4.7482452392578125,30.09033203125,4.533366680145264
1630.0,18.33709144592285,2.626108169555664,4.2821831703186035,29.901329040527344,3.7497634887695312
1631.0,16.96759605407715,2.6019389629364014,4.119174003601074,28.659194946289062,3.7963922023773193
1632.0,16.186120986938477,2.3656129837036133,4.023197650909424,29.461952209472656,3.23245906829834
1633.0,17.45795249938965,2.564434051513672,4.178271293640137,30.58142852783203,4.308281421661377
1634.0,19.655641555786133,2.8598549365997314,4.433468341827393,29.7559814453125,4.430449962615967
1635.0,18.674657821655273,2.717583656311035,4.321418285369873,28.749282836914062,3.711246967315674
1636.0,21.159080505371094,3.040278673171997,4.599900245666504,29.81664276123047,5.184578895568848
1637.0,17.59725570678711,2.586108684539795,4.194908142089844,28.381858825683594,3.3705081939697266
1638.0,16.36604118347168,2.3479092121124268,4.045496463775635,29.34833526611328,3.120604991912842
1639.0,16.575176239013672,2.5528323650360107,4.071262359619141,28.445167541503906,3.494476795196533
1640.0,17.130544662475586,2.5173346996307373,4.138906002044678,29.574302673339844,4.106770992279053
1641.0,20.695629119873047,3.3642590045928955,4.5492448806762695,27.121559143066406,6.524249076843262
1642.0,17.629894256591797,2.7017250061035156,4.19879674911499,27.79999542236328,3.6178555488586426
1643.0,18.389902114868164,2.586162805557251,4.288344860076904,29.579185485839844,3.2769718170166016
1644.0,18.07356834411621,2.785914659500122,4.2513017654418945,28.384864807128906,3.8182687759399414
1645.0,21.488813400268555,3.0279922485351562,4.635602951049805,30.031700134277344,4.915102005004883
1646.0,21.59317970275879,3.522676706314087,4.646846294403076,27.85137939453125,5.722834587097168
1647.0,19.929723739624023,2.9812774658203125,4.4642720222473145,30.092445373535156,3.964998960494995
1648.0,17.35309600830078,2.496624708175659,4.165704727172852,30.422119140625,4.035183906555176
1649.0,16.141416549682617,2.402493476867676,4.017638206481934,29.22399139404297,3.547407627105713
1650.0,18.404882431030273,2.8172340393066406,4.290091037750244,28.967880249023438,3.8728621006011963
1651.0,17.38691520690918,2.534381628036499,4.169762134552002,30.416099548339844,4.112355709075928
1652.0,18.277132034301758,2.657437562942505,4.275176048278809,29.978599548339844,4.03813362121582
1653.0,16.545047760009766,2.4802792072296143,4.067560195922852,28.67516326904297,3.6090567111968994
1654.0,20.32769012451172,3.0069897174835205,4.508624076843262,29.702064514160156,4.1510009765625
1655.0,16.17039680480957,2.542412519454956,4.021243095397949,28.400405883789062,4.070365905761719
1656.0,18.665796279907227,2.623173475265503,4.320393085479736,29.167320251464844,3.3969621658325195
1657.0,22.12788963317871,3.489212989807129,4.704029083251953,27.441024780273438,7.586098670959473
1658.0,17.043575286865234,2.7027196884155273,4.128386497497559,28.232894897460938,4.0524983406066895
1659.0,19.094053268432617,3.1157495975494385,4.369674205780029,27.245155334472656,4.913475036621094
1660.0,24.43407440185547,3.233933210372925,4.9430832862854,29.33812713623047,3.650564432144165
1661.0,17.000158309936523,2.641981601715088,4.123124599456787,28.1094970703125,3.750540018081665
1662.0,17.538978576660156,2.743647813796997,4.1879563331604,27.369468688964844,4.293015480041504
1663.0,22.3111629486084,3.3304224014282227,4.723469257354736,28.447647094726562,4.248149871826172
1664.0,16.37028694152832,2.4149162769317627,4.046020984649658,28.89734649658203,3.2711689472198486
1665.0,18.593355178833008,2.8029754161834717,4.3120012283325195,28.879844665527344,3.60638689994812
1666.0,15.948468208312988,2.3877627849578857,3.993553400039673,29.114517211914062,3.4016196727752686
1667.0,21.06058692932129,3.119839668273926,4.589181423187256,28.43114471435547,3.8661983013153076
1668.0,17.8520450592041,2.5358951091766357,4.225168228149414,30.191917419433594,3.904583692550659
1669.0,16.57280158996582,2.4416439533233643,4.07097053527832,30.123672485351562,3.3671817779541016
1670.0,17.06702995300293,2.6258695125579834,4.131226062774658,27.968772888183594,3.4835045337677
1671.0,22.156911849975586,3.1977481842041016,4.707112789154053,31.833091735839844,6.0312724113464355
1672.0,20.734010696411133,3.093518018722534,4.55346155166626,27.200775146484375,4.280905246734619
1673.0,17.74639129638672,2.5054128170013428,4.212646484375,29.773643493652344,3.4143691062927246
1674.0,17.18001365661621,2.7309863567352295,4.144877910614014,27.892173767089844,4.089506149291992
1675.0,16.261808395385742,2.5138351917266846,4.032593250274658,28.26422882080078,3.520446300506592
1676.0,16.526138305664062,2.4266209602355957,4.065235137939453,29.076568603515625,3.541696071624756
1677.0,16.7596378326416,2.719775438308716,4.09385347366333,27.62506866455078,4.343545436859131
1678.0,18.511539459228516,2.6579198837280273,4.302504062652588,30.44892120361328,3.4021403789520264
1679.0,16.61522102355957,2.502976655960083,4.07617712020874,28.379844665527344,3.384047269821167
1680.0,18.500215530395508,2.710866928100586,4.301187515258789,30.205276489257812,4.799251079559326
1681.0,19.480960845947266,2.9411659240722656,4.413723945617676,28.306869506835938,3.674776792526245
1682.0,15.702064514160156,2.411776542663574,3.962583065032959,28.70478057861328,3.7364661693573
1683.0,17.48080825805664,2.5968639850616455,4.181005477905273,28.39910888671875,3.445176839828491
1684.0,22.26188850402832,3.2624104022979736,4.718250751495361,28.525123596191406,4.594142913818359
1685.0,17.250886917114258,2.729017972946167,4.15341854095459,28.103317260742188,4.107702255249023
1686.0,15.523167610168457,2.3090901374816895,3.9399452209472656,28.728477478027344,3.1133992671966553
1687.0,15.940205574035645,2.5063726902008057,3.992518663406372,27.570274353027344,3.5366270542144775
1688.0,15.41036605834961,2.285223960876465,3.9256038665771484,28.911376953125,3.080998659133911
1689.0,19.817960739135742,2.876005172729492,4.451736927032471,30.704185485839844,4.938904762268066
1690.0,16.323272705078125,2.491229772567749,4.0402069091796875,28.327468872070312,3.3887133598327637
1691.0,17.35594367980957,2.7913036346435547,4.166046619415283,27.84461212158203,4.357564926147461
1692.0,15.783866882324219,2.417360544204712,3.9728915691375732,28.41918182373047,3.26550555229187
1693.0,15.651093482971191,2.3186891078948975,3.956146240234375,28.651695251464844,3.1124002933502197
1694.0,15.628985404968262,2.366737127304077,3.9533512592315674,28.77472686767578,3.350219249725342
1695.0,18.74138069152832,2.9627017974853516,4.329131603240967,28.40856170654297,4.346704006195068
1696.0,20.7108097076416,3.0570566654205322,4.550912857055664,27.980499267578125,3.683074951171875
1697.0,20.556800842285156,3.0554416179656982,4.533960819244385,28.00652313232422,4.152585983276367
1698.0,15.71692943572998,2.4045159816741943,3.9644582271575928,28.004135131835938,3.671018362045288
1699.0,16.007909774780273,2.4799954891204834,4.000988483428955,28.427291870117188,3.3499228954315186
1700.0,20.344926834106445,3.2497854232788086,4.51053524017334,26.69837188720703,4.701510429382324
1701.0,21.39508628845215,3.1185302734375,4.625482082366943,30.57880401611328,5.878095626831055
1702.0,20.358186721801758,3.06784725189209,4.512004852294922,28.10540008544922,3.8660504817962646
1703.0,22.280776977539062,3.2469370365142822,4.720251560211182,30.84412384033203,5.747271537780762
1704.0,17.429397583007812,2.630180835723877,4.1748528480529785,29.229049682617188,3.5940136909484863
1705.0,28.009737014770508,3.9173946380615234,5.292422771453857,31.41565704345703,7.091805934906006
1706.0,19.769363403320312,2.847092866897583,4.446275234222412,31.09656524658203,5.467695236206055
1707.0,18.462060928344727,3.021923780441284,4.296750068664551,27.96795654296875,4.728980541229248
1708.0,18.780900955200195,2.7216575145721436,4.333693504333496,27.942794799804688,3.507042407989502
1709.0,27.140260696411133,4.088081359863281,5.209631443023682,25.695091247558594,8.27142333984375
1710.0,18.234243392944336,2.8961429595947266,4.270157337188721,27.641014099121094,4.122572898864746
1711.0,18.54518699645996,2.927332639694214,4.306412220001221,27.622886657714844,5.745856285095215
1712.0,17.229448318481445,2.7282350063323975,4.150836944580078,27.48834991455078,3.858109951019287
1713.0,18.207361221313477,3.0317211151123047,4.267008304595947,27.022857666015625,4.842767238616943
1714.0,15.87598705291748,2.3812992572784424,3.9844682216644287,28.357078552246094,3.1804327964782715
1715.0,16.390336990356445,2.3620598316192627,4.048498153686523,29.344703674316406,3.3538248538970947
1716.0,15.849453926086426,2.439652919769287,3.981137275695801,27.926475524902344,3.438422203063965
1717.0,18.145652770996094,2.687121629714966,4.259771347045898,29.010765075683594,3.6068921089172363
1718.0,15.656269073486328,2.2902820110321045,3.9568004608154297,29.23908233642578,3.2095987796783447
1719.0,16.36772346496582,2.6628270149230957,4.045704364776611,27.34564208984375,4.458666801452637
1720.0,19.50422477722168,2.7768304347991943,4.416358947753906,28.983291625976562,3.6560983657836914
1721.0,20.09137535095215,2.9232876300811768,4.482340335845947,28.47431182861328,3.8845584392547607
1722.0,17.92351531982422,2.729567766189575,4.233617305755615,27.818191528320312,3.4450604915618896
1723.0,17.16999626159668,2.5114405155181885,4.143669605255127,29.23511505126953,4.084278106689453
1724.0,15.840266227722168,2.3022687435150146,3.97998309135437,28.840713500976562,3.3672738075256348
1725.0,16.392854690551758,2.324347734451294,4.048809051513672,28.41107940673828,3.108743667602539
1726.0,16.62803077697754,2.4380686283111572,4.0777482986450195,29.01861572265625,3.093169689178467
1727.0,16.58470344543457,2.5143473148345947,4.072432041168213,28.434608459472656,3.669898509979248
1728.0,19.541736602783203,2.7478866577148438,4.4206037521362305,28.528099060058594,3.3840746879577637
1729.0,19.99070167541504,2.8387298583984375,4.471096038818359,28.92456817626953,3.640317916870117
1730.0,19.776262283325195,3.2689449787139893,4.447051048278809,26.648643493652344,5.157489776611328
1731.0,20.08523178100586,3.023059129714966,4.481655120849609,29.44617462158203,4.818191051483154
1732.0,20.158031463623047,2.916759729385376,4.489769458770752,30.959449768066406,4.222006797790527
1733.0,20.82505226135254,3.3068454265594482,4.56344747543335,27.408729553222656,4.853874683380127
1734.0,17.001108169555664,2.463730573654175,4.123239994049072,28.532135009765625,3.6508190631866455
1735.0,17.145231246948242,2.5698108673095703,4.140679836273193,28.8809814453125,3.512089967727661
1736.0,16.43059730529785,2.592447519302368,4.053467273712158,28.16547393798828,3.5129916667938232
1737.0,18.906103134155273,2.9545133113861084,4.348114967346191,27.875953674316406,4.233972549438477
1738.0,20.43526268005371,2.9281489849090576,4.520537853240967,27.559776306152344,3.84177565574646
1739.0,21.45989418029785,2.969921827316284,4.632482528686523,27.69377899169922,4.094662666320801
1740.0,15.928619384765625,2.4240775108337402,3.991067409515381,28.269859313964844,3.2226600646972656
1741.0,16.414852142333984,2.5437347888946533,4.051524639129639,27.98455810546875,3.420754909515381
1742.0,17.304607391357422,2.503652811050415,4.159880638122559,29.50267791748047,3.142199993133545
1743.0,18.228055953979492,2.8414764404296875,4.269432544708252,27.568023681640625,3.8076419830322266
1744.0,17.59488296508789,2.6439950466156006,4.194625377655029,27.678001403808594,3.9924840927124023
1745.0,18.816408157348633,2.9028995037078857,4.3377885818481445,27.837905883789062,4.153539657592773
1746.0,17.658706665039062,2.6823890209198,4.202226161956787,28.72943115234375,3.9689056873321533
1747.0,17.519453048706055,2.6218223571777344,4.185624599456787,27.66100311279297,3.4243743419647217
1748.0,19.67500114440918,2.889242172241211,4.4356513023376465,27.6080322265625,3.5771820545196533
1749.0,20.276771545410156,2.955030679702759,4.502973556518555,29.239479064941406,4.362961769104004
1750.0,18.41465950012207,2.791804552078247,4.29123067855835,29.136497497558594,3.884838581085205
1751.0,16.546165466308594,2.4074923992156982,4.067698001861572,28.837081909179688,3.208233118057251
1752.0,16.197900772094727,2.6409130096435547,4.024661540985107,27.34673309326172,3.961911678314209
1753.0,17.36064338684082,2.789109945297241,4.1666107177734375,27.699874877929688,4.857968807220459
1754.0,19.25486946105957,3.001990556716919,4.388037204742432,26.695274353027344,3.880199909210205
1755.0,17.23632049560547,2.655012607574463,4.151664733886719,28.0372314453125,3.8203630447387695
1756.0,16.493242263793945,2.412550210952759,4.061187267303467,27.969886779785156,3.3324599266052246
1757.0,15.569029808044434,2.36169695854187,3.94576096534729,28.58324432373047,3.271089792251587
1758.0,18.628782272338867,3.12207293510437,4.316107273101807,26.849884033203125,4.760228157043457
1759.0,22.27545166015625,3.0543079376220703,4.719687461853027,28.569534301757812,3.689810276031494
1760.0,20.683317184448242,3.218496084213257,4.547891616821289,27.81024169921875,4.872063159942627
1761.0,17.365625381469727,2.619623899459839,4.167208194732666,27.8621826171875,3.5728681087493896
1762.0,16.8955020904541,2.458887815475464,4.110414028167725,28.947547912597656,3.4916837215423584
1763.0,16.131650924682617,2.4016847610473633,4.016422748565674,27.82788848876953,3.207414150238037
1764.0,15.953160285949707,2.3109934329986572,3.994140863418579,29.38426971435547,3.1037087440490723
1765.0,15.366390228271484,2.3152053356170654,3.9199986457824707,28.16363525390625,3.1756625175476074
1766.0,19.768028259277344,2.8101041316986084,4.446125030517578,29.462722778320312,3.6873369216918945
1767.0,17.391828536987305,2.784045934677124,4.170351028442383,27.97563934326172,4.473707675933838
1768.0,22.188440322875977,3.2764880657196045,4.710460662841797,27.810272216796875,4.307132720947266
1769.0,18.918981552124023,2.82446026802063,4.349595546722412,27.600486755371094,3.5115764141082764
1770.0,17.951499938964844,2.591174364089966,4.2369208335876465,28.527976989746094,3.265899896621704
1771.0,22.338857650756836,3.5636608600616455,4.726399898529053,26.240463256835938,7.429907321929932
1772.0,17.351848602294922,2.767043352127075,4.165555000305176,27.935348510742188,4.207304000854492
1773.0,17.550806045532227,2.5997793674468994,4.18936824798584,28.761573791503906,3.3434863090515137
1774.0,16.581689834594727,2.557429313659668,4.072062015533447,27.90479278564453,3.673098564147949
1775.0,16.404541015625,2.4201855659484863,4.0502519607543945,28.94322967529297,3.2071475982666016
1776.0,16.355606079101562,2.3761508464813232,4.044206619262695,28.495040893554688,3.232701539993286
1777.0,18.72968864440918,2.9056026935577393,4.3277812004089355,28.110618591308594,4.432372570037842
1778.0,20.932546615600586,3.3326568603515625,4.575210094451904,25.622703552246094,6.577703475952148
1779.0,26.650480270385742,3.606541633605957,5.162410259246826,27.011680603027344,4.08537483215332
1780.0,20.760961532592773,2.871349573135376,4.556419849395752,30.07685089111328,3.751556634902954
1781.0,15.32756519317627,2.248544454574585,3.915043354034424,28.561744689941406,3.20855975151062
1782.0,17.098257064819336,2.5482513904571533,4.135004043579102,29.348785400390625,3.2643535137176514
1783.0,20.06198501586914,3.0883219242095947,4.479060649871826,27.557640075683594,5.9575653076171875
1784.0,17.15411949157715,2.6349034309387207,4.141753196716309,27.980201721191406,3.4640114307403564
1785.0,17.172386169433594,2.4131553173065186,4.143957614898682,28.38043212890625,3.143380880355835
1786.0,23.425018310546875,3.404611587524414,4.839940071105957,27.102516174316406,4.17834997177124
1787.0,19.975122451782227,3.2280588150024414,4.469353675842285,27.43938446044922,4.707004547119141
1788.0,17.850996017456055,2.5969583988189697,4.225043773651123,29.921791076660156,3.8753695487976074
1789.0,16.76390266418457,2.6618385314941406,4.094374656677246,27.17729949951172,4.398374557495117
1790.0,21.240890502929688,3.0503933429718018,4.608784198760986,25.77069854736328,4.080181121826172
1791.0,17.255292892456055,2.649204969406128,4.15394926071167,28.898399353027344,3.7562196254730225
1792.0,19.153196334838867,2.8376657962799072,4.376436710357666,27.864097595214844,3.8313229084014893
1793.0,20.923900604248047,3.0658206939697266,4.574265003204346,28.75237274169922,4.930306911468506
1794.0,18.06920623779297,2.588184356689453,4.250788688659668,28.87213897705078,3.2816052436828613
1795.0,21.195356369018555,3.341266393661499,4.603841304779053,26.09449005126953,6.055821895599365
1796.0,18.48719596862793,2.7690887451171875,4.299674034118652,27.511268615722656,4.090193271636963
1797.0,17.412431716918945,2.597524404525757,4.172820568084717,28.391616821289062,3.294956684112549
1798.0,15.923042297363281,2.360557794570923,3.990368604660034,28.53638458251953,3.1036882400512695
1799.0,16.66412925720215,2.668137788772583,4.08217191696167,27.666969299316406,3.746124029159546
1800.0,15.982373237609863,2.3382742404937744,3.997796058654785,28.617713928222656,3.0301852226257324
1801.0,17.097705841064453,2.5434391498565674,4.134937286376953,27.69219207763672,3.598226308822632
1802.0,17.081144332885742,2.434692144393921,4.132934093475342,28.516746520996094,3.2707977294921875
1803.0,16.39466667175293,2.3694140911102295,4.049032688140869,28.72801971435547,3.412626028060913
1804.0,21.56585693359375,3.2826988697052,4.643905162811279,26.33374786376953,5.494628429412842
1805.0,19.11676597595215,2.8604211807250977,4.372272491455078,27.102134704589844,3.6775965690612793
1806.0,17.97319221496582,2.694563865661621,4.239480018615723,27.39550018310547,3.486173152923584
1807.0,23.30985450744629,3.2088279724121094,4.828028202056885,29.178016662597656,4.546091079711914
1808.0,19.261964797973633,2.9652299880981445,4.388845443725586,27.926109313964844,4.054501533508301
1809.0,17.338232040405273,2.5612952709198,4.1639204025268555,27.41918182373047,3.5146701335906982
1810.0,15.558062553405762,2.4473023414611816,3.944370985031128,27.277694702148438,3.5511481761932373
1811.0,17.214250564575195,2.4922585487365723,4.149005889892578,28.74457550048828,3.189028739929199
1812.0,16.24472999572754,2.4697113037109375,4.03047513961792,26.75298309326172,3.34196138381958
1813.0,18.462717056274414,2.6071884632110596,4.296826362609863,28.24646759033203,3.4466776847839355
1814.0,19.436555862426758,2.9495346546173096,4.408690929412842,27.768272399902344,4.126704216003418
1815.0,16.586729049682617,2.4367921352386475,4.072680950164795,28.380271911621094,3.220085859298706
1816.0,16.6193790435791,2.398127317428589,4.076687335968018,28.12059783935547,3.0729005336761475
1817.0,16.303333282470703,2.568437337875366,4.037738800048828,27.591293334960938,3.4194018840789795
1818.0,19.794511795043945,2.9911298751831055,4.449102401733398,27.364120483398438,3.8164782524108887
1819.0,15.751416206359863,2.35162353515625,3.9688053131103516,28.416297912597656,3.266146421432495
1820.0,18.44284439086914,2.958327054977417,4.29451322555542,26.424453735351562,5.748407363891602
1821.0,16.354087829589844,2.605355739593506,4.044018745422363,27.194435119628906,3.7074737548828125
1822.0,17.941024780273438,2.5472164154052734,4.235684871673584,28.45610809326172,3.195063829421997
1823.0,16.784372329711914,2.574908494949341,4.0968732833862305,27.4842529296875,3.799372911453247
1824.0,16.01810073852539,2.3706135749816895,4.002262115478516,27.652549743652344,3.3114824295043945
1825.0,15.41899585723877,2.3404340744018555,3.9267029762268066,27.802528381347656,3.186187267303467
1826.0,16.314634323120117,2.4103124141693115,4.039137840270996,27.974708557128906,3.4253125190734863
1827.0,16.230070114135742,2.5587117671966553,4.028656005859375,27.800094604492188,3.475935459136963
1828.0,17.69498634338379,2.816251754760742,4.206541061401367,27.29833984375,4.120561599731445
1829.0,25.017911911010742,3.62817645072937,5.001791000366211,25.90674591064453,4.515765190124512
1830.0,19.617563247680664,2.950549840927124,4.429172039031982,27.023529052734375,3.6796212196350098
1831.0,15.475666046142578,2.2776811122894287,3.9339122772216797,28.515342712402344,3.036348581314087
1832.0,20.24220085144043,3.3375771045684814,4.499133110046387,25.660125732421875,5.199628829956055
1833.0,17.4447078704834,2.7251603603363037,4.1766862869262695,27.118331909179688,3.651242971420288
1834.0,19.5603084564209,2.790745496749878,4.422703742980957,28.102462768554688,3.4561681747436523
1835.0,18.5017147064209,2.6885592937469482,4.301362037658691,30.04071807861328,4.465022563934326
1836.0,16.427270889282227,2.417044162750244,4.0530571937561035,28.55358123779297,3.429428815841675
1837.0,18.99466896057129,2.9848220348358154,4.358287334442139,27.080078125,3.892242431640625
1838.0,16.510156631469727,2.472609043121338,4.063269138336182,28.318283081054688,4.119177341461182
1839.0,19.880584716796875,3.1709766387939453,4.458765029907227,26.379554748535156,4.849187850952148
1840.0,17.48841667175293,2.5797312259674072,4.181915283203125,28.40522003173828,3.4560699462890625
1841.0,18.610769271850586,3.0198090076446533,4.314020156860352,26.13861083984375,5.646877288818359
1842.0,16.660181045532227,2.6902644634246826,4.081688404083252,26.892257690429688,4.084756374359131
1843.0,17.487539291381836,2.7062923908233643,4.18181037902832,27.728111267089844,3.7304136753082275
1844.0,15.8355712890625,2.3238961696624756,3.979393243789673,27.91748046875,3.0555992126464844
1845.0,16.58884620666504,2.366727590560913,4.072940826416016,28.820510864257812,3.2442760467529297
1846.0,23.55957794189453,3.435744524002075,4.85382080078125,27.014793395996094,4.16119909286499
1847.0,28.069223403930664,3.489259719848633,5.298039436340332,30.546119689941406,3.9086952209472656
1848.0,16.979389190673828,2.7482922077178955,4.12060546875,28.091453552246094,4.821595668792725
1849.0,18.610830307006836,2.826122522354126,4.314027309417725,27.342071533203125,3.8692049980163574
1850.0,18.186689376831055,2.5189011096954346,4.264585494995117,28.978591918945312,3.2515275478363037
1851.0,15.554424285888672,2.456501007080078,3.9439098834991455,27.558494567871094,3.8211352825164795
1852.0,19.20088005065918,3.0608303546905518,4.381880760192871,25.592140197753906,4.967060565948486
1853.0,16.402135848999023,2.543501615524292,4.049954891204834,28.01354217529297,3.685858726501465
1854.0,16.618391036987305,2.6822474002838135,4.076566219329834,27.120506286621094,3.827122688293457
1855.0,16.009414672851562,2.483006715774536,4.001176834106445,27.575538635253906,3.413522720336914
1856.0,20.09562110900879,3.0040366649627686,4.482813835144043,27.39336395263672,3.9229226112365723
1857.0,19.491912841796875,2.814966917037964,4.41496467590332,28.729087829589844,4.296505928039551
1858.0,20.000259399414062,2.8380184173583984,4.472165107727051,29.19269561767578,3.7182435989379883
1859.0,21.65680503845215,3.459056854248047,4.653687477111816,26.073143005371094,7.45927619934082
1860.0,17.17975425720215,2.545255422592163,4.1448469161987305,28.545333862304688,3.5393059253692627
1861.0,25.232330322265625,4.052602767944336,5.023179531097412,25.7879638671875,7.999849319458008
1862.0,19.222675323486328,2.9484994411468506,4.384366989135742,27.349449157714844,4.294528484344482
1863.0,16.066892623901367,2.3736886978149414,4.008352756500244,28.436546325683594,3.2156877517700195
1864.0,21.648046493530273,3.1068460941314697,4.652746200561523,28.880455017089844,5.218571186065674
1865.0,19.780540466308594,2.7560107707977295,4.4475321769714355,29.666297912597656,3.362429141998291
1866.0,17.17795753479004,2.584451913833618,4.144629955291748,27.787376403808594,3.3876824378967285
1867.0,16.51927947998047,2.522920846939087,4.064391613006592,28.055335998535156,3.198831081390381
1868.0,18.237892150878906,2.568150520324707,4.270584583282471,28.61742401123047,3.2700729370117188
1869.0,18.274980545043945,2.9403486251831055,4.2749247550964355,26.697052001953125,4.023154258728027
1870.0,20.804550170898438,3.054152250289917,4.5612006187438965,29.864036560058594,4.373696804046631
1871.0,23.298662185668945,3.24800181388855,4.826869010925293,29.590255737304688,6.170749187469482
1872.0,16.057960510253906,2.4543933868408203,4.007238388061523,27.790023803710938,3.3674988746643066
1873.0,16.950956344604492,2.6013801097869873,4.117154121398926,27.69666290283203,3.4334356784820557
1874.0,18.787927627563477,2.8036482334136963,4.334504127502441,29.94817352294922,4.5528459548950195
1875.0,17.309337615966797,2.7903525829315186,4.160449028015137,27.02727508544922,3.834237575531006
1876.0,19.313596725463867,2.8763301372528076,4.394723892211914,27.540489196777344,4.54803466796875
1877.0,21.92661476135254,3.56714129447937,4.682586193084717,25.52728271484375,5.850844383239746
1878.0,16.06110382080078,2.4884464740753174,4.007630825042725,27.315589904785156,3.4661877155303955
1879.0,16.93010902404785,2.648953437805176,4.114621162414551,27.2691650390625,3.679025173187256
1880.0,16.010164260864258,2.389289617538452,4.001270294189453,28.289535522460938,3.073542833328247
1881.0,15.98086929321289,2.5767552852630615,3.997607946395874,26.701622009277344,3.9130759239196777
1882.0,17.183488845825195,2.546900510787964,4.145297050476074,29.30577850341797,4.190299034118652
1883.0,16.47016716003418,2.4365155696868896,4.058345317840576,28.95825958251953,3.6135759353637695
1884.0,19.550920486450195,3.111556053161621,4.421642303466797,27.30066680908203,5.4144697189331055
1885.0,17.385587692260742,2.579327344894409,4.169602870941162,29.188568115234375,3.8796470165252686
1886.0,20.69293212890625,2.8328590393066406,4.548948287963867,29.104393005371094,3.5190927982330322
1887.0,16.14040184020996,2.4452521800994873,4.01751184463501,27.69574737548828,3.256697177886963
1888.0,15.6922607421875,2.3638834953308105,3.961345911026001,27.572776794433594,3.429421901702881
1889.0,17.930879592895508,2.9992096424102783,4.234487056732178,27.24420166015625,5.090446472167969
1890.0,17.840078353881836,2.6507527828216553,4.223751544952393,28.42011260986328,3.312575101852417
1891.0,18.472814559936523,2.6116154193878174,4.298001289367676,27.48291015625,3.2202351093292236
1892.0,19.09468650817871,2.8264312744140625,4.369746685028076,28.017173767089844,3.7052955627441406
1893.0,22.84745979309082,3.42120623588562,4.779901504516602,26.716461181640625,4.491264820098877
1894.0,16.906286239624023,2.5772652626037598,4.111725330352783,27.598976135253906,3.4807627201080322
1895.0,17.891263961791992,2.6253957748413086,4.229806423187256,29.204010009765625,4.74217414855957
1896.0,19.85133934020996,2.8453891277313232,4.455484390258789,28.630111694335938,4.220273017883301
1897.0,15.860167503356934,2.3558743000030518,3.982482671737671,28.196258544921875,3.3719260692596436
1898.0,24.851308822631836,3.2580087184906006,4.985108852386475,29.84026336669922,3.910637378692627
1899.0,22.280729293823242,3.4614012241363525,4.7202467918396,27.258644104003906,5.489431858062744
1900.0,19.465389251708984,2.745896577835083,4.411959648132324,28.89007568359375,3.6787900924682617
1901.0,17.623802185058594,2.633033037185669,4.198071479797363,27.204124450683594,3.5220582485198975
1902.0,16.8442440032959,2.68391489982605,4.1041741371154785,27.18553924560547,4.719729900360107
1903.0,20.568838119506836,3.0877654552459717,4.535288333892822,26.954551696777344,3.9472293853759766
1904.0,17.957565307617188,2.9540042877197266,4.237636566162109,26.324996948242188,5.651738166809082
1905.0,18.406888961791992,3.0698134899139404,4.290325164794922,26.310935974121094,4.38965368270874
1906.0,17.839860916137695,2.5380468368530273,4.22372579574585,27.900543212890625,3.261195421218872
1907.0,18.330493927001953,2.7617263793945312,4.281412601470947,26.832275390625,3.5711276531219482
1908.0,18.273096084594727,2.670367479324341,4.2747039794921875,27.313751220703125,3.591996908187866
1909.0,17.92551040649414,2.6402957439422607,4.233852863311768,28.597862243652344,4.586334705352783
1910.0,16.967256546020508,2.509019136428833,4.119132995605469,28.863876342773438,3.5730416774749756
1911.0,18.23056983947754,2.808342695236206,4.2697272300720215,26.749961853027344,3.921172857284546
1912.0,20.619935989379883,2.887793779373169,4.540917873382568,27.39025115966797,3.8617677688598633
1913.0,19.240571975708008,2.9872028827667236,4.386407852172852,26.055274963378906,4.769623279571533
1914.0,16.653270721435547,2.543741464614868,4.080842018127441,28.134605407714844,4.014039516448975
1915.0,15.983014106750488,2.407970666885376,3.9978761672973633,28.071144104003906,3.183328628540039
1916.0,16.2890682220459,2.6275813579559326,4.035971641540527,26.240989685058594,3.8554389476776123
1917.0,16.094932556152344,2.4961907863616943,4.0118489265441895,27.473411560058594,3.560556173324585
1918.0,16.767141342163086,2.4303574562072754,4.0947699546813965,27.69585418701172,3.118089437484741
1919.0,18.06349754333496,2.699073076248169,4.250117301940918,28.160629272460938,4.182346343994141
1920.0,16.924734115600586,2.5466411113739014,4.113968372344971,27.21282958984375,3.729736328125
1921.0,17.04277229309082,2.471090078353882,4.128289222717285,27.91332244873047,3.28859543800354
1922.0,19.88872528076172,3.2919557094573975,4.459677696228027,25.62523651123047,5.123795509338379
1923.0,17.202024459838867,2.691502809524536,4.1475324630737305,27.267051696777344,3.924579620361328
1924.0,16.739347457885742,2.5012221336364746,4.09137487411499,27.867042541503906,3.3260674476623535
1925.0,22.438695907592773,3.0315284729003906,4.736949920654297,28.75145721435547,3.598992109298706
1926.0,18.27976417541504,2.7582690715789795,4.275484085083008,27.03307342529297,3.741062879562378
1927.0,29.3837947845459,3.7817227840423584,5.420681953430176,29.504600524902344,5.511138916015625
1928.0,27.260393142700195,3.421262741088867,5.221148490905762,27.432632446289062,4.778379440307617
1929.0,21.318307876586914,2.9875690937042236,4.617175102233887,27.842430114746094,3.607954502105713
1930.0,19.659639358520508,2.8125903606414795,4.4339189529418945,28.21929931640625,3.9182941913604736
1931.0,16.29876708984375,2.551469564437866,4.037173271179199,26.913291931152344,3.6109044551849365
1932.0,17.662906646728516,2.9035043716430664,4.202725887298584,26.51880645751953,4.950321674346924
1933.0,19.734214782714844,3.1191933155059814,4.442320823669434,26.276573181152344,5.550828456878662
1934.0,16.93800163269043,2.4862782955169678,4.1155805587768555,28.346832275390625,3.1631720066070557
1935.0,16.384565353393555,2.503251314163208,4.04778528213501,27.712020874023438,3.9849445819854736
1936.0,16.966148376464844,2.50744891166687,4.1189985275268555,27.768577575683594,3.3433456420898438
1937.0,19.286203384399414,2.8073787689208984,4.391605854034424,28.15771484375,3.484117269515991
1938.0,16.657426834106445,2.4833719730377197,4.081351280212402,28.672134399414062,3.4902560710906982
1939.0,16.442577362060547,2.698613166809082,4.05494499206543,26.533584594726562,4.215706825256348
1940.0,18.37796974182129,2.7550275325775146,4.286953449249268,26.93512725830078,3.844822645187378
1941.0,23.818368911743164,3.4717304706573486,4.880406856536865,27.37584686279297,4.323856353759766
1942.0,15.683964729309082,2.413872718811035,3.960298538208008,27.34046173095703,3.3651928901672363
1943.0,18.149080276489258,2.802809715270996,4.260173797607422,27.13580322265625,3.647515296936035
1944.0,16.27576446533203,2.3815627098083496,4.034323215484619,28.10448455810547,3.0131821632385254
1945.0,18.545209884643555,3.1370630264282227,4.30641508102417,25.06067657470703,5.152137756347656
1946.0,19.541582107543945,2.722909927368164,4.420586109161377,27.840530395507812,3.441070318222046
1947.0,18.496461868286133,2.6747493743896484,4.300751209259033,26.38488006591797,3.4043240547180176
1948.0,15.422309875488281,2.3817062377929688,3.9271249771118164,27.1029052734375,3.341641902923584
1949.0,15.301581382751465,2.2476749420166016,3.9117236137390137,27.75542449951172,3.0437943935394287
1950.0,16.193939208984375,2.364474296569824,4.024169445037842,27.252273559570312,3.11248779296875
1951.0,15.486201286315918,2.3219175338745117,3.935250997543335,27.468002319335938,3.132234573364258
1952.0,16.646448135375977,2.5853044986724854,4.080006122589111,27.458335876464844,3.4478471279144287
1953.0,15.7379732131958,2.5325472354888916,3.967111349105835,26.508743286132812,3.8149404525756836
1954.0,20.45771598815918,2.899121046066284,4.5230207443237305,28.03533172607422,3.3494935035705566
1955.0,15.365615844726562,2.402071952819824,3.9198999404907227,26.994873046875,3.3818066120147705
1956.0,18.901641845703125,2.8998100757598877,4.347601890563965,27.64739227294922,4.835751056671143
1957.0,16.362180709838867,2.6745574474334717,4.045019149780273,26.401939392089844,3.8526318073272705
1958.0,17.44466209411621,2.6846954822540283,4.176680564880371,27.25049591064453,3.67549204826355
1959.0,16.873077392578125,2.5037758350372314,4.107685089111328,28.48931121826172,4.136982440948486
1960.0,16.886632919311523,2.5243663787841797,4.109334945678711,29.140594482421875,3.486111640930176
1961.0,17.041034698486328,2.669623613357544,4.128078937530518,26.68065643310547,3.8255081176757812
1962.0,18.28638458251953,2.793429136276245,4.27625846862793,26.60692596435547,3.6240551471710205
1963.0,15.978894233703613,2.3676483631134033,3.997360944747925,26.69695281982422,3.201275587081909
1964.0,16.604280471801758,2.476200819015503,4.074834823608398,27.859901428222656,3.4780633449554443
1965.0,26.831857681274414,4.16636323928833,5.179947853088379,26.105392456054688,8.631219863891602
1966.0,22.73253631591797,3.075577974319458,4.767865180969238,29.14710235595703,4.7106428146362305
1967.0,15.562954902648926,2.410412073135376,3.944991111755371,27.132041931152344,3.4645867347717285
1968.0,20.652048110961914,3.0069663524627686,4.544452667236328,27.119155883789062,3.753664016723633
1969.0,17.1141300201416,2.5312511920928955,4.136922836303711,27.57306671142578,3.428253173828125
1970.0,20.417627334594727,2.9709434509277344,4.5185866355896,30.37537384033203,4.745569705963135
1971.0,19.866470336914062,3.054600477218628,4.457181930541992,26.352310180664062,4.457823753356934
1972.0,24.301992416381836,3.2110061645507812,4.9297051429748535,30.94122314453125,4.1948933601379395
1973.0,16.5474910736084,2.6664950847625732,4.0678606033325195,27.128067016601562,4.5720744132995605
1974.0,20.622026443481445,3.4198217391967773,4.5411481857299805,25.388755798339844,6.4040937423706055
1975.0,20.09589195251465,2.800396203994751,4.482844352722168,29.363052368164062,3.4084742069244385
1976.0,18.412633895874023,3.0679311752319336,4.290994644165039,26.236648559570312,5.254526615142822
1977.0,15.855403900146484,2.520994186401367,3.981884479522705,27.178932189941406,4.083726406097412
1978.0,17.506704330444336,2.4386379718780518,4.184101581573486,27.714332580566406,3.321157693862915
1979.0,18.042673110961914,2.6960506439208984,4.247666835784912,28.675086975097656,3.4244935512542725
1980.0,17.67584228515625,2.5673651695251465,4.2042646408081055,28.676162719726562,3.8900058269500732
1981.0,17.29657745361328,2.502148389816284,4.1589155197143555,28.14038848876953,3.0824718475341797
1982.0,16.7780818939209,2.5251071453094482,4.096105575561523,26.865310668945312,3.6790542602539062
1983.0,23.66217613220215,3.520819664001465,4.864378452301025,25.004989624023438,4.670287132263184
1984.0,19.52089500427246,2.8434953689575195,4.418245792388916,28.864585876464844,4.708610534667969
1985.0,18.769142150878906,2.7410290241241455,4.332336902618408,28.69403076171875,4.922425746917725
1986.0,18.26226234436035,2.6739072799682617,4.273437023162842,27.011070251464844,3.3569493293762207
1987.0,18.317100524902344,2.6941192150115967,4.279848098754883,27.86772918701172,3.3374950885772705
1988.0,15.338966369628906,2.3774900436401367,3.916499137878418,27.854103088378906,3.219607353210449
1989.0,16.24822998046875,2.4290993213653564,4.030909538269043,28.205825805664062,3.3587467670440674
1990.0,16.396650314331055,2.3984386920928955,4.0492777824401855,28.40251922607422,3.333300828933716
1991.0,16.955251693725586,2.463207721710205,4.117675304412842,28.44519805908203,3.0636141300201416
1992.0,21.688888549804688,3.4773752689361572,4.657133102416992,25.240882873535156,5.87397575378418
1993.0,23.005037307739258,3.158731460571289,4.796356678009033,27.099899291992188,4.002928256988525
1994.0,24.923192977905273,3.636983633041382,4.992313385009766,25.07830047607422,5.232631683349609
1995.0,24.451765060424805,3.3534841537475586,4.9448723793029785,26.142494201660156,4.2784647941589355
1996.0,17.55605125427246,2.6126351356506348,4.1899943351745605,29.695701599121094,3.680607318878174
1997.0,16.425064086914062,2.587233543395996,4.0527849197387695,27.76025390625,3.69801926612854
1998.0,15.381473541259766,2.3574137687683105,3.921922206878662,27.253738403320312,3.226104736328125
1999.0,17.40468978881836,2.6145520210266113,4.1718926429748535,27.74396514892578,3.7969746589660645
2000.0,17.308637619018555,2.5393006801605225,4.160365104675293,26.776817321777344,3.246784210205078
