epoch,mse_cm2,mae_cm,rmse_cm,max_abs_error_cm,mape_percent
1.0,1307.0267333984375,32.13562774658203,36.15282440185547,88.96644592285156,66.49656677246094
2.0,317.818603515625,14.601996421813965,17.82746696472168,61.16771697998047,31.478599548339844
3.0,148.68795776367188,10.383075714111328,12.193767547607422,35.884864807128906,14.482248306274414
4.0,79.58487701416016,6.627151966094971,8.921035766601562,42.95737838745117,10.355457305908203
5.0,95.53546142578125,7.674962520599365,9.774224281311035,38.161983489990234,10.577913284301758
6.0,53.85297775268555,5.524974822998047,7.338459014892578,40.23392105102539,8.402626991271973
7.0,53.484256744384766,5.4521260261535645,7.313292980194092,42.22952651977539,8.56042766571045
8.0,50.250370025634766,5.199999809265137,7.088749408721924,41.67994689941406,8.15706729888916
9.0,42.94917678833008,4.8212432861328125,6.553562164306641,41.543575286865234,7.830151081085205
10.0,53.469791412353516,5.429412841796875,7.3123040199279785,42.34608840942383,8.486245155334473
11.0,45.7870979309082,4.9217448234558105,6.766616344451904,42.31941223144531,8.3594388961792
12.0,49.33650588989258,5.273184299468994,7.0239949226379395,41.06155776977539,7.911294937133789
13.0,38.23292541503906,4.376522064208984,6.1832780838012695,41.272972106933594,7.382658004760742
14.0,56.4340934753418,5.6763458251953125,7.51226282119751,40.87704086303711,8.119865417480469
15.0,36.037139892578125,4.2585601806640625,6.00309419631958,41.304595947265625,7.058726787567139
16.0,42.64078140258789,4.879146099090576,6.529991149902344,39.47415542602539,7.42957067489624
17.0,36.290218353271484,4.130260467529297,6.024136543273926,39.54179382324219,6.758941173553467
18.0,49.90695571899414,5.594090938568115,7.064485549926758,38.449249267578125,8.069188117980957
19.0,37.87471008300781,4.341036319732666,6.154243469238281,39.843753814697266,6.9159770011901855
20.0,39.1677360534668,4.310016632080078,6.258413314819336,38.725589752197266,6.5543599128723145
21.0,37.235557556152344,4.100164890289307,6.102094650268555,39.68600845336914,6.569863319396973
22.0,31.54737663269043,3.9479141235351562,5.616704940795898,37.68129348754883,6.354507923126221
23.0,33.31220626831055,4.161555767059326,5.77167272567749,35.471588134765625,6.723466396331787
24.0,29.812744140625,3.631535768508911,5.460104942321777,37.73056411743164,5.905284404754639
25.0,33.0093994140625,4.216174602508545,5.745380878448486,35.62889862060547,6.885106086730957
26.0,29.30372428894043,3.704559326171875,5.4132914543151855,36.50616455078125,6.031552314758301
27.0,34.86857604980469,3.980562210083008,5.904962062835693,38.25912857055664,5.998395919799805
28.0,29.941991806030273,3.7961456775665283,5.471927642822266,36.77323532104492,5.946767330169678
29.0,37.646846771240234,4.124019622802734,6.135702610015869,39.41185760498047,6.220495700836182
30.0,55.81666564941406,5.161147594451904,7.471055030822754,38.937347412109375,7.17223596572876
31.0,32.34923553466797,3.7810404300689697,5.687638759613037,38.58982849121094,5.702031135559082
32.0,51.5066032409668,4.9785284996032715,7.176810264587402,36.82456970214844,6.480710029602051
33.0,28.904434204101562,3.531996965408325,5.376284599304199,36.045021057128906,5.479047775268555
34.0,28.04610252380371,3.4621400833129883,5.295856952667236,36.952884674072266,5.440028190612793
35.0,32.49940872192383,3.74224853515625,5.700825214385986,37.667301177978516,6.4177327156066895
36.0,27.066024780273438,3.5204474925994873,5.2025017738342285,36.361968994140625,5.370260238647461
37.0,28.91344451904297,3.6191556453704834,5.377122402191162,36.36661911010742,5.445281982421875
38.0,33.044803619384766,3.9384167194366455,5.74846076965332,36.46052169799805,5.993887424468994
39.0,31.222322463989258,3.7041778564453125,5.587693691253662,37.25052261352539,5.292631149291992
40.0,29.108123779296875,3.6378448009490967,5.3951945304870605,34.877403259277344,5.414588928222656
41.0,26.265975952148438,3.1459157466888428,5.125034332275391,36.86820602416992,5.362339496612549
42.0,33.849998474121094,3.787501096725464,5.818075180053711,36.770751953125,5.228045463562012
43.0,26.23241424560547,3.4032859802246094,5.121758937835693,35.88970947265625,5.037088871002197
44.0,28.384994506835938,3.5451486110687256,5.327756881713867,34.96056365966797,5.251741409301758
45.0,26.717575073242188,3.2341458797454834,5.168904781341553,37.4054069519043,4.956533432006836
46.0,59.84564208984375,6.004988193511963,7.735996723175049,33.09123992919922,7.296840190887451
47.0,28.9704647064209,3.5072288513183594,5.382421970367432,36.6381721496582,4.994673728942871
48.0,33.49998092651367,3.951212167739868,5.787916660308838,37.867034912109375,5.4265618324279785
49.0,28.895753860473633,3.376847505569458,5.375477313995361,37.48453903198242,4.982203483581543
50.0,32.044010162353516,3.812305212020874,5.66074275970459,34.628082275390625,5.3396077156066895
51.0,26.992197036743164,3.4868946075439453,5.195401668548584,34.490089416503906,5.098433971405029
52.0,25.721765518188477,3.255950927734375,5.071662902832031,36.145660400390625,4.931581974029541
53.0,23.463613510131836,3.106638193130493,4.843925476074219,35.30248260498047,4.79775857925415
54.0,38.427181243896484,4.313632011413574,6.198966026306152,35.35508728027344,5.502359390258789
55.0,26.105398178100586,3.4881677627563477,5.109344005584717,34.62260437011719,5.040329456329346
56.0,26.020795822143555,3.3167693614959717,5.101058483123779,36.14710235595703,4.7720770835876465
57.0,24.376028060913086,3.2828595638275146,4.937208652496338,35.18745422363281,4.835021495819092
58.0,30.78650665283203,3.5882437229156494,5.548559188842773,36.791114807128906,4.879005432128906
59.0,25.113113403320312,3.1239421367645264,5.011298656463623,35.90183639526367,4.57279109954834
60.0,34.60551071166992,4.401979446411133,5.8826446533203125,33.439353942871094,9.289434432983398
61.0,25.418006896972656,3.266768455505371,5.041627407073975,35.19146728515625,4.744941234588623
62.0,23.466218948364258,3.016066789627075,4.844194412231445,35.937644958496094,4.453441143035889
63.0,29.058181762695312,3.425642728805542,5.39056396484375,36.31212615966797,4.6847758293151855
64.0,27.121896743774414,3.1987407207489014,5.207868576049805,37.16743850708008,4.621561050415039
65.0,48.26625061035156,5.617427825927734,6.947391510009766,33.155601501464844,7.4880146980285645
66.0,29.04579734802246,3.709406614303589,5.389415264129639,34.14928436279297,5.443540573120117
67.0,33.87825393676758,3.742074728012085,5.820502758026123,37.17169952392578,6.058011054992676
68.0,25.645111083984375,3.1523048877716064,5.06410026550293,37.03858184814453,4.79060697555542
69.0,26.948593139648438,3.2741096019744873,5.191203594207764,35.9246711730957,4.517532825469971
70.0,26.611358642578125,3.244852066040039,5.1586198806762695,35.480308532714844,4.451663970947266
71.0,24.67897605895996,3.1948413848876953,4.967793941497803,35.15605163574219,4.4365034103393555
72.0,28.946693420410156,3.3172264099121094,5.380213260650635,37.04423522949219,4.692347049713135
73.0,25.6733455657959,3.270085334777832,5.066887378692627,36.393314361572266,4.4568400382995605
74.0,23.212182998657227,3.0296783447265625,4.817902565002441,35.354637145996094,4.085170269012451
75.0,27.390405654907227,3.2975151538848877,5.233584403991699,38.00121307373047,5.1211652755737305
76.0,26.239356994628906,3.2312986850738525,5.1224365234375,36.207427978515625,4.517065048217773
77.0,25.252151489257812,3.086223602294922,5.02515172958374,35.79473114013672,4.20742654800415
78.0,29.660917282104492,3.7863292694091797,5.446183681488037,32.52698516845703,5.439722537994385
79.0,27.76634407043457,3.3875160217285156,5.269378185272217,36.97483825683594,5.869634628295898
80.0,32.905479431152344,4.004136562347412,5.736329555511475,34.66893768310547,6.192545413970947
81.0,30.035232543945312,3.722968339920044,5.480441093444824,36.496009826660156,6.045751571655273
82.0,22.89803123474121,3.054793119430542,4.785188674926758,35.182823181152344,4.521097660064697
83.0,24.307016372680664,3.4102671146392822,4.9302144050598145,34.58385467529297,5.787312984466553
84.0,25.14854621887207,3.2807064056396484,5.014832496643066,34.633155822753906,4.3592448234558105
85.0,29.45075798034668,3.409255266189575,5.426855087280273,35.99982452392578,4.362555027008057
86.0,23.278587341308594,2.9991981983184814,4.824789047241211,35.36474609375,3.9493229389190674
87.0,26.967424392700195,3.1619739532470703,5.19301700592041,36.56892395019531,3.9761900901794434
88.0,25.194747924804688,3.198186159133911,5.019436836242676,34.41160583496094,4.2234086990356445
89.0,21.924386978149414,2.8529651165008545,4.682348251342773,35.41167449951172,3.9753942489624023
90.0,24.996232986450195,3.466184377670288,4.9996232986450195,33.08567810058594,4.962855339050293
91.0,24.30915069580078,3.3459503650665283,4.930430889129639,34.11089324951172,4.628928184509277
92.0,21.5589599609375,2.9381046295166016,4.643162727355957,34.23863983154297,4.03870964050293
93.0,25.697294235229492,3.2760121822357178,5.069250106811523,34.30211639404297,4.287491321563721
94.0,25.652292251586914,3.495351791381836,5.064809322357178,32.91948699951172,5.035279273986816
95.0,27.451080322265625,3.471389055252075,5.239377975463867,34.995155334472656,4.260859489440918
96.0,23.460092544555664,3.0014827251434326,4.843562126159668,34.98841094970703,3.87793231010437
97.0,23.5846004486084,2.9727017879486084,4.856398105621338,35.6640625,3.7756900787353516
98.0,28.62996482849121,3.8693950176239014,5.3506975173950195,33.410911560058594,5.8627028465271
99.0,25.317888259887695,3.034611463546753,5.031688213348389,36.05380630493164,3.7804338932037354
100.0,25.9625186920166,3.0861332416534424,5.095342636108398,34.62382507324219,4.210268974304199
101.0,26.55694580078125,3.3801422119140625,5.153343200683594,35.79436492919922,4.265510559082031
102.0,28.053855895996094,3.8249711990356445,5.296588897705078,34.159446716308594,5.102344989776611
103.0,28.749521255493164,3.352203369140625,5.361857891082764,36.276023864746094,3.9955132007598877
104.0,22.997528076171875,2.880281448364258,4.795573711395264,34.075477600097656,3.8593740463256836
105.0,21.148500442504883,2.782139539718628,4.598750114440918,35.4559326171875,3.8667798042297363
106.0,30.994760513305664,3.73746657371521,5.567293643951416,35.51276397705078,4.728816032409668
107.0,31.64536476135254,3.7651970386505127,5.625421524047852,35.02936553955078,4.572108268737793
108.0,21.348922729492188,2.9538657665252686,4.620489597320557,34.352508544921875,4.359466075897217
109.0,34.16213607788086,4.154745101928711,5.844838619232178,33.244049072265625,7.503149509429932
110.0,32.95091247558594,4.1230950355529785,5.740288734436035,34.350807189941406,6.618661403656006
111.0,24.437538146972656,3.1088011264801025,4.94343376159668,36.806365966796875,4.380911350250244
112.0,27.229421615600586,3.390721321105957,5.218181610107422,36.62969970703125,4.683437824249268
113.0,24.638465881347656,3.0938632488250732,4.963715076446533,34.51683807373047,3.915146827697754
114.0,23.22862434387207,2.8699920177459717,4.819608211517334,35.24359893798828,3.698791265487671
115.0,29.02480125427246,3.5986766815185547,5.387466907501221,36.57725524902344,6.146510124206543
116.0,28.563514709472656,3.7692759037017822,5.344484329223633,33.25151824951172,4.67431116104126
117.0,24.474029541015625,3.4868876934051514,4.9471235275268555,33.05567169189453,5.427684307098389
118.0,24.887483596801758,3.232942819595337,4.988735675811768,34.52687072753906,4.227004051208496
119.0,23.0842342376709,3.059337854385376,4.804605484008789,34.859153747558594,4.755477428436279
120.0,21.155960083007812,2.7992589473724365,4.599560737609863,34.87932586669922,3.6461825370788574
121.0,35.78657531738281,4.009814739227295,5.9821882247924805,36.56991958618164,4.856013298034668
122.0,26.972511291503906,3.521474599838257,5.193506717681885,34.58270263671875,4.666151523590088
123.0,20.756227493286133,2.897075653076172,4.5559000968933105,33.85871124267578,4.088229179382324
124.0,21.050817489624023,2.9916067123413086,4.5881171226501465,33.931739807128906,4.571505069732666
125.0,25.289690017700195,3.124995470046997,5.028885364532471,35.48657989501953,4.198807716369629
126.0,20.292959213256836,2.7661492824554443,4.504770755767822,34.87110137939453,3.782932758331299
127.0,24.58392906188965,3.1842334270477295,4.958218097686768,34.05048370361328,4.041133403778076
128.0,28.682287216186523,3.4214789867401123,5.355584621429443,35.439598083496094,5.616597652435303
129.0,24.606536865234375,3.0645077228546143,4.960497856140137,33.87696075439453,4.027976989746094
130.0,22.614334106445312,3.207904100418091,4.755453109741211,33.25316619873047,5.2851128578186035
131.0,20.910730361938477,2.7475998401641846,4.5728254318237305,34.815162658691406,4.2857232093811035
132.0,43.98969650268555,5.102509021759033,6.632472991943359,37.28384780883789,9.380590438842773
133.0,28.609216690063477,3.868495225906372,5.348758220672607,33.640785217285156,5.092630386352539
134.0,27.417184829711914,3.6950180530548096,5.236142158508301,32.589683532714844,5.498873710632324
135.0,29.75691032409668,4.237306118011475,5.454989433288574,32.2701416015625,6.455400466918945
136.0,27.10944175720215,3.459566831588745,5.206672668457031,36.090789794921875,6.281623363494873
137.0,24.347341537475586,3.149892807006836,4.93430233001709,33.990577697753906,4.046016693115234
138.0,45.304290771484375,5.091207981109619,6.730846405029297,38.28923034667969,8.583023071289062
139.0,35.2523307800293,4.756969451904297,5.9373674392700195,31.976173400878906,7.780360221862793
140.0,22.916419982910156,3.12060809135437,4.787109851837158,33.94800567626953,4.002652168273926
141.0,44.30685806274414,4.847026824951172,6.656339645385742,36.62977600097656,6.3267388343811035
142.0,47.40474319458008,5.497011661529541,6.885110378265381,29.784019470214844,7.934170246124268
143.0,23.051767349243164,2.998655080795288,4.801225662231445,34.58949279785156,4.121673583984375
144.0,19.57041358947754,2.6863982677459717,4.423846244812012,33.55406188964844,3.709420919418335
145.0,21.937570571899414,2.902031660079956,4.683755874633789,34.722740173339844,3.815993309020996
146.0,19.12896728515625,2.6234138011932373,4.3736677169799805,34.258094787597656,3.6828465461730957
147.0,26.358718872070312,3.498218536376953,5.1340742111206055,32.35942077636719,4.367305755615234
148.0,21.12272071838379,3.0395209789276123,4.595946311950684,32.48725128173828,4.840116024017334
149.0,21.86128807067871,2.787337064743042,4.675605773925781,34.95952606201172,4.122555255889893
150.0,23.74373435974121,3.228670120239258,4.872754096984863,33.124794006347656,4.360872268676758
151.0,20.974973678588867,2.837238311767578,4.5798444747924805,33.812416076660156,3.7461776733398438
152.0,19.79953384399414,2.8002405166625977,4.449666500091553,33.797027587890625,4.079700469970703
153.0,21.99127960205078,2.9542605876922607,4.689486026763916,33.838218688964844,3.6917307376861572
154.0,24.71062469482422,3.139000177383423,4.970978260040283,35.680091857910156,6.262704849243164
155.0,26.43172264099121,3.260915756225586,5.141179084777832,34.034156799316406,3.9678196907043457
156.0,26.420791625976562,3.246044397354126,5.140115737915039,34.612091064453125,4.006086349487305
157.0,25.927255630493164,3.2677223682403564,5.091881275177002,35.042388916015625,5.388689994812012
158.0,24.36549949645996,3.1496658325195312,4.9361419677734375,35.11388397216797,4.331718444824219
159.0,20.29309844970703,2.781801223754883,4.504786014556885,33.605857849121094,3.6887176036834717
160.0,20.904817581176758,3.0453262329101562,4.572178840637207,33.002052307128906,5.207674503326416
161.0,22.030776977539062,2.8983471393585205,4.693695545196533,36.029781341552734,4.027430534362793
162.0,20.324583053588867,2.741999387741089,4.508279323577881,33.65435028076172,3.6047260761260986
163.0,24.45305061340332,3.4278547763824463,4.945002555847168,33.52594757080078,5.106712341308594
164.0,24.477766036987305,3.615053176879883,4.947501182556152,31.941001892089844,5.1435699462890625
165.0,22.472673416137695,2.8942277431488037,4.740535259246826,34.16295623779297,3.561392307281494
166.0,23.121164321899414,3.3296959400177,4.808447360992432,32.08052062988281,4.429814338684082
167.0,20.841312408447266,2.9049103260040283,4.565228462219238,33.153465270996094,3.7893528938293457
168.0,24.44313621520996,3.1359007358551025,4.944000244140625,34.481544494628906,5.493253707885742
169.0,19.880834579467773,2.621088981628418,4.4587931632995605,34.32508087158203,3.7133052349090576
170.0,19.424179077148438,2.78454852104187,4.407287120819092,32.86681365966797,3.9371094703674316
171.0,18.85268783569336,2.5226762294769287,4.341968059539795,33.679290771484375,3.238415241241455
172.0,22.904876708984375,3.414456367492676,4.7859039306640625,31.4969482421875,5.9396209716796875
173.0,21.865097045898438,3.1377599239349365,4.676012992858887,33.182518005371094,4.20972204208374
174.0,22.73089027404785,3.409255027770996,4.767692565917969,32.31652069091797,6.430129528045654
175.0,20.376258850097656,2.874023199081421,4.514007091522217,32.17308807373047,4.090219974517822
176.0,19.860471725463867,2.741488456726074,4.456509113311768,34.350624084472656,3.6521177291870117
177.0,22.711410522460938,3.1992180347442627,4.76564884185791,32.142845153808594,4.095968246459961
178.0,23.128740310668945,3.186140775680542,4.809235095977783,32.83628845214844,4.562272548675537
179.0,25.751419067382812,3.3058197498321533,5.074585437774658,33.650962829589844,4.765913009643555
180.0,24.59528350830078,3.3134384155273438,4.959362983703613,33.784751892089844,4.556251525878906
181.0,20.895761489868164,2.9178695678710938,4.571187973022461,32.87689208984375,3.821608066558838
182.0,21.79688262939453,2.807061195373535,4.668713092803955,34.925376892089844,4.067091464996338
183.0,20.24252700805664,2.699234962463379,4.499169826507568,33.119178771972656,3.703462600708008
184.0,19.71373176574707,2.8688628673553467,4.440014839172363,33.1826171875,4.744667053222656
185.0,21.17940330505371,2.7721874713897705,4.602108478546143,35.03905487060547,4.428590297698975
186.0,25.7597599029541,3.217376470565796,5.0754075050354,33.17034149169922,4.116610050201416
187.0,20.128461837768555,2.6634552478790283,4.486475467681885,34.352333068847656,4.365702152252197
188.0,27.38047218322754,3.305887460708618,5.232635498046875,34.857627868652344,4.293066024780273
189.0,22.16533851623535,2.907634973526001,4.7080078125,32.760536193847656,4.6118597984313965
190.0,27.167993545532227,3.403064727783203,5.212292671203613,35.02344512939453,5.683565139770508
191.0,24.49803352355957,3.4009313583374023,4.949548721313477,32.937828063964844,5.173511981964111
192.0,20.25933837890625,2.687753915786743,4.50103759765625,34.555320739746094,3.519911050796509
193.0,21.340194702148438,2.9585535526275635,4.619544982910156,33.09129333496094,3.733849048614502
194.0,19.13115119934082,2.6389570236206055,4.373917102813721,33.797996520996094,3.3974192142486572
195.0,21.535524368286133,2.9476234912872314,4.64063835144043,31.84613800048828,4.015209197998047
196.0,22.92718505859375,3.027965545654297,4.788234233856201,32.7490234375,3.9176197052001953
197.0,20.218076705932617,2.7697887420654297,4.496451377868652,33.79339599609375,4.379225730895996
198.0,18.512788772583008,2.641160249710083,4.302649021148682,32.554908752441406,3.7749271392822266
199.0,25.825576782226562,3.355990409851074,5.081887245178223,32.91008758544922,4.012940883636475
200.0,21.622709274291992,3.2546026706695557,4.650022506713867,31.67974090576172,5.2980875968933105
201.0,19.209793090820312,2.5879082679748535,4.382897853851318,33.86200714111328,4.343687057495117
202.0,21.04737663269043,2.7571582794189453,4.587741851806641,33.41210174560547,4.072099685668945
203.0,21.214675903320312,2.894678831100464,4.6059393882751465,33.118019104003906,3.6466996669769287
204.0,22.01253318786621,3.178372621536255,4.691751480102539,32.38481903076172,5.050229072570801
205.0,19.071250915527344,2.6207275390625,4.367064476013184,33.413368225097656,4.059082508087158
206.0,24.062108993530273,3.1113693714141846,4.9053144454956055,32.774688720703125,3.786048650741577
207.0,23.37510871887207,3.368318796157837,4.834781169891357,31.997329711914062,4.977171421051025
208.0,21.4892520904541,2.910710096359253,4.635650157928467,34.814414978027344,4.600164413452148
209.0,19.921300888061523,2.8071129322052,4.4633283615112305,31.84326934814453,3.8141613006591797
210.0,19.580785751342773,2.7227373123168945,4.425018310546875,31.836143493652344,3.6438260078430176
211.0,18.076982498168945,2.4764058589935303,4.251703262329102,32.08039093017578,3.337578773498535
212.0,19.114316940307617,2.6220412254333496,4.371992111206055,33.912620544433594,3.892399311065674
213.0,21.5568790435791,3.0999863147735596,4.642938613891602,31.63275909423828,4.2013959884643555
214.0,21.90393829345703,2.9816577434539795,4.680164337158203,31.192161560058594,3.806814193725586
215.0,23.221811294555664,3.191106081008911,4.818901538848877,33.02082061767578,5.979824066162109
216.0,21.12135124206543,2.8137617111206055,4.595797061920166,34.138023376464844,4.574615001678467
217.0,23.832624435424805,3.00141978263855,4.881866931915283,33.14739227294922,3.826767683029175
218.0,23.64093017578125,3.457850217819214,4.862194061279297,30.852088928222656,5.904562950134277
219.0,18.507286071777344,2.5054280757904053,4.302009582519531,32.76624298095703,3.4282100200653076
220.0,19.443714141845703,2.6216604709625244,4.4095025062561035,33.41730499267578,4.45207405090332
221.0,25.61433982849121,3.429213285446167,5.061060905456543,32.63561248779297,5.67343807220459
222.0,20.499971389770508,3.094978094100952,4.527689456939697,31.38922882080078,4.697381973266602
223.0,19.40749168395996,2.712794303894043,4.405393600463867,32.492515563964844,4.463405609130859
224.0,48.73517990112305,4.918437480926514,6.981058597564697,31.186790466308594,5.388295650482178
225.0,23.9730281829834,3.107341766357422,4.896225929260254,33.198020935058594,4.100381374359131
226.0,25.33049774169922,3.782813787460327,5.0329413414001465,31.22449493408203,6.772254943847656
227.0,26.2799072265625,3.62530779838562,5.1263933181762695,31.81501007080078,4.982873439788818
228.0,25.087255477905273,3.249072313308716,5.008718013763428,34.3050537109375,4.613675594329834
229.0,18.866802215576172,2.677816390991211,4.343593120574951,32.32337188720703,3.620739221572876
230.0,20.052690505981445,2.9213151931762695,4.478023052215576,32.88323211669922,4.690250396728516
231.0,36.421661376953125,4.469875335693359,6.035036087036133,31.225914001464844,5.912131309509277
232.0,23.784269332885742,3.172471046447754,4.876911640167236,32.316680908203125,5.98738431930542
233.0,22.952600479125977,3.4663093090057373,4.790887355804443,29.834083557128906,5.310082912445068
234.0,24.79341697692871,3.4695816040039062,4.979299068450928,30.813377380371094,4.405041217803955
235.0,28.286100387573242,3.796360731124878,5.31846809387207,29.902076721191406,4.484347820281982
236.0,20.869295120239258,2.9948015213012695,4.568292140960693,32.51514434814453,4.072669506072998
237.0,18.620407104492188,2.58856201171875,4.315136909484863,32.37323760986328,4.065354347229004
238.0,20.77080535888672,2.849231719970703,4.557499885559082,32.622337341308594,4.81064510345459
239.0,18.903406143188477,2.768988609313965,4.347804546356201,31.43756866455078,4.3721394538879395
240.0,19.597579956054688,2.8085362911224365,4.426915168762207,31.961814880371094,4.288943290710449
241.0,20.703712463378906,2.9241933822631836,4.550133228302002,31.842506408691406,4.542008399963379
242.0,26.13713836669922,3.6031882762908936,5.1124491691589355,31.180580139160156,6.190762042999268
243.0,23.918664932250977,3.6042182445526123,4.890671253204346,29.063270568847656,7.102890968322754
244.0,19.294557571411133,2.7048661708831787,4.392557144165039,32.17449951171875,4.256163597106934
245.0,36.05526351928711,4.016704082489014,6.004603385925293,30.85047149658203,4.689929485321045
246.0,27.52048683166504,3.805842161178589,5.245997428894043,30.01696014404297,5.784913539886475
247.0,24.947799682617188,3.843158721923828,4.994777202606201,29.067337036132812,7.220799446105957
248.0,20.279165267944336,3.054266929626465,4.503239631652832,30.710670471191406,4.494709014892578
249.0,21.857519149780273,3.027594804763794,4.675202369689941,30.67852783203125,4.2816643714904785
250.0,23.76752281188965,3.249709367752075,4.875194549560547,34.13707733154297,5.952337741851807
251.0,21.108625411987305,2.9524638652801514,4.594412326812744,31.645240783691406,3.77801251411438
252.0,19.121780395507812,2.628568410873413,4.372845649719238,32.164161682128906,4.406408786773682
253.0,21.073963165283203,2.78765606880188,4.590638637542725,32.29822540283203,3.454636335372925
254.0,22.997709274291992,3.033384323120117,4.795592784881592,33.18854522705078,4.752842903137207
255.0,26.830175399780273,3.7791059017181396,5.179785251617432,30.946449279785156,5.911778450012207
256.0,18.28902244567871,2.6715354919433594,4.276566505432129,31.068565368652344,3.8131513595581055
257.0,30.558561325073242,3.5672473907470703,5.527979850769043,33.112510681152344,4.304684638977051
258.0,20.03074836730957,2.8259174823760986,4.47557258605957,31.99500274658203,3.854684829711914
259.0,26.500579833984375,3.560037612915039,5.147871494293213,30.895660400390625,4.7429680824279785
260.0,22.82903289794922,3.3551828861236572,4.777973651885986,30.988853454589844,4.952873706817627
261.0,22.033689498901367,2.8716251850128174,4.694005489349365,32.820289611816406,3.494868040084839
262.0,25.080366134643555,3.3505704402923584,5.008029937744141,31.107948303222656,5.097173690795898
263.0,18.468982696533203,2.5568649768829346,4.297555446624756,31.04540252685547,3.435655355453491
264.0,21.41115379333496,3.180668592453003,4.627218723297119,29.89727783203125,4.142406940460205
265.0,17.960546493530273,2.611839532852173,4.237988471984863,30.469154357910156,3.5760715007781982
266.0,21.955183029174805,3.0271522998809814,4.685636043548584,30.355743408203125,4.784274101257324
267.0,20.286386489868164,3.091137647628784,4.5040411949157715,29.377578735351562,4.75097131729126
268.0,18.42439842224121,2.671851396560669,4.292365074157715,29.58068084716797,3.542280673980713
269.0,24.977834701538086,3.7011139392852783,4.997783184051514,29.713333129882812,5.737762451171875
270.0,18.363492965698242,2.6067817211151123,4.285264492034912,30.943191528320312,3.753643751144409
271.0,17.818456649780273,2.7047207355499268,4.22119140625,30.564849853515625,4.290223121643066
272.0,18.688024520874023,2.6211130619049072,4.322964668273926,31.542465209960938,3.818368434906006
273.0,18.910507202148438,2.8047263622283936,4.348621368408203,29.800674438476562,3.673537015914917
274.0,18.814443588256836,2.7308971881866455,4.337562084197998,30.47150421142578,3.526571035385132
275.0,17.70631217956543,2.4419870376586914,4.207886695861816,30.45641326904297,3.4193878173828125
276.0,20.734819412231445,2.848655939102173,4.5535502433776855,32.46546173095703,4.872003555297852
277.0,18.564287185668945,2.5442392826080322,4.308629512786865,31.108970642089844,3.2281179428100586
278.0,19.971912384033203,2.8268115520477295,4.468994617462158,31.012001037597656,4.498450756072998
279.0,19.673059463500977,2.8584232330322266,4.435432434082031,31.515541076660156,4.0481390953063965
280.0,16.79376983642578,2.3891477584838867,4.098020076751709,30.379905700683594,3.1138384342193604
281.0,19.329015731811523,2.658963918685913,4.396477699279785,30.914810180664062,3.482449531555176
282.0,18.831804275512695,2.7512454986572266,4.339562892913818,29.95196533203125,3.5445022583007812
283.0,19.073843002319336,2.708935022354126,4.367361068725586,31.339698791503906,3.4270811080932617
284.0,22.08013153076172,3.123525857925415,4.698949813842773,30.896995544433594,4.561352729797363
285.0,22.57405662536621,2.9445464611053467,4.751216411590576,31.711265563964844,3.770303249359131
286.0,20.557247161865234,2.943622589111328,4.53400993347168,30.96685028076172,3.8620505332946777
287.0,24.73995018005371,3.695161819458008,4.973927021026611,28.99915313720703,5.050030708312988
288.0,19.617820739746094,2.8008158206939697,4.429201126098633,31.24669647216797,3.524191379547119
289.0,22.280141830444336,3.1657028198242188,4.720184326171875,30.561851501464844,4.584170818328857
290.0,17.81223487854004,2.5904757976531982,4.220454216003418,30.537818908691406,3.5255942344665527
291.0,29.26044273376465,3.796980619430542,5.409292221069336,28.284820556640625,4.785015106201172
292.0,17.639760971069336,2.4640462398529053,4.199971675872803,29.72844696044922,3.2869622707366943
293.0,18.242074966430664,2.65218448638916,4.271074295043945,29.040390014648438,3.9151980876922607
294.0,23.6800479888916,3.3368446826934814,4.866214752197266,28.85686492919922,4.661558151245117
295.0,20.258577346801758,3.260576009750366,4.50095272064209,27.63843536376953,5.556601524353027
296.0,17.343000411987305,2.5287609100341797,4.164492607116699,29.24298095703125,3.293760061264038
297.0,20.66960334777832,2.978501558303833,4.546383380889893,28.11528778076172,3.8275187015533447
298.0,19.769241333007812,2.7035903930664062,4.446261405944824,29.42955780029297,3.266380786895752
299.0,23.588417053222656,3.1655056476593018,4.856791019439697,30.345619201660156,4.487452507019043
300.0,21.153779983520508,3.280010223388672,4.599323749542236,27.823814392089844,4.7877702713012695
301.0,17.723360061645508,2.579089879989624,4.209912300109863,28.32042694091797,3.563185453414917
302.0,22.797754287719727,3.3209617137908936,4.7746992111206055,29.460372924804688,5.5882887840271
303.0,19.50053596496582,2.8334248065948486,4.41594123840332,29.41942596435547,4.026965618133545
304.0,23.64830780029297,3.525369882583618,4.862952709197998,27.22893524169922,5.033735752105713
305.0,20.846647262573242,3.2400739192962646,4.565813064575195,27.74840545654297,5.92328405380249
306.0,16.90660285949707,2.427316665649414,4.111763954162598,29.896011352539062,3.812654733657837
307.0,23.10548210144043,3.176832914352417,4.806816101074219,31.343582153320312,5.000625133514404
308.0,16.87832260131836,2.45485782623291,4.108323574066162,29.293983459472656,3.3122706413269043
309.0,19.21538543701172,2.8635122776031494,4.383535861968994,29.95282745361328,4.5131001472473145
310.0,26.67095947265625,4.089869976043701,5.164393424987793,26.33539581298828,8.917984008789062
311.0,18.075965881347656,2.590313196182251,4.251584053039551,29.35657501220703,3.335589647293091
312.0,18.869543075561523,2.782576560974121,4.343908786773682,29.83135223388672,3.7708163261413574
313.0,17.50664520263672,2.5776784420013428,4.184094429016113,28.33013153076172,3.702512741088867
314.0,18.646257400512695,2.9810428619384766,4.318131446838379,28.249427795410156,5.608734607696533
315.0,21.11693000793457,3.0290462970733643,4.595315933227539,29.514442443847656,4.283105850219727
316.0,17.85945701599121,2.7050516605377197,4.22604513168335,28.10070037841797,3.763181447982788
317.0,18.207799911499023,2.5609123706817627,4.267059803009033,28.9541015625,3.3199663162231445
318.0,20.904748916625977,2.9582316875457764,4.572171211242676,27.887290954589844,4.212703227996826
319.0,22.322153091430664,3.520895004272461,4.724632740020752,26.89141845703125,5.7186503410339355
320.0,18.455305099487305,2.7496464252471924,4.295963764190674,27.80755615234375,3.6400575637817383
321.0,17.955530166625977,2.5895168781280518,4.237396717071533,27.989768981933594,3.352760076522827
322.0,16.821807861328125,2.465770959854126,4.101439952850342,28.90258026123047,3.498983383178711
323.0,21.147014617919922,3.4146735668182373,4.598588466644287,27.009475708007812,6.769346237182617
324.0,29.872194290161133,3.9593725204467773,5.465546131134033,30.01714324951172,5.989264488220215
325.0,34.952030181884766,4.168829441070557,5.912024021148682,27.35338592529297,5.690670967102051
326.0,24.57029914855957,3.4361164569854736,4.956843852996826,30.35680389404297,5.121731758117676
327.0,17.419458389282227,2.692384958267212,4.1736626625061035,28.02191162109375,3.660766363143921
328.0,18.7728328704834,2.7693393230438232,4.332762718200684,29.17835235595703,4.632726669311523
329.0,23.64356231689453,3.406365156173706,4.862464427947998,28.303359985351562,4.6151509284973145
330.0,18.049795150756836,2.5542187690734863,4.248505115509033,30.14360809326172,3.4943699836730957
331.0,19.106201171875,2.778597116470337,4.371064186096191,28.236175537109375,3.9843943119049072
332.0,23.124486923217773,3.4030959606170654,4.808792591094971,26.753273010253906,5.126054763793945
333.0,20.518877029418945,3.0623693466186523,4.529776573181152,27.289779663085938,3.983917713165283
334.0,20.355199813842773,2.8080456256866455,4.511673927307129,30.01953125,3.6492977142333984
335.0,19.400083541870117,2.754472494125366,4.404552459716797,27.332740783691406,3.5242199897766113
336.0,17.280277252197266,2.477323293685913,4.156955242156982,29.600448608398438,3.513814926147461
337.0,18.89701271057129,2.9997241497039795,4.347069263458252,26.056678771972656,5.527958393096924
338.0,17.539003372192383,2.5186262130737305,4.18795919418335,28.93305206298828,3.5772197246551514
339.0,19.00440788269043,2.7263619899749756,4.359404563903809,27.891952514648438,3.642543077468872
340.0,31.5612735748291,3.8213233947753906,5.6179423332214355,29.067848205566406,6.1251935958862305
341.0,29.44927215576172,3.700244903564453,5.426718235015869,28.994003295898438,5.130202770233154
342.0,21.051408767700195,3.431608200073242,4.588181495666504,26.236534118652344,6.458086013793945
343.0,20.35590171813965,3.0801031589508057,4.511751651763916,28.046600341796875,4.129877090454102
344.0,18.4854736328125,2.7222890853881836,4.299473762512207,28.68706512451172,4.8574676513671875
345.0,23.21562385559082,3.778388738632202,4.818259239196777,26.58556365966797,6.595586776733398
346.0,20.0593204498291,2.8823907375335693,4.478763103485107,30.51776885986328,4.541192531585693
347.0,23.50337791442871,3.239475965499878,4.848028182983398,26.188194274902344,4.153268814086914
348.0,16.55250358581543,2.4106884002685547,4.068476676940918,29.08869171142578,3.2696533203125
349.0,21.7536563873291,3.267277479171753,4.664081573486328,26.13990020751953,4.679831504821777
350.0,20.32236671447754,2.9329121112823486,4.508033752441406,29.279441833496094,3.824188232421875
351.0,21.84978485107422,3.0679244995117188,4.674375534057617,28.722496032714844,4.148820877075195
352.0,23.30961036682129,3.4987735748291016,4.8280029296875,25.713943481445312,6.083159446716309
353.0,18.772729873657227,2.9501657485961914,4.3327507972717285,27.253250122070312,4.176122188568115
354.0,20.74863624572754,2.9265499114990234,4.55506706237793,27.97472381591797,3.764479637145996
355.0,24.408021926879883,3.6782352924346924,4.9404473304748535,26.712623596191406,5.233118534088135
356.0,22.27524757385254,3.0048866271972656,4.719666004180908,29.91412353515625,3.8615946769714355
357.0,34.18283462524414,4.973807334899902,5.846608638763428,25.066017150878906,8.76511001586914
358.0,20.903398513793945,2.9335670471191406,4.572023391723633,28.806381225585938,3.9669058322906494
359.0,22.479543685913086,2.9832990169525146,4.741259574890137,29.633506774902344,3.561720371246338
360.0,20.691720962524414,3.15021014213562,4.5488152503967285,27.7279052734375,4.420279502868652
361.0,39.93254470825195,4.085104465484619,6.319220066070557,27.670082092285156,4.916320323944092
362.0,17.398046493530273,2.448733329772949,4.171096324920654,28.375709533691406,3.682304620742798
363.0,19.034936904907227,2.7618465423583984,4.3629045486450195,28.95777130126953,3.786271333694458
364.0,23.8472900390625,3.282038688659668,4.883368492126465,30.643470764160156,4.802011966705322
365.0,19.48634910583496,2.918158769607544,4.414334297180176,27.667518615722656,3.7542953491210938
366.0,28.2564754486084,4.310767650604248,5.3156819343566895,25.15050506591797,6.632129192352295
367.0,23.60637855529785,3.1890628337860107,4.858639717102051,28.95928192138672,3.8454461097717285
368.0,18.613784790039062,2.8861629962921143,4.3143696784973145,27.46546173095703,4.352477073669434
369.0,24.345232009887695,3.5283591747283936,4.934088706970215,26.043128967285156,5.9180097579956055
370.0,17.06385612487793,2.5741257667541504,4.130842208862305,28.56464385986328,3.4533448219299316
371.0,21.393211364746094,3.2533977031707764,4.625279426574707,26.20478057861328,4.452929973602295
372.0,16.906028747558594,2.4534714221954346,4.1116943359375,29.041290283203125,3.4413650035858154
373.0,21.1530704498291,3.232287645339966,4.599246501922607,25.542503356933594,4.495471477508545
374.0,39.63957977294922,4.781530857086182,6.295997142791748,32.46302032470703,11.107110023498535
375.0,20.104663848876953,3.2388553619384766,4.483822345733643,26.277023315429688,5.644460201263428
376.0,22.980653762817383,3.1778085231781006,4.793814182281494,30.15827178955078,5.359393119812012
377.0,17.653867721557617,2.646150588989258,4.201650619506836,27.70539093017578,3.8111257553100586
378.0,17.171276092529297,2.6434075832366943,4.143823623657227,26.471153259277344,3.9106595516204834
379.0,17.331016540527344,2.5514585971832275,4.1630539894104,28.729522705078125,3.7882282733917236
380.0,17.13297462463379,2.5187289714813232,4.139199733734131,27.8555908203125,3.2749884128570557
381.0,19.621225357055664,3.1010847091674805,4.4295854568481445,26.49500274658203,4.860711097717285
382.0,22.568078994750977,3.2687644958496094,4.750587463378906,26.81439208984375,4.471874237060547
383.0,18.949914932250977,2.691451072692871,4.353149890899658,28.081504821777344,4.152501106262207
384.0,16.03076934814453,2.354180097579956,4.003844261169434,27.763145446777344,3.0718467235565186
385.0,17.646251678466797,2.8137762546539307,4.200744152069092,26.4058837890625,4.085434913635254
386.0,26.782983779907227,3.575648069381714,5.175228118896484,26.275680541992188,4.086945533752441
387.0,18.54138946533203,2.6046316623687744,4.305971145629883,29.985626220703125,4.140505790710449
388.0,16.98286247253418,2.564908504486084,4.121026992797852,27.861541748046875,3.641244888305664
389.0,20.124534606933594,2.8662960529327393,4.486037731170654,27.604209899902344,5.129619121551514
390.0,30.616037368774414,4.3726372718811035,5.533175945281982,25.082244873046875,6.909506797790527
391.0,20.35600471496582,2.832509994506836,4.511763095855713,28.064193725585938,4.148250579833984
392.0,17.58179473876953,2.554412603378296,4.193065166473389,27.16454315185547,3.3478140830993652
393.0,17.292238235473633,2.4658350944519043,4.158393859863281,28.889747619628906,3.820021867752075
394.0,17.082338333129883,2.628868341445923,4.133078575134277,26.18169403076172,3.921834707260132
395.0,17.648780822753906,2.6864404678344727,4.201045036315918,25.97747802734375,3.657654285430908
396.0,24.512977600097656,3.4262351989746094,4.951058387756348,26.479591369628906,4.7459797859191895
397.0,22.549766540527344,3.123929262161255,4.748659610748291,30.0130615234375,4.368204116821289
398.0,19.26719856262207,2.918767213821411,4.38944149017334,27.18304443359375,3.8405609130859375
399.0,29.326583862304688,4.048929691314697,5.415402412414551,25.672607421875,6.163024425506592
400.0,27.917694091796875,3.5473568439483643,5.283719539642334,29.020675659179688,4.821921348571777
401.0,16.225893020629883,2.566140651702881,4.028137683868408,26.86992645263672,3.8612020015716553
402.0,16.337141036987305,2.3935837745666504,4.0419230461120605,27.355728149414062,3.302701950073242
403.0,24.55437660217285,3.3979289531707764,4.95523738861084,28.677635192871094,4.366612434387207
404.0,17.301300048828125,2.5594871044158936,4.159482955932617,27.87500762939453,3.6392767429351807
405.0,17.064287185668945,2.517441987991333,4.130894184112549,28.337196350097656,4.125190734863281
406.0,20.97654151916504,3.4141504764556885,4.580015659332275,25.67467498779297,5.916689872741699
407.0,27.121076583862305,4.021809101104736,5.207789897918701,24.928024291992188,5.8562846183776855
408.0,21.04191017150879,3.036113977432251,4.587146282196045,30.14147186279297,5.824098110198975
409.0,18.14031982421875,2.4925572872161865,4.259145259857178,28.406890869140625,3.2530863285064697
410.0,25.03957176208496,3.7541935443878174,5.003955841064453,26.01342010498047,4.879572868347168
411.0,25.947118759155273,3.5244228839874268,5.093831539154053,29.94007110595703,7.049322128295898
412.0,16.51478385925293,2.463224172592163,4.063838481903076,27.619773864746094,3.2100861072540283
413.0,16.28425407409668,2.4249379634857178,4.035375118255615,27.76036834716797,3.2622199058532715
414.0,18.969205856323242,2.7867298126220703,4.35536527633667,28.899391174316406,4.830839157104492
415.0,25.800443649291992,3.502852201461792,5.079413890838623,27.279335021972656,5.2321882247924805
416.0,17.994909286499023,2.7193524837493896,4.242040634155273,26.957412719726562,4.003779411315918
417.0,19.97245216369629,2.9277074337005615,4.46905517578125,28.874900817871094,5.111562252044678
418.0,17.72583770751953,2.703453779220581,4.210206508636475,28.006149291992188,4.313891887664795
419.0,17.996061325073242,2.7361793518066406,4.242176532745361,27.760711669921875,3.9615187644958496
420.0,22.594276428222656,3.263230562210083,4.75334358215332,25.919357299804688,3.9727792739868164
421.0,18.311254501342773,2.736016035079956,4.279165267944336,26.17310333251953,3.7169601917266846
422.0,19.439401626586914,2.817798614501953,4.409013748168945,27.726646423339844,4.824787139892578
423.0,17.9510555267334,2.8081233501434326,4.236868381500244,27.22614288330078,3.7001595497131348
424.0,21.317502975463867,3.2067983150482178,4.617088317871094,25.86188507080078,4.154616355895996
425.0,18.98811912536621,3.110173463821411,4.3575358390808105,25.473289489746094,4.515476226806641
426.0,26.641342163085938,3.4871723651885986,5.161525249481201,28.192214965820312,4.660524845123291
427.0,22.098676681518555,3.4906749725341797,4.700922966003418,26.718772888183594,6.431044578552246
428.0,21.9798641204834,3.1001081466674805,4.688268661499023,28.316787719726562,3.7619168758392334
429.0,17.645286560058594,2.658891201019287,4.200629234313965,26.748046875,3.480668783187866
430.0,22.639802932739258,3.13500714302063,4.758130073547363,27.704811096191406,3.9591503143310547
431.0,23.96978759765625,3.2284457683563232,4.895895004272461,26.665016174316406,4.431776523590088
432.0,18.39374542236328,2.9575986862182617,4.288793087005615,25.9530029296875,4.248848915100098
433.0,18.490936279296875,2.7649049758911133,4.300108909606934,28.798568725585938,3.9797167778015137
434.0,22.068429946899414,3.2066967487335205,4.697704792022705,27.403533935546875,4.1623992919921875
435.0,20.703828811645508,3.309899091720581,4.550146102905273,25.358352661132812,5.213657379150391
436.0,18.511688232421875,2.7532851696014404,4.302521228790283,26.889358520507812,3.868363380432129
437.0,19.976388931274414,3.111811399459839,4.4694952964782715,26.24957275390625,4.913731098175049
438.0,21.716903686523438,3.517606496810913,4.660140037536621,25.621192932128906,6.547464370727539
439.0,16.080167770385742,2.453652858734131,4.010008335113525,26.925498962402344,3.2115328311920166
440.0,16.327974319458008,2.445147752761841,4.040788650512695,28.20427703857422,3.6072421073913574
441.0,18.194063186645508,2.6944332122802734,4.2654500007629395,27.60033416748047,3.8370604515075684
442.0,17.99578285217285,2.878291130065918,4.242143630981445,26.41382598876953,4.6720404624938965
443.0,21.36498260498047,3.0707359313964844,4.622227191925049,26.274620056152344,4.166563034057617
444.0,21.181550979614258,3.0475921630859375,4.602342128753662,26.82495880126953,4.244983196258545
445.0,20.22090721130371,2.857173204421997,4.496766090393066,25.904808044433594,3.6542444229125977
446.0,27.99106788635254,4.277978897094727,5.290658473968506,23.750572204589844,7.5152411460876465
447.0,23.590707778930664,3.355729818344116,4.85702657699585,28.979934692382812,6.724189758300781
448.0,17.600950241088867,2.529160737991333,4.195348739624023,28.04828643798828,3.471194267272949
449.0,15.359545707702637,2.3890838623046875,3.919125556945801,26.414207458496094,3.247206211090088
450.0,14.991279602050781,2.235339879989624,3.8718574047088623,26.681861877441406,2.9133801460266113
451.0,15.696450233459473,2.522348403930664,3.961874485015869,25.903953552246094,3.880277156829834
452.0,19.608654022216797,2.946573495864868,4.428165912628174,25.099403381347656,4.0758771896362305
453.0,20.233848571777344,2.998072385787964,4.498205184936523,26.260452270507812,3.911754846572876
454.0,26.08937644958496,3.566441535949707,5.107776165008545,29.14898681640625,5.347529411315918
455.0,19.384735107421875,2.9417505264282227,4.402810096740723,27.02898406982422,3.6723759174346924
456.0,17.00429916381836,2.4779131412506104,4.123626708984375,28.38520050048828,3.144583225250244
457.0,21.903602600097656,3.616088628768921,4.680128574371338,25.54041290283203,6.086401462554932
458.0,17.811630249023438,2.6040427684783936,4.2203826904296875,27.38561248779297,3.362307071685791
459.0,19.833227157592773,2.9804553985595703,4.453451156616211,27.98029327392578,3.9347712993621826
460.0,16.59558868408203,2.568882942199707,4.073768138885498,27.029457092285156,3.812540054321289
461.0,21.31132698059082,3.08035945892334,4.616419315338135,27.56499481201172,4.975457191467285
462.0,25.285898208618164,3.888254404067993,5.02850866317749,23.958038330078125,5.997064590454102
463.0,18.69800567626953,2.8052732944488525,4.3241190910339355,26.389488220214844,5.544074058532715
464.0,39.01530075073242,4.400768756866455,6.246222972869873,25.821243286132812,5.213079929351807
465.0,21.735443115234375,3.016756296157837,4.662128448486328,28.623939514160156,4.736907482147217
466.0,16.363554000854492,2.5890843868255615,4.045188903808594,25.507614135742188,3.5166099071502686
467.0,16.56407356262207,2.4391074180603027,4.06989860534668,27.46192169189453,3.1059155464172363
468.0,20.733932495117188,2.824556350708008,4.553452968597412,27.77790069580078,3.4543473720550537
469.0,17.040510177612305,2.6292974948883057,4.128015518188477,26.72486114501953,3.7806663513183594
470.0,18.500871658325195,2.7124335765838623,4.301263809204102,27.678504943847656,4.980533123016357
471.0,21.775619506835938,3.4677743911743164,4.666435241699219,25.27954864501953,5.042576789855957
472.0,19.95313835144043,2.8834917545318604,4.466893672943115,27.71959686279297,4.39753532409668
473.0,18.437040328979492,2.9528350830078125,4.293837547302246,24.40129852294922,4.574881076812744
474.0,17.4022274017334,2.526660680770874,4.171597480773926,27.580825805664062,4.098072052001953
475.0,19.225629806518555,2.8793201446533203,4.384704113006592,27.385391235351562,4.4042439460754395
476.0,16.20451545715332,2.631260871887207,4.025483131408691,24.51537322998047,3.9862632751464844
477.0,16.74336814880371,2.549567222595215,4.0918660163879395,27.58527374267578,3.9725143909454346
478.0,19.1827449798584,2.8521316051483154,4.3798112869262695,26.195350646972656,3.9157180786132812
479.0,18.81148338317871,2.8358707427978516,4.337220668792725,26.906890869140625,3.9767768383026123
480.0,22.355987548828125,3.154111862182617,4.728211879730225,29.07831573486328,3.924825668334961
481.0,22.985803604125977,3.8242416381835938,4.794351100921631,24.18291473388672,6.615548610687256
482.0,21.39310646057129,2.9607620239257812,4.625268459320068,27.761581420898438,5.560861110687256
483.0,22.898405075073242,3.1884191036224365,4.7852277755737305,24.379066467285156,3.930135488510132
484.0,25.491172790527344,3.52256178855896,5.048878192901611,28.339035034179688,5.602438926696777
485.0,18.25261116027832,2.57425856590271,4.272307395935059,27.420516967773438,3.2819244861602783
486.0,19.84495735168457,2.8381683826446533,4.45476770401001,26.97991943359375,3.820091485977173
487.0,21.532861709594727,3.074561834335327,4.640351295471191,28.268104553222656,4.749096870422363
488.0,22.192855834960938,3.2795066833496094,4.7109293937683105,25.71643829345703,4.30889892578125
489.0,16.663724899291992,2.6322288513183594,4.082122802734375,25.843276977539062,3.6675829887390137
490.0,21.305776596069336,3.4976279735565186,4.615818023681641,24.943603515625,5.885201454162598
491.0,17.869539260864258,2.5940935611724854,4.227237701416016,27.20439910888672,3.818774938583374
492.0,22.918245315551758,3.4431161880493164,4.7873005867004395,26.213645935058594,7.275378704071045
493.0,23.987680435180664,3.902951955795288,4.897721767425537,24.70948028564453,6.038665771484375
494.0,16.93807029724121,2.513489246368408,4.115588665008545,28.35242462158203,3.767970085144043
495.0,19.93883514404297,3.1640465259552,4.465292453765869,24.48540496826172,4.779006004333496
496.0,16.335874557495117,2.4500064849853516,4.041766166687012,27.33771514892578,3.630553960800171
497.0,17.650964736938477,2.900192975997925,4.201304912567139,25.810928344726562,4.696648120880127
498.0,33.77253341674805,4.434635162353516,5.8114142417907715,25.334762573242188,5.87640905380249
499.0,17.64459800720215,2.611290216445923,4.200547218322754,27.701866149902344,4.713338851928711
500.0,17.560131072998047,2.759835958480835,4.190481185913086,26.811019897460938,4.397322654724121
501.0,22.279891967773438,3.609877347946167,4.720158100128174,24.55987548828125,5.21057653427124
502.0,21.869140625,3.2124595642089844,4.676445484161377,25.43384552001953,4.603447437286377
503.0,16.960966110229492,2.560847043991089,4.1183695793151855,25.943321228027344,3.4266936779022217
504.0,20.57014274597168,2.8973042964935303,4.535431861877441,26.12946319580078,4.1008453369140625
505.0,21.214418411254883,3.1206369400024414,4.6059112548828125,27.36852264404297,5.298830509185791
506.0,19.706079483032227,2.9499704837799072,4.43915319442749,24.585609436035156,4.0565948486328125
507.0,15.804348945617676,2.489717721939087,3.975468397140503,26.01325225830078,3.2873857021331787
508.0,16.815961837768555,2.6121737957000732,4.100727081298828,25.28917694091797,3.4456942081451416
509.0,22.59235382080078,3.2140700817108154,4.753141403198242,27.23748016357422,5.213764667510986
510.0,22.317419052124023,3.2906906604766846,4.7241315841674805,24.259765625,4.433460235595703
511.0,24.155961990356445,3.0941388607025146,4.914871692657471,27.643638610839844,3.8336410522460938
512.0,17.33943748474121,2.780270576477051,4.164064884185791,25.418418884277344,4.329372406005859
513.0,20.677175521850586,2.9429824352264404,4.547216415405273,25.87175750732422,4.838634490966797
514.0,18.42333984375,2.73364520072937,4.292242050170898,26.3623046875,4.975933074951172
515.0,15.966873168945312,2.5869944095611572,3.995857000350952,25.89257049560547,3.7882063388824463
516.0,19.14710807800293,2.6990785598754883,4.375741004943848,27.13030242919922,3.8371551036834717
517.0,25.521379470825195,3.696732521057129,5.051868915557861,24.765335083007812,5.166544437408447
518.0,16.43099594116211,2.426751136779785,4.053516387939453,25.7113037109375,3.27762770652771
519.0,17.346586227416992,2.539778470993042,4.164923191070557,26.319915771484375,3.1985673904418945
520.0,21.71647071838379,2.9192569255828857,4.660093307495117,26.234275817871094,3.73840594291687
521.0,21.585601806640625,3.201751708984375,4.646030902862549,27.954627990722656,5.014066219329834
522.0,18.6469783782959,2.8250160217285156,4.3182148933410645,27.60065460205078,4.048264026641846
523.0,18.90205955505371,3.0222063064575195,4.347650051116943,25.60112762451172,5.6588335037231445
524.0,22.174646377563477,3.37480092048645,4.708996295928955,25.342506408691406,4.57206392288208
525.0,31.386560440063477,3.57305645942688,5.602370738983154,29.35791015625,4.466152191162109
526.0,17.915422439575195,2.6707775592803955,4.232661247253418,27.783126831054688,4.659893035888672
527.0,17.050996780395508,2.692675828933716,4.1292853355407715,25.4974365234375,3.9393889904022217
528.0,23.135183334350586,3.224414110183716,4.8099045753479,27.718284606933594,6.685360431671143
529.0,19.459714889526367,3.0449488162994385,4.411316871643066,25.33684539794922,4.099555492401123
530.0,20.845060348510742,3.442633867263794,4.565639019012451,24.52191162109375,7.219428539276123
531.0,23.203277587890625,3.079179048538208,4.8169779777526855,27.128074645996094,4.22158670425415
532.0,19.58281707763672,3.153383255004883,4.425247669219971,24.540390014648438,5.042421817779541
533.0,16.803300857543945,2.4817702770233154,4.099183082580566,26.424400329589844,3.821045160293579
534.0,23.460195541381836,3.299286127090454,4.843572616577148,24.837974548339844,3.7694666385650635
535.0,17.17339515686035,2.52577543258667,4.144079685211182,25.461753845214844,3.3914883136749268
536.0,17.562314987182617,2.900099515914917,4.190741539001465,26.04156494140625,5.3804473876953125
537.0,16.70946502685547,2.5651071071624756,4.087721347808838,27.533340454101562,3.640481948852539
538.0,17.364967346191406,2.9096829891204834,4.1671295166015625,25.422401428222656,4.728038787841797
539.0,16.4854793548584,2.4615116119384766,4.0602312088012695,25.637901306152344,3.358271598815918
540.0,16.468881607055664,2.445758581161499,4.058187007904053,27.279373168945312,3.720916509628296
541.0,17.5450382232666,2.6310737133026123,4.1886796951293945,26.126670837402344,3.6265997886657715
542.0,16.861352920532227,2.5418920516967773,4.106257915496826,26.77436065673828,3.6010448932647705
543.0,16.92991828918457,2.5434815883636475,4.114598274230957,26.928466796875,3.7278943061828613
544.0,18.482315063476562,2.7377822399139404,4.299106121063232,25.23925018310547,3.929715156555176
545.0,17.45155143737793,2.6995761394500732,4.1775054931640625,26.23363494873047,3.593691825866699
546.0,15.670426368713379,2.614370107650757,3.9585888385772705,24.487014770507812,4.206380367279053
547.0,24.551538467407227,3.324256658554077,4.95495080947876,28.26471710205078,5.0066447257995605
548.0,25.341386795043945,3.716737747192383,5.034022808074951,23.952545166015625,5.362756729125977
549.0,16.157974243164062,2.626471519470215,4.019698143005371,24.903892517089844,3.9080023765563965
550.0,22.096426010131836,3.087231397628784,4.70068359375,26.88067626953125,4.383419990539551
551.0,15.022980690002441,2.2993311882019043,3.875948905944824,25.30938720703125,3.0140912532806396
552.0,18.33077049255371,2.7888286113739014,4.281445026397705,24.92711639404297,4.091129779815674
553.0,17.431081771850586,2.5934321880340576,4.175054550170898,25.976966857910156,3.8414723873138428
554.0,17.66266632080078,2.6229004859924316,4.202697277069092,26.074913024902344,4.583160400390625
555.0,15.51959228515625,2.4625084400177,3.9394912719726562,25.501953125,3.5036306381225586
556.0,18.71979331970215,3.1354305744171143,4.3266377449035645,23.996009826660156,5.445153713226318
557.0,15.523436546325684,2.498577833175659,3.939979314804077,24.686187744140625,3.3612866401672363
558.0,22.862096786499023,3.360112190246582,4.781432628631592,25.721397399902344,4.400153636932373
559.0,15.435505867004395,2.4811699390411377,3.928804636001587,25.641197204589844,3.679222345352173
560.0,16.749597549438477,2.6895599365234375,4.092627048492432,24.414649963378906,3.661412000656128
561.0,16.049652099609375,2.5906126499176025,4.00620174407959,24.71849822998047,3.697646141052246
562.0,25.5303897857666,3.409337043762207,5.052760601043701,28.42407989501953,4.111151218414307
563.0,17.309797286987305,2.7809345722198486,4.160504341125488,25.1429443359375,4.017569541931152
564.0,17.55866050720215,2.652630090713501,4.190305709838867,26.228843688964844,3.368169069290161
565.0,22.421842575073242,3.0830307006835938,4.735170841217041,25.202621459960938,3.7376060485839844
566.0,17.718372344970703,2.616511821746826,4.209319591522217,25.614471435546875,3.4408490657806396
567.0,20.386751174926758,2.976374864578247,4.515169143676758,28.39459991455078,5.7599382400512695
568.0,23.20612144470215,3.4872207641601562,4.817273139953613,25.45061492919922,7.246405601501465
569.0,16.482820510864258,2.6648902893066406,4.059904098510742,24.953330993652344,3.844351053237915
570.0,21.65260124206543,3.0737411975860596,4.65323543548584,25.396644592285156,3.9283413887023926
571.0,19.95452117919922,2.8459393978118896,4.467048168182373,26.074539184570312,3.945873737335205
572.0,21.48040771484375,3.4646294116973877,4.634696006774902,24.45568084716797,5.082461357116699
573.0,17.260221481323242,2.6153504848480225,4.154542446136475,25.39356231689453,3.494194507598877
574.0,16.804874420166016,2.646855354309082,4.099374771118164,23.48711395263672,3.8138601779937744
575.0,17.150190353393555,2.5479490756988525,4.1412787437438965,25.40351104736328,3.2601053714752197
576.0,16.35417366027832,2.5562260150909424,4.044029235839844,26.338699340820312,3.8836300373077393
577.0,18.876218795776367,2.725235939025879,4.344676971435547,24.59825897216797,3.470536708831787
578.0,14.848037719726562,2.3098843097686768,3.8533151149749756,25.26459503173828,3.0733978748321533
579.0,17.119491577148438,2.5933358669281006,4.137570858001709,24.61823272705078,3.5274927616119385
580.0,16.186796188354492,2.5112357139587402,4.023281574249268,24.96526336669922,3.5026326179504395
581.0,19.956018447875977,2.887864351272583,4.4672160148620605,25.327232360839844,3.5609803199768066
582.0,16.501577377319336,2.4188108444213867,4.06221342086792,26.29615020751953,3.5326342582702637
583.0,16.281362533569336,2.4286837577819824,4.035017013549805,25.31061553955078,3.0751607418060303
584.0,26.658891677856445,3.7546145915985107,5.163224697113037,27.725746154785156,7.620972633361816
585.0,17.192434310913086,2.6013290882110596,4.146376132965088,25.708900451660156,3.4877891540527344
586.0,26.171783447265625,3.7757599353790283,5.1158366203308105,23.299964904785156,4.531357765197754
587.0,21.898588180541992,3.269510269165039,4.679592609405518,24.154457092285156,4.351864814758301
588.0,20.640037536621094,3.016423463821411,4.543130874633789,26.04956817626953,4.148015975952148
589.0,17.43256950378418,2.940851926803589,4.175232887268066,23.653892517089844,4.637091159820557
590.0,19.981178283691406,2.8936564922332764,4.470031261444092,26.09131622314453,4.632588863372803
591.0,17.14682960510254,2.7367429733276367,4.140872955322266,25.67914581298828,4.244683265686035
592.0,18.84069061279297,2.7595813274383545,4.3405866622924805,26.35869598388672,3.4654881954193115
593.0,17.799474716186523,3.059856414794922,4.218942165374756,24.12555694580078,5.187523365020752
594.0,15.830714225769043,2.500636339187622,3.978782892227173,24.978614807128906,3.515850305557251
595.0,17.36952781677246,2.602078676223755,4.1676764488220215,27.377098083496094,3.475935697555542
596.0,15.60631275177002,2.4469470977783203,3.9504826068878174,24.475677490234375,3.6241655349731445
597.0,16.85060691833496,2.5892131328582764,4.104948997497559,25.128700256347656,3.6945130825042725
598.0,15.771553039550781,2.6386168003082275,3.971341371536255,23.68798065185547,4.506630897521973
599.0,23.74400520324707,3.325629234313965,4.872782230377197,25.63001251220703,6.138134002685547
600.0,16.83074188232422,2.8007938861846924,4.1025285720825195,23.73017120361328,5.269920349121094
601.0,25.13665008544922,3.3879804611206055,5.013646602630615,27.837013244628906,4.640533447265625
602.0,15.824630737304688,2.463528871536255,3.9780185222625732,24.817062377929688,3.1179418563842773
603.0,16.48911476135254,2.5516788959503174,4.060678958892822,24.72362518310547,3.6531403064727783
604.0,15.661826133728027,2.4815080165863037,3.957502603530884,25.41131591796875,3.4314844608306885
605.0,16.77494239807129,2.6578257083892822,4.095722675323486,24.21143341064453,4.266448497772217
606.0,20.110708236694336,2.9582443237304688,4.484496593475342,25.83300018310547,5.471574306488037
607.0,16.544588088989258,2.5745646953582764,4.067503929138184,25.151283264160156,3.444204807281494
608.0,16.89301872253418,2.6490509510040283,4.110111713409424,23.51226043701172,3.7004988193511963
609.0,14.86590576171875,2.309614896774292,3.855633020401001,25.035720825195312,3.0534772872924805
610.0,19.38554573059082,3.071505546569824,4.402902126312256,23.254798889160156,4.15358304977417
611.0,15.776596069335938,2.5411598682403564,3.9719762802124023,24.504074096679688,3.700866222381592
612.0,19.57249641418457,3.215894937515259,4.424081325531006,23.247116088867188,4.765035629272461
613.0,18.855226516723633,2.65860915184021,4.342260360717773,26.72199249267578,3.252037286758423
614.0,22.76038360595703,3.2946460247039795,4.770784378051758,26.816490173339844,4.733459949493408
615.0,17.462488174438477,2.877664804458618,4.17881441116333,25.1658935546875,4.797882080078125
616.0,27.902738571166992,3.6874430179595947,5.282304286956787,25.559051513671875,5.511262893676758
617.0,21.272188186645508,3.226116895675659,4.612178325653076,23.70384979248047,4.540421962738037
618.0,15.317390441894531,2.3414528369903564,3.913743734359741,24.434349060058594,3.3106791973114014
619.0,17.9585018157959,2.6698620319366455,4.2377471923828125,25.185218811035156,3.7140817642211914
620.0,16.182449340820312,2.426640748977661,4.022741317749023,24.80402374267578,3.3189172744750977
621.0,23.29176902770996,3.3575994968414307,4.826154708862305,24.69329071044922,3.8133692741394043
622.0,19.764314651489258,2.8515989780426025,4.445707321166992,28.200889587402344,4.259841442108154
623.0,15.989158630371094,2.5841610431671143,3.9986445903778076,24.16656494140625,3.6903321743011475
624.0,16.330015182495117,2.5272343158721924,4.041041374206543,26.242820739746094,4.064850330352783
625.0,16.995512008666992,2.5114731788635254,4.122561454772949,26.270301818847656,3.5712878704071045
626.0,21.010251998901367,3.2013683319091797,4.583693981170654,23.268539428710938,4.813763618469238
627.0,15.455462455749512,2.4223122596740723,3.9313435554504395,25.23625946044922,3.324436664581299
628.0,31.333831787109375,3.9620046615600586,5.597662925720215,24.095596313476562,4.622684955596924
629.0,22.440263748168945,3.16394305229187,4.737115383148193,24.688522338867188,4.886343002319336
630.0,16.17098045349121,2.641855478286743,4.021315574645996,23.41710662841797,4.061074733734131
631.0,16.115758895874023,2.605738878250122,4.014443874359131,24.714622497558594,3.625401020050049
632.0,25.73675537109375,3.6002299785614014,5.073140621185303,26.204696655273438,6.228248596191406
633.0,15.14343547821045,2.4306938648223877,3.8914568424224854,24.307266235351562,3.5037219524383545
634.0,18.821378707885742,2.764193534851074,4.3383612632751465,25.989601135253906,3.9726216793060303
635.0,18.485071182250977,2.9476473331451416,4.299427032470703,24.104873657226562,4.320255279541016
636.0,22.313783645629883,3.546180009841919,4.7237467765808105,23.75495147705078,6.147853851318359
637.0,19.022314071655273,2.767038345336914,4.361457824707031,25.482376098632812,4.574929714202881
638.0,20.28823471069336,3.0487279891967773,4.504246234893799,25.61890411376953,5.509536266326904
639.0,18.689523696899414,2.9993813037872314,4.323138236999512,23.825233459472656,4.464632034301758
640.0,20.112144470214844,2.9991579055786133,4.48465633392334,22.506683349609375,4.1657328605651855
641.0,17.580963134765625,2.7100934982299805,4.192965984344482,24.8006591796875,4.33308744430542
642.0,16.366050720214844,2.5996346473693848,4.045497417449951,24.750869750976562,4.25781774520874
643.0,20.84308433532715,2.964688539505005,4.565422534942627,25.24004364013672,4.598858833312988
644.0,32.88409423828125,4.563421726226807,5.734465599060059,20.38098907470703,6.773915767669678
645.0,22.336156845092773,3.078611373901367,4.726114273071289,26.39496612548828,4.514482021331787
646.0,33.97079849243164,4.158187389373779,5.828447341918945,27.559593200683594,4.760789394378662
647.0,22.932357788085938,3.4459445476531982,4.788774013519287,23.743423461914062,6.063675880432129
648.0,16.723936080932617,2.6570775508880615,4.08949089050293,24.609542846679688,4.087345123291016
649.0,19.197120666503906,2.807673215866089,4.3814520835876465,27.44141387939453,4.780335903167725
650.0,17.093408584594727,2.853130578994751,4.134417533874512,24.638214111328125,5.003294467926025
651.0,16.396135330200195,2.4453015327453613,4.0492143630981445,25.05902099609375,3.05138897895813
652.0,19.90350914001465,2.7057695388793945,4.461334705352783,24.500411987304688,3.28794002532959
653.0,17.963476181030273,2.740215539932251,4.2383341789245605,25.392013549804688,5.105881214141846
654.0,16.93018913269043,2.7091197967529297,4.114631175994873,23.18421173095703,4.1717400550842285
655.0,18.465909957885742,2.7432363033294678,4.2971978187561035,25.336891174316406,4.513192176818848
656.0,18.39503288269043,2.5919551849365234,4.288943290710449,25.82135009765625,3.3787102699279785
657.0,16.35292625427246,2.419243812561035,4.043875217437744,25.58641815185547,3.13193678855896
658.0,17.349401473999023,2.621445417404175,4.165261268615723,26.047210693359375,3.7218823432922363
659.0,15.211296081542969,2.435180425643921,3.9001662731170654,24.099761962890625,3.6363768577575684
660.0,15.935835838317871,2.4379358291625977,3.991971492767334,25.68663787841797,3.032686710357666
661.0,16.89803123474121,2.8395824432373047,4.110721588134766,23.200729370117188,4.511002063751221
662.0,15.117199897766113,2.377789258956909,3.8880844116210938,24.531280517578125,3.436352014541626
663.0,20.173437118530273,2.9607231616973877,4.491485118865967,25.79962921142578,4.829061031341553
664.0,15.70289134979248,2.4076578617095947,3.9626874923706055,25.603988647460938,3.4486286640167236
665.0,17.1461238861084,2.720217704772949,4.140787601470947,23.244598388671875,3.99812388420105
666.0,17.32355499267578,2.6137640476226807,4.1621575355529785,25.549278259277344,3.4029293060302734
667.0,19.508176803588867,2.9957869052886963,4.416806221008301,24.826126098632812,4.723846912384033
668.0,17.966167449951172,2.7919483184814453,4.238651752471924,23.55359649658203,4.557264804840088
669.0,17.930912017822266,2.6362125873565674,4.234490871429443,25.510101318359375,3.744840145111084
670.0,16.03669548034668,2.4640300273895264,4.004584312438965,24.78723907470703,3.773244857788086
671.0,19.81146812438965,3.2902114391326904,4.45100736618042,21.62511444091797,6.597715377807617
672.0,17.43844985961914,2.6106619834899902,4.175937175750732,24.67603302001953,3.326855182647705
673.0,15.464953422546387,2.365948438644409,3.9325504302978516,25.662368774414062,3.5268735885620117
674.0,21.120250701904297,3.2524354457855225,4.595677375793457,22.61328887939453,4.581690788269043
675.0,16.769136428833008,2.456526041030884,4.095013618469238,24.735931396484375,3.2669854164123535
676.0,18.687952041625977,2.7806529998779297,4.322956562042236,25.49712371826172,3.973792791366577
677.0,20.89486312866211,3.204821825027466,4.571089744567871,22.16942596435547,4.523072242736816
678.0,20.66629981994629,2.9118340015411377,4.546020030975342,25.302757263183594,3.7285969257354736
679.0,17.984996795654297,2.8167905807495117,4.240872383117676,24.817420959472656,3.9999983310699463
680.0,15.693570137023926,2.4924919605255127,3.9615111351013184,23.22270965576172,3.3810882568359375
681.0,20.465290069580078,2.9171884059906006,4.523858070373535,24.269004821777344,3.579563617706299
682.0,19.62248992919922,2.9413280487060547,4.429728031158447,26.048377990722656,5.698339462280273
683.0,15.90707778930664,2.588517665863037,3.988367795944214,24.17772674560547,3.4644079208374023
684.0,21.2320556640625,3.180643081665039,4.60782527923584,24.514320373535156,4.618354320526123
685.0,19.792015075683594,3.05462908744812,4.448821544647217,22.589637756347656,4.211650848388672
686.0,16.163150787353516,2.428603172302246,4.0203423500061035,26.536941528320312,3.495260715484619
687.0,18.977022171020508,3.0455217361450195,4.35626220703125,23.99108123779297,4.535527229309082
688.0,15.1886568069458,2.3508970737457275,3.8972628116607666,24.279342651367188,3.058910369873047
689.0,26.69158172607422,3.7057788372039795,5.166389465332031,22.877593994140625,4.2138190269470215
690.0,15.625244140625,2.455597162246704,3.952877998352051,25.541152954101562,3.166599988937378
691.0,18.85771369934082,2.9099576473236084,4.3425469398498535,23.938270568847656,4.129361152648926
692.0,17.12395477294922,2.9561607837677,4.138110160827637,23.181564331054688,4.509059906005859
693.0,17.389869689941406,2.748662233352661,4.170116424560547,24.584510803222656,4.8530097007751465
694.0,19.850595474243164,3.338771104812622,4.4554009437561035,22.573707580566406,6.9037251472473145
695.0,16.103687286376953,2.492264986038208,4.012939929962158,25.00524139404297,3.938319444656372
696.0,24.338472366333008,3.2936675548553467,4.933403491973877,25.324951171875,3.958019971847534
697.0,20.4332218170166,3.233032464981079,4.520312309265137,21.78502655029297,4.364353179931641
698.0,16.04755401611328,2.5961148738861084,4.005939960479736,23.67804718017578,4.2835564613342285
699.0,19.4249324798584,2.77187442779541,4.40737247467041,25.94495391845703,3.336989402770996
700.0,17.7551326751709,2.8056442737579346,4.21368408203125,25.634300231933594,3.7892982959747314
701.0,15.8202543258667,2.477595567703247,3.977468252182007,23.723480224609375,4.119788646697998
702.0,22.489755630493164,3.2270450592041016,4.742336750030518,25.68134307861328,7.243378639221191
703.0,16.310781478881836,2.5455901622772217,4.038661003112793,24.099098205566406,3.566741943359375
704.0,18.362085342407227,2.7205259799957275,4.28510046005249,24.91900634765625,4.1715803146362305
705.0,20.912429809570312,3.2101166248321533,4.5730109214782715,23.06822967529297,4.449622631072998
706.0,24.44782066345215,3.2932541370391846,4.944473743438721,27.249061584472656,3.888763189315796
707.0,18.663389205932617,2.8001549243927,4.320114612579346,26.220504760742188,4.018683910369873
708.0,15.785927772521973,2.6121294498443604,3.9731509685516357,23.90924835205078,4.255804538726807
709.0,23.394643783569336,3.7138211727142334,4.836801052093506,23.945533752441406,7.052349090576172
710.0,18.28081703186035,2.8705108165740967,4.275607109069824,22.75505828857422,3.7225942611694336
711.0,22.2322940826416,3.193819761276245,4.715113162994385,24.95111846923828,7.099700927734375
712.0,25.979230880737305,3.7081384658813477,5.096982479095459,26.97332000732422,6.058910369873047
713.0,26.155920028686523,4.1044087409973145,5.114285945892334,23.571853637695312,6.598578929901123
714.0,16.33936882019043,2.4480316638946533,4.042198657989502,26.36132049560547,3.5086984634399414
715.0,16.415481567382812,2.5274393558502197,4.051602363586426,24.56560516357422,3.5380971431732178
716.0,21.66499900817871,3.038008451461792,4.654567718505859,27.111793518066406,4.899211406707764
717.0,16.475805282592773,2.5570390224456787,4.059040069580078,24.681655883789062,3.485708713531494
718.0,27.065597534179688,4.064393997192383,5.202460765838623,23.24077606201172,6.056841850280762
719.0,26.913652420043945,3.3876054286956787,5.18783712387085,24.399269104003906,4.01035213470459
720.0,16.063371658325195,2.5270776748657227,4.007913589477539,24.261444091796875,3.6950020790100098
721.0,23.60809326171875,3.5778448581695557,4.858816146850586,21.998130798339844,4.846863746643066
722.0,18.13129234313965,2.6931350231170654,4.25808572769165,26.456077575683594,4.029829978942871
723.0,16.883153915405273,2.8074951171875,4.108911514282227,22.80560302734375,4.710345268249512
724.0,25.97591209411621,3.5335371494293213,5.096656799316406,24.26142120361328,4.5615386962890625
725.0,16.13420867919922,2.522348403930664,4.0167412757873535,25.758689880371094,3.4958910942077637
726.0,21.451454162597656,3.063467025756836,4.631571292877197,25.60565185546875,3.7495083808898926
727.0,21.688438415527344,3.4485981464385986,4.657084941864014,22.217910766601562,5.2637128829956055
728.0,17.70648765563965,2.7102482318878174,4.207907676696777,25.691123962402344,3.490057945251465
729.0,18.47831916809082,2.8508732318878174,4.298641681671143,22.873252868652344,4.136707305908203
730.0,27.628677368164062,4.034454345703125,5.256299018859863,20.26262664794922,6.238524436950684
731.0,18.87437629699707,2.894603967666626,4.344465255737305,24.815704345703125,4.919200897216797
732.0,16.302555084228516,2.808116912841797,4.037642478942871,22.53374481201172,4.740151882171631
733.0,39.45656204223633,4.470877170562744,6.2814459800720215,22.740966796875,5.6058478355407715
734.0,18.325288772583008,2.728971242904663,4.280804634094238,24.221717834472656,4.2364182472229
735.0,30.78912353515625,3.728030204772949,5.548794746398926,24.471084594726562,4.619068145751953
736.0,19.70931625366211,3.076183319091797,4.439517498016357,24.910743713378906,4.8762736320495605
737.0,15.465113639831543,2.433281183242798,3.9325709342956543,25.19226837158203,3.29677414894104
738.0,18.33563804626465,2.68261456489563,4.282013416290283,26.56341552734375,3.388559341430664
739.0,17.237478256225586,2.892592191696167,4.151804447174072,23.45672607421875,5.203902244567871
740.0,25.000864028930664,3.4490747451782227,5.000086307525635,27.848068237304688,5.889102458953857
741.0,16.049612045288086,2.698864698410034,4.00619649887085,23.462547302246094,4.134775638580322
742.0,26.29453468322754,3.959794282913208,5.127819538116455,24.05121612548828,6.02926778793335
743.0,26.74123191833496,3.4916059970855713,5.171192646026611,26.894752502441406,4.694770812988281
744.0,18.275609970092773,2.872685194015503,4.274998188018799,25.417396545410156,3.9165596961975098
745.0,17.142576217651367,2.6489226818084717,4.140359401702881,24.673133850097656,3.301243782043457
746.0,15.112654685974121,2.5095202922821045,3.8874998092651367,24.377784729003906,3.9554615020751953
747.0,19.674821853637695,3.048335313796997,4.435630798339844,25.099456787109375,5.670740127563477
748.0,14.87492847442627,2.2638015747070312,3.8568029403686523,25.81586456298828,3.2791495323181152
749.0,14.869845390319824,2.498810052871704,3.8561439514160156,23.837974548339844,3.889869451522827
750.0,17.233139038085938,2.7899630069732666,4.151281833648682,25.449241638183594,3.9199206829071045
751.0,18.789018630981445,2.887380361557007,4.334630012512207,24.789710998535156,5.879737854003906
752.0,16.047882080078125,2.518517255783081,4.005980968475342,24.99146270751953,4.04606294631958
753.0,14.781844139099121,2.408317804336548,3.8447163105010986,23.979660034179688,3.381242275238037
754.0,15.50195598602295,2.403186082839966,3.9372522830963135,23.921432495117188,3.224489450454712
755.0,23.211233139038086,3.222433090209961,4.817803859710693,24.3717041015625,4.059022903442383
756.0,18.69264030456543,2.914815902709961,4.323498725891113,23.61072540283203,3.8405418395996094
757.0,16.172027587890625,2.427117347717285,4.0214457511901855,25.134010314941406,3.352776050567627
758.0,15.345893859863281,2.440592050552368,3.9173834323883057,24.397804260253906,3.624917984008789
759.0,23.134445190429688,3.873866319656372,4.80982780456543,21.94654083251953,6.272897720336914
760.0,22.860754013061523,3.373516321182251,4.781291961669922,27.104393005371094,6.869593143463135
761.0,18.646841049194336,3.0105457305908203,4.3181986808776855,24.045440673828125,4.74369478225708
762.0,17.547821044921875,2.8313910961151123,4.189012050628662,24.382217407226562,4.453534126281738
763.0,15.045326232910156,2.311861991882324,3.8788304328918457,24.20220947265625,3.3647000789642334
764.0,15.380146980285645,2.5063869953155518,3.921753168106079,22.729408264160156,3.658730983734131
765.0,15.06830883026123,2.3344340324401855,3.8817920684814453,25.123367309570312,3.2154266834259033
766.0,20.240474700927734,3.2014553546905518,4.498941421508789,23.29047393798828,5.070825099945068
767.0,19.70130157470703,2.9769208431243896,4.438614845275879,25.854820251464844,4.51872444152832
768.0,21.50227165222168,3.2851791381835938,4.637053966522217,22.908355712890625,4.07809591293335
769.0,19.497007369995117,3.1558949947357178,4.415541648864746,23.358856201171875,5.052611351013184
770.0,16.6348934173584,2.512033224105835,4.07858943939209,25.104156494140625,3.7964682579040527
771.0,19.923194885253906,3.0738532543182373,4.463540554046631,23.909866333007812,4.2681498527526855
772.0,23.108755111694336,3.6276752948760986,4.807156562805176,21.808547973632812,5.652799129486084
773.0,17.275941848754883,2.7775192260742188,4.156433582305908,23.833847045898438,4.124507427215576
774.0,16.570579528808594,2.6624326705932617,4.070697784423828,22.872467041015625,3.7315831184387207
775.0,22.62388038635254,3.244717836380005,4.7564568519592285,27.357391357421875,5.944070339202881
776.0,24.497482299804688,3.9427173137664795,4.949492931365967,22.681533813476562,7.693701267242432
777.0,15.475502014160156,2.482041120529175,3.933891534805298,24.608261108398438,3.4388158321380615
778.0,14.67686939239502,2.422464370727539,3.831040143966675,23.94116973876953,3.5648281574249268
779.0,18.418060302734375,3.1163511276245117,4.291626930236816,22.381256103515625,5.253490447998047
780.0,21.15349006652832,3.242284059524536,4.599292278289795,22.85662078857422,5.395762920379639
781.0,20.201337814331055,3.061925172805786,4.494589805603027,24.416824340820312,4.094542980194092
782.0,17.766786575317383,2.907357931137085,4.215066432952881,24.839706420898438,4.260462760925293
783.0,20.383068084716797,2.8431034088134766,4.514760971069336,25.281356811523438,4.400790691375732
784.0,19.585725784301758,3.2521591186523438,4.425576210021973,23.7706298828125,4.858089447021484
785.0,20.52629280090332,3.058698892593384,4.530595302581787,24.562095642089844,4.255824089050293
786.0,20.263765335083008,2.9952518939971924,4.501529216766357,22.816619873046875,4.170198917388916
787.0,15.218585014343262,2.459493398666382,3.9011003971099854,23.661354064941406,3.3624305725097656
788.0,18.111282348632812,2.9518630504608154,4.255735397338867,23.069068908691406,3.7743046283721924
789.0,15.118732452392578,2.3994009494781494,3.8882813453674316,24.396224975585938,3.1350948810577393
790.0,16.32304573059082,2.5997297763824463,4.0401787757873535,23.50977325439453,3.4890730381011963
791.0,16.76352310180664,2.8688621520996094,4.094327926635742,23.694129943847656,4.2660603523254395
792.0,17.12179946899414,2.7085072994232178,4.137849807739258,23.027427673339844,3.460094690322876
793.0,14.707327842712402,2.3290188312530518,3.8350133895874023,23.435134887695312,3.1972463130950928
794.0,17.799678802490234,2.994974374771118,4.218966484069824,23.176292419433594,5.139735221862793
795.0,18.37502098083496,3.0700976848602295,4.286609649658203,21.985694885253906,5.8165202140808105
796.0,21.072525024414062,3.046023368835449,4.590482234954834,23.391990661621094,4.459845542907715
797.0,31.065298080444336,3.858804702758789,5.573625087738037,27.747329711914062,4.9539031982421875
798.0,18.746496200561523,2.7824394702911377,4.3297224044799805,24.55950927734375,3.5162878036499023
799.0,16.0526123046875,2.5697696208953857,4.006571292877197,25.410293579101562,3.8077268600463867
800.0,22.80161476135254,3.237963914871216,4.775103569030762,26.35918426513672,4.964859962463379
801.0,17.587228775024414,2.9493815898895264,4.193713188171387,25.040611267089844,5.224101543426514
802.0,22.45648193359375,3.626422882080078,4.738827228546143,24.248756408691406,6.224442958831787
803.0,15.96209716796875,2.7191200256347656,3.9952592849731445,23.75298309326172,4.623696804046631
804.0,16.213685989379883,2.5040180683135986,4.026622295379639,25.100555419921875,3.560847043991089
805.0,20.54029655456543,3.2181947231292725,4.532140254974365,22.257041931152344,4.148326396942139
806.0,16.509363174438477,2.626091957092285,4.06317138671875,23.51763916015625,3.379622459411621
807.0,15.471535682678223,2.3896570205688477,3.933387279510498,23.649513244628906,3.1637728214263916
808.0,15.772660255432129,2.564957618713379,3.9714808464050293,23.430946350097656,3.6908507347106934
809.0,17.81138038635254,2.7726993560791016,4.220353126525879,24.10157012939453,5.154381275177002
810.0,19.9177303314209,2.99462890625,4.462928295135498,23.19043731689453,3.9494707584381104
811.0,22.869863510131836,3.3946197032928467,4.782244682312012,25.57592010498047,5.609099864959717
812.0,16.434709548950195,2.5971248149871826,4.053974628448486,26.037200927734375,3.971426486968994
813.0,16.127782821655273,2.5846784114837646,4.015941143035889,24.657066345214844,3.7799582481384277
814.0,14.923068046569824,2.267625570297241,3.8630387783050537,24.486228942871094,3.067228078842163
815.0,16.449377059936523,2.621434450149536,4.055783271789551,24.333145141601562,3.520787239074707
816.0,16.598844528198242,2.710773468017578,4.074167728424072,22.96666717529297,4.362986087799072
817.0,31.306432723999023,3.8051860332489014,5.595215320587158,26.92181396484375,4.561685085296631
818.0,23.630462646484375,3.819507598876953,4.861117362976074,22.32379913330078,6.394312381744385
819.0,17.8183650970459,2.7465646266937256,4.221180438995361,24.63347625732422,3.7592406272888184
820.0,15.298095703125,2.545802593231201,3.911278009414673,23.01160430908203,3.4470062255859375
821.0,17.89828872680664,2.5713346004486084,4.230637073516846,24.808486938476562,3.2479002475738525
822.0,14.195202827453613,2.2479140758514404,3.7676522731781006,24.97551727294922,3.0563316345214844
823.0,16.662105560302734,2.540034055709839,4.0819244384765625,24.324508666992188,3.2104365825653076
824.0,16.64995574951172,2.607682704925537,4.080435752868652,24.827438354492188,3.5259339809417725
825.0,28.1205997467041,3.600741386413574,5.302886009216309,26.614891052246094,4.389659881591797
826.0,22.069372177124023,2.9630088806152344,4.697804927825928,25.02678680419922,3.5848076343536377
827.0,14.864659309387207,2.4574496746063232,3.85547137260437,24.791519165039062,3.789797306060791
828.0,14.529865264892578,2.3441383838653564,3.8118059635162354,24.08953094482422,3.3252670764923096
829.0,15.146407127380371,2.41668963432312,3.891838550567627,23.260765075683594,3.2092669010162354
830.0,17.16916847229004,2.813735246658325,4.143569469451904,22.232452392578125,4.818368911743164
831.0,16.968542098999023,2.671560287475586,4.119288921356201,24.71294403076172,4.929797172546387
832.0,16.038599014282227,2.4771084785461426,4.00482177734375,24.22138214111328,3.308772563934326
833.0,20.735918045043945,2.9495532512664795,4.553670883178711,24.637130737304688,3.475407838821411
834.0,15.812907218933105,2.7061359882354736,3.9765446186065674,22.539344787597656,4.500112056732178
835.0,21.879196166992188,3.4287023544311523,4.677520275115967,23.954910278320312,5.603604316711426
836.0,22.03516960144043,3.280350923538208,4.6941633224487305,26.75170135498047,5.785885334014893
837.0,17.85138511657715,2.946746826171875,4.225090026855469,22.191688537597656,4.144335746765137
838.0,14.158705711364746,2.2178361415863037,3.762805461883545,23.39276885986328,3.234703540802002
839.0,14.543835639953613,2.2514121532440186,3.813638210296631,24.297523498535156,3.2032461166381836
840.0,16.5581111907959,2.6821041107177734,4.0691657066345215,23.71728515625,4.103336811065674
841.0,16.158700942993164,2.654271364212036,4.01978874206543,23.28020477294922,4.177691459655762
842.0,16.31983757019043,2.7137444019317627,4.0397820472717285,22.83307647705078,5.150823593139648
843.0,17.598196029663086,2.6535561084747314,4.1950201988220215,25.54351043701172,3.5045464038848877
844.0,19.453428268432617,2.966970443725586,4.410604000091553,23.709800720214844,5.517556190490723
845.0,20.44183349609375,3.216210126876831,4.521264553070068,21.36302947998047,4.81398344039917
846.0,16.828815460205078,2.6942059993743896,4.102293968200684,22.516189575195312,3.6605021953582764
847.0,19.136545181274414,2.9331111907958984,4.374533653259277,25.081207275390625,5.863759994506836
848.0,18.315505981445312,2.667921781539917,4.279662132263184,25.529075622558594,3.197360038757324
849.0,17.09014892578125,2.9692935943603516,4.134023189544678,22.795379638671875,4.357777118682861
850.0,15.948112487792969,2.628366470336914,3.993508815765381,23.01380157470703,4.2553205490112305
851.0,15.679036140441895,2.5477635860443115,3.9596762657165527,23.290855407714844,3.7906813621520996
852.0,16.845169067382812,2.871243715286255,4.1042866706848145,23.29381561279297,4.446542263031006
853.0,16.582551956176758,2.6389989852905273,4.072167873382568,22.481651306152344,3.455869436264038
854.0,14.047572135925293,2.3093271255493164,3.748009204864502,22.808067321777344,3.4519147872924805
855.0,23.1805477142334,3.471257209777832,4.814618110656738,23.191146850585938,4.285113334655762
856.0,23.0186767578125,3.5984222888946533,4.797778129577637,23.14134979248047,4.858105182647705
857.0,19.748809814453125,3.2816905975341797,4.443963527679443,24.171279907226562,5.707496643066406
858.0,17.044692993164062,2.607431173324585,4.128521919250488,25.322792053222656,3.375513792037964
859.0,15.895245552062988,2.739211320877075,3.986884117126465,22.135650634765625,4.493952751159668
860.0,17.674421310424805,2.7619705200195312,4.204095840454102,23.94725799560547,5.331113338470459
861.0,14.851280212402344,2.454366683959961,3.85373592376709,23.262680053710938,3.4869353771209717
862.0,16.852109909057617,2.7090883255004883,4.105132102966309,24.070327758789062,3.6235663890838623
863.0,16.906484603881836,2.525956630706787,4.111749649047852,25.0230712890625,3.1945388317108154
864.0,19.703279495239258,3.0833427906036377,4.43883752822876,24.55725860595703,4.832798004150391
865.0,21.21312713623047,3.1622488498687744,4.605771064758301,22.76416015625,3.7680466175079346
866.0,16.111846923828125,2.553151845932007,4.013956546783447,23.033302307128906,3.9478037357330322
867.0,16.609649658203125,2.7311630249023438,4.075493812561035,25.305030822753906,3.817842960357666
868.0,17.69420623779297,2.618823528289795,4.206448078155518,24.52361297607422,3.392033576965332
869.0,14.808661460876465,2.377504348754883,3.8482024669647217,24.79571533203125,3.285320520401001
870.0,18.010038375854492,3.0066471099853516,4.243823528289795,21.9775390625,4.803671360015869
871.0,17.262296676635742,2.5962259769439697,4.154791831970215,24.85382080078125,3.6576895713806152
872.0,18.02475929260254,2.7933757305145264,4.24555778503418,22.734291076660156,3.4762258529663086
873.0,14.951281547546387,2.3271639347076416,3.8666887283325195,24.168136596679688,3.386533260345459
874.0,22.413284301757812,3.875947952270508,4.734267234802246,20.624374389648438,7.632408142089844
875.0,15.950291633605957,2.5540554523468018,3.993781566619873,24.324005126953125,3.7910573482513428
876.0,15.003138542175293,2.4360105991363525,3.8733885288238525,23.829086303710938,3.8310341835021973
877.0,13.971829414367676,2.296445608139038,3.7378909587860107,23.409324645996094,3.206073045730591
878.0,15.870417594909668,2.6077582836151123,3.983769178390503,22.90692901611328,3.900308132171631
879.0,15.8902006149292,2.68215274810791,3.9862513542175293,23.161636352539062,4.037660598754883
880.0,14.105799674987793,2.2389307022094727,3.7557687759399414,23.433876037597656,3.3080625534057617
881.0,20.13286590576172,2.985133409500122,4.486966133117676,25.941978454589844,4.524880409240723
882.0,14.9222412109375,2.4270145893096924,3.862931728363037,23.358985900878906,4.1216630935668945
883.0,19.635526657104492,2.911330461502075,4.431199073791504,23.324546813964844,3.8440723419189453
884.0,23.477209091186523,3.3350417613983154,4.8453288078308105,24.528030395507812,4.562878608703613
885.0,18.42216682434082,2.9120447635650635,4.292105197906494,22.319908142089844,3.6676857471466064
886.0,13.978697776794434,2.2909438610076904,3.738809585571289,23.635536193847656,3.3632562160491943
887.0,16.027238845825195,2.4782495498657227,4.003403186798096,23.81951141357422,3.156122922897339
888.0,21.253793716430664,3.6050384044647217,4.6101837158203125,21.211669921875,5.859771251678467
889.0,19.782068252563477,3.0412094593048096,4.447703838348389,22.55382537841797,5.3171706199646
890.0,16.37165069580078,2.6694374084472656,4.046189785003662,22.51673126220703,3.6813690662384033
891.0,16.378698348999023,2.8363564014434814,4.047060489654541,21.76453399658203,4.368288516998291
892.0,21.167390823364258,3.2609927654266357,4.600803375244141,25.71814727783203,6.237274646759033
893.0,15.99695873260498,2.454275131225586,3.999619722366333,23.40064239501953,3.4430594444274902
894.0,16.205236434936523,2.6334915161132812,4.025572776794434,21.36188507080078,4.130724906921387
895.0,18.807891845703125,2.9532318115234375,4.336806774139404,22.926132202148438,3.6319966316223145
896.0,13.840984344482422,2.2876217365264893,3.7203474044799805,23.627120971679688,3.1516146659851074
897.0,18.23982810974121,2.770561933517456,4.270811080932617,24.598419189453125,4.395639896392822
898.0,16.28238868713379,2.788090944290161,4.035144329071045,22.625389099121094,4.570075988769531
899.0,16.376970291137695,2.74250864982605,4.046846866607666,21.894615173339844,4.272379398345947
900.0,18.5397891998291,2.882288694381714,4.305785655975342,22.984844207763672,5.027905464172363
901.0,17.348600387573242,2.7319915294647217,4.165164947509766,22.8370361328125,3.6101255416870117
902.0,18.029502868652344,2.7495696544647217,4.2461161613464355,25.02861785888672,4.128087520599365
903.0,16.778579711914062,2.7813405990600586,4.096166610717773,24.487464904785156,4.2523193359375
904.0,15.620966911315918,2.793334722518921,3.9523367881774902,22.320289611816406,4.246516704559326
905.0,15.232966423034668,2.6098244190216064,3.9029433727264404,22.5545654296875,4.3283281326293945
906.0,19.33696937561035,2.9605085849761963,4.3973822593688965,23.947853088378906,5.531857490539551
907.0,14.5003080368042,2.33245849609375,3.807926893234253,24.432525634765625,3.1913254261016846
908.0,15.988090515136719,2.7234485149383545,3.9985110759735107,22.965065002441406,4.515814781188965
909.0,17.41425132751465,2.8064205646514893,4.173038482666016,22.52570343017578,3.824228048324585
910.0,21.761423110961914,3.500551462173462,4.664914131164551,20.687835693359375,8.187779426574707
911.0,15.092453002929688,2.5779502391815186,3.8849005699157715,23.690773010253906,3.7432258129119873
912.0,15.158282279968262,2.4926936626434326,3.8933639526367188,23.101539611816406,3.3900346755981445
913.0,19.984079360961914,3.292200803756714,4.47035551071167,21.86174774169922,4.754881381988525
914.0,24.47876739501953,3.4633166790008545,4.947602272033691,25.294593811035156,5.309726715087891
915.0,16.902523040771484,2.6353607177734375,4.111268043518066,24.14417266845703,3.6415810585021973
916.0,17.768327713012695,2.702683210372925,4.215249538421631,23.78235626220703,3.646817445755005
917.0,22.23050880432129,3.3177649974823,4.714923858642578,23.512123107910156,3.99387526512146
918.0,17.589345932006836,2.743684768676758,4.193965435028076,23.28094482421875,3.9832770824432373
919.0,14.15805721282959,2.280005931854248,3.7627193927764893,23.452545166015625,3.448188304901123
920.0,22.356184005737305,3.311185121536255,4.7282328605651855,24.005386352539062,5.104057788848877
921.0,16.348388671875,2.5796422958374023,4.043313980102539,23.2384033203125,3.6934328079223633
922.0,20.876657485961914,3.0617787837982178,4.569097995758057,25.230712890625,5.032045841217041
923.0,14.366419792175293,2.347320318222046,3.7903060913085938,23.24169158935547,3.453901767730713
924.0,15.681975364685059,2.6481773853302,3.960047483444214,20.926963806152344,4.060817718505859
925.0,14.195988655090332,2.152643918991089,3.767756462097168,24.98150634765625,2.7687392234802246
926.0,14.169821739196777,2.26387095451355,3.764282464981079,25.014541625976562,3.1287596225738525
927.0,17.013654708862305,2.7585201263427734,4.12476110458374,22.427749633789062,4.309722900390625
928.0,15.720596313476562,2.51731276512146,3.96492075920105,23.445167541503906,3.6954338550567627
929.0,14.604057312011719,2.3838183879852295,3.8215255737304688,22.641929626464844,3.239301919937134
930.0,17.593910217285156,2.6799261569976807,4.194509506225586,24.390159606933594,3.843937397003174
931.0,23.819475173950195,3.5455353260040283,4.880519866943359,23.295936584472656,4.63960075378418
932.0,19.40689468383789,2.827773332595825,4.405325889587402,24.899551391601562,3.4165616035461426
933.0,14.787236213684082,2.41795015335083,3.8454174995422363,23.54120635986328,3.40464448928833
934.0,15.289385795593262,2.428253412246704,3.9101643562316895,22.770233154296875,3.049076795578003
935.0,16.023134231567383,2.54032301902771,4.002890586853027,22.985374450683594,3.524278163909912
936.0,14.580856323242188,2.480358123779297,3.818488836288452,23.71417999267578,3.924955129623413
937.0,15.47476577758789,2.3935000896453857,3.933797836303711,24.429649353027344,3.553095817565918
938.0,19.441991806030273,3.188135862350464,4.409307479858398,21.729164123535156,5.515869140625
939.0,14.87547779083252,2.4020636081695557,3.8568739891052246,24.403175354003906,3.3783907890319824
940.0,19.494508743286133,3.0453977584838867,4.415258407592773,25.857498168945312,4.744431972503662
941.0,14.698010444641113,2.4477550983428955,3.833798408508301,22.713966369628906,3.2604153156280518
942.0,14.215559959411621,2.2626121044158936,3.770352840423584,23.42467498779297,2.7898154258728027
943.0,17.263240814208984,2.6619274616241455,4.154905796051025,24.00566864013672,4.954548358917236
944.0,14.294647216796875,2.290649652481079,3.7808263301849365,22.766815185546875,2.975661039352417
945.0,14.518044471740723,2.288569927215576,3.810255289077759,23.69023895263672,3.738762378692627
946.0,20.30140495300293,2.9802873134613037,4.50570821762085,25.847023010253906,3.429069757461548
947.0,23.242116928100586,3.703672409057617,4.82100772857666,20.98076629638672,4.889151573181152
948.0,21.62675666809082,3.053861618041992,4.650457859039307,26.509811401367188,3.7112393379211426
949.0,16.362884521484375,2.599102020263672,4.045106410980225,24.235610961914062,4.0404534339904785
950.0,17.85968780517578,2.7487144470214844,4.226072311401367,22.25945281982422,3.7921440601348877
951.0,17.888957977294922,2.752352476119995,4.229534149169922,24.235015869140625,4.866658687591553
952.0,27.232812881469727,3.497621536254883,5.218506813049316,25.957000732421875,4.147338390350342
953.0,17.50616455078125,2.6921494007110596,4.184036731719971,23.952186584472656,3.743424654006958
954.0,20.205991744995117,3.2609965801239014,4.495107650756836,21.886032104492188,4.530895709991455
955.0,13.933551788330078,2.270522117614746,3.732767343521118,23.24750518798828,3.382782220840454
956.0,14.991450309753418,2.427344560623169,3.8718793392181396,23.30864715576172,3.2649285793304443
957.0,20.511938095092773,3.182642698287964,4.529010772705078,21.657249450683594,4.484996795654297
958.0,16.19485092163086,2.5101559162139893,4.024282455444336,21.50890350341797,3.2047245502471924
959.0,15.9784574508667,2.8038578033447266,3.9973063468933105,22.113922119140625,4.934291839599609
960.0,16.676733016967773,2.6978752613067627,4.083715438842773,23.123817443847656,4.360551834106445
961.0,18.671241760253906,2.8425521850585938,4.321023464202881,24.753089904785156,4.426151275634766
962.0,15.576640129089355,2.4990432262420654,3.9467251300811768,23.40196990966797,4.146651744842529
963.0,18.174388885498047,2.7473697662353516,4.263143062591553,24.107200622558594,3.500134229660034
964.0,18.433361053466797,2.875852346420288,4.2934088706970215,23.035606384277344,4.022200584411621
965.0,14.127151489257812,2.273517370223999,3.758610248565674,22.693450927734375,3.204216718673706
966.0,16.034528732299805,2.7929770946502686,4.004313945770264,21.818893432617188,4.575605869293213
967.0,18.547807693481445,2.8437068462371826,4.306716442108154,22.524917602539062,3.679439067840576
968.0,18.466785430908203,2.87239146232605,4.297299861907959,22.630813598632812,4.6731953620910645
969.0,17.75578498840332,2.790598154067993,4.213761329650879,22.633644104003906,3.7955894470214844
970.0,14.054261207580566,2.33544921875,3.7489013671875,22.859886169433594,3.4605634212493896
971.0,14.376566886901855,2.3219425678253174,3.791644334793091,22.17780303955078,3.4310367107391357
972.0,14.135493278503418,2.310145139694214,3.7597198486328125,22.197349548339844,3.3540055751800537
973.0,15.70440673828125,2.709735631942749,3.962878704071045,21.969581604003906,4.3804731369018555
974.0,19.339757919311523,2.8664073944091797,4.397699356079102,24.667221069335938,4.103781700134277
975.0,26.27216911315918,3.67680287361145,5.125638484954834,22.28954315185547,4.497527599334717
976.0,17.853111267089844,2.7937352657318115,4.22529411315918,24.297813415527344,3.5887207984924316
977.0,19.97490692138672,3.0564143657684326,4.469329357147217,24.05353546142578,4.274806022644043
978.0,17.649118423461914,2.9368083477020264,4.201085567474365,22.37834930419922,3.926828145980835
979.0,20.916166305541992,3.180058717727661,4.573419570922852,24.6683349609375,4.8005194664001465
980.0,16.097700119018555,2.866717576980591,4.0121941566467285,21.775413513183594,5.135773181915283
981.0,16.693954467773438,2.729520082473755,4.0858235359191895,23.463905334472656,3.492431402206421
982.0,26.197126388549805,3.4066667556762695,5.118312835693359,25.032455444335938,4.082757949829102
983.0,13.981717109680176,2.3220088481903076,3.739213466644287,22.754966735839844,3.357430934906006
984.0,14.884888648986816,2.2987124919891357,3.8580939769744873,24.668907165527344,2.971876382827759
985.0,31.41425323486328,3.835681915283203,5.604841709136963,26.067626953125,4.048050880432129
986.0,16.130386352539062,2.774580717086792,4.016265392303467,21.358489990234375,4.773955345153809
987.0,14.564949035644531,2.3248703479766846,3.8164052963256836,23.527198791503906,3.504307270050049
988.0,16.298803329467773,2.6521291732788086,4.037177562713623,22.037132263183594,3.451159954071045
989.0,15.59196949005127,2.4680769443511963,3.94866681098938,22.67565155029297,3.4102354049682617
990.0,17.654178619384766,2.8268091678619385,4.201687812805176,22.36768341064453,3.86006498336792
991.0,21.867996215820312,3.3662827014923096,4.676322937011719,25.955322265625,6.656059741973877
992.0,15.571690559387207,2.5254507064819336,3.9460980892181396,22.03607177734375,3.651118278503418
993.0,17.430946350097656,2.8720340728759766,4.1750383377075195,21.91547393798828,5.3619160652160645
994.0,15.566723823547363,2.4587366580963135,3.9454686641693115,22.50000762939453,3.5842158794403076
995.0,20.3045597076416,3.0734779834747314,4.506058216094971,22.867355346679688,4.579807281494141
996.0,16.7247314453125,2.625598669052124,4.089588165283203,23.378128051757812,4.195054054260254
997.0,18.166175842285156,2.8251588344573975,4.262179851531982,24.26232147216797,4.357339859008789
998.0,15.484580039978027,2.6285650730133057,3.935045003890991,22.37897491455078,4.342685699462891
999.0,19.637041091918945,2.860947370529175,4.431370258331299,23.08051300048828,3.841033458709717
1000.0,15.138226509094238,2.538062810897827,3.890787363052368,22.81865692138672,3.774784803390503
1001.0,13.831929206848145,2.230799674987793,3.719130277633667,22.974761962890625,3.240572929382324
1002.0,15.240551948547363,2.4862523078918457,3.9039149284362793,23.879974365234375,3.744581699371338
1003.0,17.05876350402832,2.8724606037139893,4.130225658416748,21.07208251953125,3.792468547821045
1004.0,20.122943878173828,3.296187162399292,4.485860347747803,20.7581787109375,4.647858142852783
1005.0,28.859220504760742,3.7584762573242188,5.372077941894531,24.743453979492188,4.382364273071289
1006.0,16.47420310974121,2.923677444458008,4.058842658996582,21.62975311279297,5.7468581199646
1007.0,16.69040298461914,2.8165485858917236,4.085389137268066,20.84832763671875,4.085129261016846
1008.0,18.506967544555664,2.8571746349334717,4.301972389221191,23.51935577392578,3.619943618774414
1009.0,14.548484802246094,2.4731247425079346,3.8142476081848145,22.377639770507812,3.438668966293335
1010.0,14.268534660339355,2.281510591506958,3.777371406555176,24.048866271972656,3.6248903274536133
1011.0,13.867207527160645,2.249812364578247,3.723870038986206,22.56450653076172,3.09958815574646
1012.0,17.316160202026367,2.7684037685394287,4.161269187927246,22.782474517822266,4.588780879974365
1013.0,15.305741310119629,2.5073306560516357,3.91225528717041,23.378875732421875,4.303239822387695
1014.0,14.380471229553223,2.3446357250213623,3.792159080505371,22.768394470214844,3.1427721977233887
1015.0,28.761550903320312,3.9592056274414062,5.362979888916016,25.75641632080078,5.748565196990967
1016.0,18.689943313598633,3.2452399730682373,4.323186874389648,20.42786407470703,5.265599250793457
1017.0,15.883720397949219,2.604501485824585,3.985438585281372,20.818069458007812,3.4005205631256104
1018.0,15.744266510009766,2.557743787765503,3.967904567718506,23.92304229736328,4.691606521606445
1019.0,14.148709297180176,2.257122278213501,3.761476993560791,23.266830444335938,3.3785440921783447
1020.0,15.22900390625,2.4908640384674072,3.902435541152954,22.953285217285156,3.122347593307495
1021.0,25.798803329467773,4.054175853729248,5.079252243041992,19.59124755859375,6.061197757720947
1022.0,16.65598487854004,2.631915330886841,4.081174373626709,22.833045959472656,3.3820242881774902
1023.0,16.79765510559082,2.928729295730591,4.098494052886963,22.21556854248047,4.693058490753174
1024.0,18.950685501098633,2.94499135017395,4.353238582611084,25.99433135986328,5.135165691375732
1025.0,19.879976272583008,3.010392904281616,4.4586968421936035,21.893707275390625,4.696262836456299
1026.0,17.192575454711914,2.714694023132324,4.146393299102783,23.000961303710938,3.830109119415283
1027.0,15.027054786682129,2.5944621562957764,3.876474618911743,22.484405517578125,3.6602091789245605
1028.0,13.51845645904541,2.256093740463257,3.6767454147338867,21.775367736816406,2.98984432220459
1029.0,23.023183822631836,3.4618988037109375,4.798247814178467,24.691513061523438,5.2722883224487305
1030.0,19.779815673828125,3.2327747344970703,4.447450637817383,22.078369140625,5.113697052001953
1031.0,15.041435241699219,2.5745818614959717,3.878329038619995,21.32129669189453,3.803499460220337
1032.0,20.093820571899414,3.4209091663360596,4.4826130867004395,18.96194076538086,6.300276756286621
1033.0,14.419562339782715,2.329425573348999,3.7973098754882812,24.328048706054688,3.3006951808929443
1034.0,17.167728424072266,2.7421751022338867,4.143395900726318,22.831222534179688,5.194936752319336
1035.0,15.1036376953125,2.4132533073425293,3.8863399028778076,22.726699829101562,3.180964708328247
1036.0,20.74339485168457,2.8694374561309814,4.5544915199279785,24.910354614257812,3.375171422958374
1037.0,14.248303413391113,2.3894102573394775,3.7746925354003906,21.368980407714844,3.1216070652008057
1038.0,14.623542785644531,2.3673369884490967,3.8240740299224854,22.645668029785156,3.2844557762145996
1039.0,14.785983085632324,2.4745452404022217,3.84525465965271,21.806236267089844,3.1923365592956543
1040.0,16.166828155517578,2.8698737621307373,4.02079963684082,21.172500610351562,4.320338249206543
1041.0,16.866256713867188,2.6821467876434326,4.1068549156188965,23.74370574951172,4.201189994812012
1042.0,18.025726318359375,2.69765567779541,4.245671272277832,22.73834991455078,3.3674676418304443
1043.0,20.6436710357666,3.2652885913848877,4.543530464172363,21.82586669921875,4.411851406097412
1044.0,15.825499534606934,2.5354373455047607,3.9781277179718018,23.955322265625,3.750361204147339
1045.0,14.002437591552734,2.2425971031188965,3.74198317527771,22.072288513183594,3.1475160121917725
1046.0,24.43463897705078,3.7178947925567627,4.943140506744385,19.713279724121094,5.743540287017822
1047.0,14.560816764831543,2.34200382232666,3.815863847732544,21.9404296875,3.10996413230896
1048.0,26.277795791625977,3.45215106010437,5.126187324523926,25.634323120117188,3.947152853012085
1049.0,13.874346733093262,2.365755319595337,3.7248284816741943,21.602928161621094,3.223968744277954
1050.0,17.429162979125977,2.661593198776245,4.1748247146606445,24.34436798095703,3.3956949710845947
1051.0,14.956814765930176,2.655367136001587,3.8674042224884033,22.10314178466797,4.328527450561523
1052.0,16.59818458557129,2.6211516857147217,4.074087142944336,22.764644622802734,5.004159927368164
1053.0,19.10068702697754,3.027526617050171,4.370433330535889,21.299545288085938,3.7618744373321533
1054.0,17.61625099182129,2.775738000869751,4.197171688079834,23.309478759765625,3.4904274940490723
1055.0,17.855859756469727,2.999519109725952,4.225619316101074,23.37042999267578,4.408414840698242
1056.0,14.071891784667969,2.3356897830963135,3.7512519359588623,23.049148559570312,3.3450145721435547
1057.0,13.768694877624512,2.372980833053589,3.7106192111968994,22.15874481201172,3.7516684532165527
1058.0,20.87961769104004,3.3083536624908447,4.569422245025635,20.74018096923828,5.057032585144043
1059.0,14.057010650634766,2.281020402908325,3.749268054962158,23.618179321289062,3.1156086921691895
1060.0,14.26812744140625,2.36236834526062,3.777317523956299,22.11426544189453,3.1535706520080566
1061.0,14.519011497497559,2.3336572647094727,3.810382127761841,21.874359130859375,3.0053699016571045
1062.0,14.81836223602295,2.4306726455688477,3.8494625091552734,21.716873168945312,3.4837522506713867
1063.0,16.594860076904297,2.6857006549835205,4.073678970336914,21.516563415527344,3.473200559616089
1064.0,17.929365158081055,2.9644153118133545,4.234308242797852,20.196250915527344,4.313726902008057
1065.0,19.387479782104492,3.0156002044677734,4.403121471405029,22.973072052001953,5.331244468688965
1066.0,25.696218490600586,3.9790868759155273,5.069143772125244,20.23413848876953,6.384011268615723
1067.0,17.595666885375977,2.818645715713501,4.194718837738037,24.12096405029297,4.156198501586914
1068.0,21.492935180664062,3.286893844604492,4.63604736328125,24.82233428955078,6.354480743408203
1069.0,15.15942096710205,2.586350202560425,3.893510103225708,22.554000854492188,4.059503078460693
1070.0,16.422889709472656,2.6477763652801514,4.052516460418701,23.73968505859375,3.667661666870117
1071.0,16.664854049682617,2.7070977687835693,4.082261085510254,22.647781372070312,5.134305953979492
1072.0,15.53852367401123,2.4495022296905518,3.9418933391571045,23.620201110839844,3.1018154621124268
1073.0,16.638402938842773,2.9469099044799805,4.079020023345947,20.549285888671875,5.47654914855957
1074.0,21.213808059692383,3.228548049926758,4.605844974517822,23.694480895996094,5.868876934051514
1075.0,15.934623718261719,2.5702741146087646,3.9918196201324463,24.860984802246094,4.29724645614624
1076.0,20.23487663269043,3.519277811050415,4.498319149017334,19.683883666992188,6.866195201873779
1077.0,16.056800842285156,2.5353188514709473,4.007093906402588,22.583839416503906,3.425786018371582
1078.0,14.419941902160645,2.322857141494751,3.7973599433898926,22.989990234375,3.159299373626709
1079.0,13.86634349822998,2.283156156539917,3.7237539291381836,22.39728546142578,2.9889724254608154
1080.0,17.623281478881836,2.8148272037506104,4.198009014129639,21.66980743408203,3.58282208442688
1081.0,17.53899574279785,2.7698614597320557,4.187958240509033,23.22620391845703,4.396529674530029
1082.0,14.5565767288208,2.583033561706543,3.815308094024658,21.008163452148438,4.135185241699219
1083.0,19.921037673950195,2.857818365097046,4.463298797607422,23.979393005371094,3.600494861602783
1084.0,23.55060577392578,3.892522096633911,4.852896690368652,20.268463134765625,5.7369489669799805
1085.0,25.92949867248535,3.9395415782928467,5.092101573944092,20.023338317871094,5.606841087341309
1086.0,23.327356338500977,3.329716444015503,4.829840183258057,25.81482696533203,5.287444114685059
1087.0,17.876924514770508,2.793227195739746,4.228111267089844,22.19635772705078,3.5884673595428467
1088.0,13.661078453063965,2.2790284156799316,3.696089506149292,21.832443237304688,3.220993995666504
1089.0,14.45598316192627,2.377220392227173,3.802102565765381,21.153244018554688,3.1115689277648926
1090.0,14.925074577331543,2.563169479370117,3.8632984161376953,22.56188201904297,3.7998781204223633
1091.0,13.9308443069458,2.344839096069336,3.7324047088623047,22.37384033203125,3.317072868347168
1092.0,14.399781227111816,2.4392216205596924,3.7947044372558594,22.33953094482422,3.249563694000244
1093.0,13.89582347869873,2.3655178546905518,3.727710247039795,21.422706604003906,3.3402554988861084
1094.0,13.786269187927246,2.2066400051116943,3.712986469268799,22.659988403320312,2.9083142280578613
1095.0,18.898221969604492,2.9912922382354736,4.347208499908447,24.852294921875,5.184969902038574
1096.0,16.185884475708008,2.6232995986938477,4.023168563842773,22.303253173828125,3.8474411964416504
1097.0,15.600241661071777,2.6755332946777344,3.949714183807373,21.32439422607422,4.402053356170654
1098.0,20.87566375732422,3.0226657390594482,4.568989276885986,25.282730102539062,4.658377170562744
1099.0,17.140596389770508,2.6400203704833984,4.140120506286621,22.720191955566406,3.31459641456604
1100.0,15.8546142578125,2.6615755558013916,3.981785297393799,23.094635009765625,3.9476890563964844
1101.0,14.354926109313965,2.586165428161621,3.7887895107269287,20.660850524902344,4.3526740074157715
1102.0,13.92357349395752,2.3765716552734375,3.7314305305480957,21.656219482421875,3.1841561794281006
1103.0,18.906103134155273,2.969047784805298,4.348114967346191,22.828231811523438,4.720419883728027
1104.0,14.335116386413574,2.327374219894409,3.7861742973327637,21.496604919433594,3.0321834087371826
1105.0,15.497970581054688,2.5323009490966797,3.936746120452881,22.18456268310547,4.297327518463135
1106.0,14.581565856933594,2.459326982498169,3.8185815811157227,22.72589111328125,4.016600131988525
1107.0,13.661563873291016,2.305790901184082,3.696155309677124,20.758094787597656,3.4338929653167725
1108.0,20.089614868164062,3.455211639404297,4.482143878936768,19.798072814941406,5.468751907348633
1109.0,19.57898712158203,2.8958756923675537,4.424814701080322,22.505966186523438,3.8834586143493652
1110.0,16.68766212463379,2.6427767276763916,4.085053443908691,24.716880798339844,3.7423622608184814
1111.0,14.9205904006958,2.511929512023926,3.862718105316162,21.887435913085938,3.4057106971740723
1112.0,13.9949951171875,2.352759599685669,3.7409884929656982,21.75531005859375,3.2354180812835693
1113.0,15.86761474609375,2.6721465587615967,3.983417510986328,20.14767837524414,3.751952648162842
1114.0,15.919734954833984,2.4298224449157715,3.9899542331695557,22.606590270996094,3.1186842918395996
1115.0,15.444127082824707,2.539724826812744,3.929901599884033,22.21906280517578,4.183478355407715
1116.0,17.603771209716797,3.036811113357544,4.195684909820557,20.118370056152344,4.660649299621582
1117.0,15.271719932556152,2.435295343399048,3.907904863357544,23.40058135986328,3.2836289405822754
1118.0,14.665047645568848,2.4318010807037354,3.8294970989227295,22.89795684814453,3.39241623878479
1119.0,13.47900676727295,2.272838830947876,3.6713767051696777,21.347679138183594,3.121901273727417
1120.0,21.158475875854492,3.151918411254883,4.599834442138672,23.34545135498047,4.711276531219482
1121.0,15.682258605957031,2.6033236980438232,3.960083246231079,22.126060485839844,4.015521049499512
1122.0,23.946725845336914,3.488368034362793,4.8935394287109375,19.923030853271484,4.232451438903809
1123.0,18.490297317504883,2.961092948913574,4.300034523010254,23.095138549804688,5.109356880187988
1124.0,14.738129615783691,2.631681203842163,3.839027166366577,21.362388610839844,4.438936710357666
1125.0,17.957674026489258,2.779170036315918,4.237649440765381,22.99408721923828,3.4029018878936768
1126.0,14.081829071044922,2.473497152328491,3.7525763511657715,21.060218811035156,3.413344621658325
1127.0,13.698058128356934,2.3322513103485107,3.7010886669158936,22.8035888671875,3.383327007293701
1128.0,18.614938735961914,2.9632742404937744,4.314503192901611,23.608917236328125,5.301546096801758
1129.0,21.81756591796875,3.68666672706604,4.67092752456665,18.77161407470703,5.642848968505859
1130.0,15.8817720413208,2.6561837196350098,3.985194206237793,23.858360290527344,4.356023788452148
1131.0,19.900758743286133,3.455160140991211,4.461026668548584,18.804229736328125,5.171947002410889
1132.0,21.17030906677246,3.3011081218719482,4.601120471954346,24.644622802734375,4.342794418334961
1133.0,14.667939186096191,2.472707986831665,3.8298745155334473,21.28839874267578,3.9219934940338135
1134.0,18.18141746520996,2.939480781555176,4.263967514038086,21.519569396972656,3.6843512058258057
1135.0,16.691089630126953,2.7344624996185303,4.08547306060791,22.71196746826172,3.961712598800659
1136.0,20.469560623168945,3.0819053649902344,4.524329662322998,22.2891845703125,4.1793107986450195
1137.0,14.24429988861084,2.3947718143463135,3.7741620540618896,21.335487365722656,3.843374252319336
1138.0,17.300081253051758,2.66745924949646,4.159336566925049,23.845138549804688,4.44448709487915
1139.0,17.9005126953125,3.1482560634613037,4.230899810791016,20.418601989746094,5.068624973297119
1140.0,15.25033950805664,2.4902427196502686,3.905168294906616,22.610198974609375,4.122820854187012
1141.0,21.10609245300293,3.5507192611694336,4.594136714935303,18.661834716796875,5.333192348480225
1142.0,15.205451965332031,2.4909379482269287,3.899416923522949,21.99799346923828,3.3012137413024902
1143.0,25.460290908813477,4.002462863922119,5.045819282531738,20.56987762451172,6.050497531890869
1144.0,24.94831657409668,3.5269899368286133,4.994829177856445,24.539161682128906,4.80393648147583
1145.0,19.520307540893555,3.1843016147613525,4.418179035186768,20.430496215820312,6.594913482666016
1146.0,17.286128997802734,2.7487704753875732,4.15765905380249,22.065322875976562,3.6522367000579834
1147.0,18.351585388183594,2.9788029193878174,4.283874988555908,22.310081481933594,4.371943950653076
1148.0,14.063382148742676,2.310445547103882,3.750117540359497,22.864036560058594,3.1608917713165283
1149.0,14.683005332946777,2.63539719581604,3.831840991973877,21.03223419189453,3.9391403198242188
1150.0,13.334136962890625,2.284651756286621,3.6515936851501465,20.87408447265625,3.16306209564209
1151.0,15.392106056213379,2.7830841541290283,3.9232773780822754,20.10022735595703,4.843175411224365
1152.0,17.226348876953125,2.8263041973114014,4.150463581085205,19.861892700195312,3.8574113845825195
1153.0,22.07474708557129,3.197535753250122,4.6983771324157715,22.550125122070312,4.192487716674805
1154.0,25.692441940307617,3.701404333114624,5.0687713623046875,24.2650146484375,7.345117092132568
1155.0,25.645309448242188,4.076481342315674,5.064119815826416,20.784011840820312,8.843984603881836
1156.0,14.849285125732422,2.4805068969726562,3.8534770011901855,22.280746459960938,3.734750747680664
1157.0,14.06256103515625,2.37873911857605,3.7500081062316895,21.760711669921875,3.8762497901916504
1158.0,14.746565818786621,2.435352087020874,3.840125799179077,21.34046173095703,3.6114461421966553
1159.0,14.0126371383667,2.470717668533325,3.7433457374572754,19.75499725341797,3.7926223278045654
1160.0,13.025866508483887,2.22399640083313,3.6091365814208984,21.670440673828125,3.200993299484253
1161.0,14.4557466506958,2.5344600677490234,3.8020713329315186,21.923385620117188,4.395787239074707
1162.0,13.971882820129395,2.2940919399261475,3.737898111343384,21.70685577392578,3.6687240600585938
1163.0,16.346553802490234,2.5834667682647705,4.043087005615234,22.991683959960938,3.6960859298706055
1164.0,13.66622543334961,2.20927357673645,3.6967859268188477,22.471542358398438,3.0959675312042236
1165.0,15.671303749084473,2.742375135421753,3.9586997032165527,21.986236572265625,4.713921070098877
1166.0,20.61565399169922,3.4774348735809326,4.5404462814331055,20.264266967773438,7.374629497528076
1167.0,16.064064025878906,2.4110605716705322,4.007999897003174,22.625831604003906,3.5328681468963623
1168.0,17.544912338256836,2.9014198780059814,4.18866491317749,20.049171447753906,3.659599542617798
1169.0,16.3270206451416,2.6803929805755615,4.040670871734619,20.85367202758789,3.7358007431030273
1170.0,19.297922134399414,2.9134719371795654,4.392940044403076,24.48187255859375,4.370127201080322
1171.0,15.879132270812988,2.6489367485046387,3.984862804412842,21.201473236083984,4.108158588409424
1172.0,14.942359924316406,2.511615037918091,3.865534782409668,20.631317138671875,3.4286842346191406
1173.0,17.375864028930664,2.6648097038269043,4.168436527252197,21.323928833007812,3.4564132690429688
1174.0,19.773534774780273,3.088334321975708,4.446744441986084,20.544952392578125,5.327347278594971
1175.0,16.12982749938965,2.827263116836548,4.016195774078369,21.244491577148438,4.7035346031188965
1176.0,16.5639705657959,2.613898515701294,4.069885730743408,20.98278045654297,3.725689172744751
1177.0,19.333528518676758,3.1463680267333984,4.396990776062012,22.35265350341797,5.595183372497559
1178.0,13.660386085510254,2.370206594467163,3.695996046066284,20.921340942382812,3.451328992843628
1179.0,14.241759300231934,2.3198251724243164,3.7738256454467773,21.706993103027344,3.207110643386841
1180.0,14.63892650604248,2.32580828666687,3.826085090637207,22.54962921142578,3.303767442703247
1181.0,15.93244457244873,2.7634494304656982,3.991546630859375,19.695762634277344,3.937180280685425
1182.0,14.4600830078125,2.4287729263305664,3.8026416301727295,21.552433013916016,4.355372428894043
1183.0,13.705830574035645,2.318373918533325,3.702138662338257,21.751441955566406,3.4305803775787354
1184.0,14.822394371032715,2.45710825920105,3.8499863147735596,21.81841278076172,3.8561902046203613
1185.0,14.987361907958984,2.6130640506744385,3.871351480484009,20.522415161132812,3.8325626850128174
1186.0,18.356897354125977,2.852618455886841,4.284494876861572,22.662940979003906,5.597058296203613
1187.0,20.74701690673828,3.0628435611724854,4.55488920211792,22.56256866455078,3.63346791267395
1188.0,16.658967971801758,2.882328987121582,4.081540107727051,19.657718658447266,4.991898536682129
1189.0,16.09075355529785,2.637561798095703,4.011328220367432,21.484451293945312,3.3305890560150146
1190.0,13.242135047912598,2.2557737827301025,3.63897442817688,21.383995056152344,2.994546413421631
1191.0,13.34625244140625,2.313617467880249,3.653252363204956,21.49468231201172,3.2514166831970215
1192.0,17.496967315673828,2.917072057723999,4.1829376220703125,20.93199920654297,3.8072292804718018
1193.0,14.175763130187988,2.3698954582214355,3.765071392059326,21.495346069335938,3.1188783645629883
1194.0,14.210174560546875,2.352910280227661,3.7696385383605957,21.535667419433594,3.584320068359375
1195.0,14.010830879211426,2.327437162399292,3.7431044578552246,21.31616973876953,3.1038882732391357
1196.0,17.52581214904785,2.932567596435547,4.186384201049805,20.919837951660156,4.07608699798584
1197.0,15.784838676452637,2.508056640625,3.9730138778686523,22.819236755371094,4.227807521820068
1198.0,16.683691024780273,2.793231248855591,4.084567546844482,20.59278106689453,3.736301898956299
1199.0,14.864218711853027,2.3737661838531494,3.8554141521453857,21.467369079589844,3.1144871711730957
1200.0,16.700136184692383,2.6375341415405273,4.0865797996521,22.762985229492188,5.149399280548096
1201.0,14.728854179382324,2.4572439193725586,3.8378188610076904,21.78620147705078,3.471604347229004
1202.0,15.311050415039062,2.5281765460968018,3.912933826446533,21.471878051757812,3.629589080810547
1203.0,15.639290809631348,2.627207040786743,3.9546542167663574,21.031509399414062,3.4568662643432617
1204.0,17.213096618652344,2.7165606021881104,4.148867130279541,22.121177673339844,3.466033458709717
1205.0,14.041964530944824,2.4148335456848145,3.7472610473632812,21.256591796875,3.210319995880127
1206.0,25.111724853515625,3.6368744373321533,5.011159896850586,23.38475799560547,6.549505233764648
1207.0,15.53606128692627,2.597574234008789,3.9415810108184814,21.222518920898438,4.013369083404541
1208.0,14.502490043640137,2.3818576335906982,3.808213472366333,21.718093872070312,3.6334481239318848
1209.0,17.94324493408203,2.7836196422576904,4.2359466552734375,21.601943969726562,3.603930711746216
1210.0,18.08034324645996,2.8885536193847656,4.252098560333252,22.294921875,4.223660945892334
1211.0,20.635622024536133,3.1028175354003906,4.54264497756958,23.260032653808594,4.623518466949463
1212.0,22.776681900024414,3.4331119060516357,4.772492408752441,19.828113555908203,4.849618911743164
1213.0,16.290063858032227,2.515442371368408,4.036095142364502,21.633140563964844,3.507885456085205
1214.0,17.662328720092773,2.8005902767181396,4.202657222747803,22.076786041259766,4.384244441986084
1215.0,14.872340202331543,2.4141628742218018,3.8564672470092773,22.79688262939453,3.6308693885803223
1216.0,17.538389205932617,2.933993101119995,4.1878862380981445,20.092884063720703,4.144622802734375
1217.0,17.139415740966797,2.7859432697296143,4.139977931976318,20.972679138183594,3.584954261779785
1218.0,14.076218605041504,2.4067981243133545,3.751828670501709,20.10846710205078,3.4076054096221924
1219.0,15.853584289550781,2.7480714321136475,3.981656074523926,21.159469604492188,5.180381774902344
1220.0,13.0326566696167,2.2435128688812256,3.610077142715454,20.18364715576172,3.1595091819763184
1221.0,19.04903221130371,3.085589647293091,4.3645195960998535,20.676559448242188,4.046435356140137
1222.0,15.54205322265625,2.4648680686950684,3.9423410892486572,22.288314819335938,3.1353871822357178
1223.0,14.9248685836792,2.5501224994659424,3.863271713256836,20.56230926513672,3.425581455230713
1224.0,15.147765159606934,2.4711647033691406,3.8920130729675293,21.611167907714844,3.306621789932251
1225.0,14.49419116973877,2.5078954696655273,3.8071236610412598,21.431381225585938,3.391979217529297
1226.0,16.0002498626709,2.6253435611724854,4.000030994415283,22.92572784423828,4.031674861907959
1227.0,14.543108940124512,2.3802902698516846,3.8135428428649902,22.00177001953125,3.646319627761841
1228.0,22.139984130859375,3.545909881591797,4.705314636230469,20.513946533203125,4.87278938293457
1229.0,13.551239967346191,2.3040130138397217,3.6812009811401367,21.411300659179688,3.375565528869629
1230.0,13.866996765136719,2.417217969894409,3.723841667175293,22.19915008544922,3.496206283569336
1231.0,18.166799545288086,3.2125351428985596,4.2622528076171875,19.046348571777344,6.139193534851074
1232.0,14.905388832092285,2.463993787765503,3.8607497215270996,21.385761260986328,4.714374542236328
1233.0,20.115015029907227,3.0002641677856445,4.484976768493652,21.18914031982422,3.6670093536376953
1234.0,14.824898719787598,2.6487808227539062,3.850311517715454,20.319847106933594,4.000254154205322
1235.0,15.688763618469238,2.539992094039917,3.960904359817505,22.821327209472656,3.471212863922119
1236.0,15.285247802734375,2.6102681159973145,3.909635305404663,20.604454040527344,4.145233154296875
1237.0,17.981307983398438,2.880077362060547,4.240437030792236,23.945762634277344,4.522411823272705
1238.0,14.779438018798828,2.3867645263671875,3.8444035053253174,21.602397918701172,3.2879459857940674
1239.0,15.530844688415527,2.7621304988861084,3.9409191608428955,19.861434936523438,3.9330170154571533
1240.0,19.683326721191406,3.025852918624878,4.43658971786499,22.06475067138672,6.268194198608398
1241.0,15.262775421142578,2.5660595893859863,3.9067602157592773,21.138641357421875,3.6448543071746826
1242.0,16.04896354675293,2.6637868881225586,4.006115913391113,21.571353912353516,4.377440929412842
1243.0,14.71733570098877,2.460948944091797,3.836318016052246,21.289928436279297,3.365579605102539
1244.0,17.63972282409668,2.8449151515960693,4.199966907501221,21.018508911132812,4.395993232727051
1245.0,15.161341667175293,2.4384613037109375,3.893756866455078,22.19873046875,3.2256879806518555
1246.0,17.738460540771484,2.7341747283935547,4.211705207824707,23.073272705078125,3.7708189487457275
1247.0,24.6014461517334,3.8248250484466553,4.959984302520752,18.41318130493164,8.445220947265625
1248.0,15.0035400390625,2.7173101902008057,3.8734402656555176,19.407325744628906,4.434199810028076
1249.0,17.012842178344727,2.7776939868927,4.12466287612915,21.70543670654297,4.474420547485352
1250.0,17.70292091369629,2.7771501541137695,4.207483768463135,23.012474060058594,4.413801193237305
1251.0,16.173036575317383,2.672501802444458,4.021571636199951,21.661441802978516,3.8808815479278564
1252.0,13.660689353942871,2.332563638687134,3.6960370540618896,21.284828186035156,3.2842788696289062
1253.0,16.78963279724121,2.712360382080078,4.09751558303833,22.308502197265625,4.822621822357178
1254.0,13.3524808883667,2.322481870651245,3.654104709625244,21.940391540527344,3.516730308532715
1255.0,18.562755584716797,3.3683769702911377,4.3084516525268555,19.02417755126953,5.709734916687012
1256.0,17.438716888427734,2.7639360427856445,4.175969123840332,22.399185180664062,3.883085012435913
1257.0,16.84368324279785,2.6919071674346924,4.104105472564697,21.65032196044922,3.591297149658203
1258.0,18.12251853942871,2.791675329208374,4.257055282592773,21.263206481933594,3.6557822227478027
1259.0,18.219486236572266,2.919614791870117,4.268428802490234,22.79015350341797,4.939643859863281
1260.0,13.028480529785156,2.2028801441192627,3.6094987392425537,21.92774200439453,3.0959718227386475
1261.0,15.400158882141113,2.3775551319122314,3.9243035316467285,22.483108520507812,3.049896001815796
1262.0,16.897764205932617,2.9084250926971436,4.110689163208008,20.71564483642578,4.098516464233398
1263.0,14.150988578796387,2.392770528793335,3.761780023574829,22.38958740234375,4.1358561515808105
1264.0,18.96474266052246,2.8992919921875,4.354852676391602,23.516525268554688,4.710585117340088
1265.0,17.401094436645508,2.608931541442871,4.171462059020996,23.268844604492188,3.4285008907318115
1266.0,19.07676887512207,3.1663930416107178,4.367696285247803,20.184188842773438,5.291867733001709
1267.0,16.002660751342773,2.6056392192840576,4.000332355499268,22.86408233642578,4.387134075164795
1268.0,14.191929817199707,2.390362024307251,3.7672178745269775,20.678085327148438,3.165722370147705
1269.0,16.044038772583008,2.551118850708008,4.0055012702941895,23.926734924316406,3.753966808319092
1270.0,13.40074634552002,2.275038480758667,3.66070294380188,20.566837310791016,3.141324281692505
1271.0,13.155827522277832,2.261003017425537,3.627096176147461,20.680946350097656,3.3653814792633057
1272.0,18.80116844177246,2.8573732376098633,4.336031436920166,22.646240234375,3.9653749465942383
1273.0,13.73743724822998,2.313622236251831,3.7064049243927,20.9925537109375,3.109461784362793
1274.0,16.33140754699707,2.77182674407959,4.041213512420654,19.9608154296875,4.02768087387085
1275.0,14.236445426940918,2.4894790649414062,3.7731213569641113,21.01373291015625,3.7006735801696777
1276.0,15.327437400817871,2.575868606567383,3.915027141571045,21.812297821044922,4.134511470794678
1277.0,14.784070014953613,2.412109613418579,3.845005750656128,22.36829376220703,3.475907802581787
1278.0,22.903562545776367,3.8450353145599365,4.7857666015625,18.75867462158203,5.568480491638184
1279.0,17.36705207824707,3.0603721141815186,4.167379379272461,18.900039672851562,5.508332252502441
1280.0,13.934261322021484,2.4305226802825928,3.7328622341156006,20.835617065429688,3.601767063140869
1281.0,14.07863998413086,2.4199678897857666,3.7521514892578125,20.85865020751953,3.643672466278076
1282.0,13.607704162597656,2.4258458614349365,3.6888620853424072,20.932037353515625,3.8472201824188232
1283.0,15.39564037322998,2.7205746173858643,3.9237277507781982,19.664161682128906,3.789156198501587
1284.0,13.532544136047363,2.363698720932007,3.6786606311798096,21.15703582763672,3.2725636959075928
1285.0,14.0264892578125,2.2616255283355713,3.7451953887939453,20.673442840576172,2.912024974822998
1286.0,16.884321212768555,3.0358760356903076,4.109053611755371,20.060020446777344,5.231343746185303
1287.0,13.686820983886719,2.297513246536255,3.699570417404175,21.256549835205078,3.4616405963897705
1288.0,15.25287914276123,2.5064315795898438,3.9054934978485107,21.113441467285156,4.006000995635986
1289.0,13.149371147155762,2.247983455657959,3.626206159591675,20.934356689453125,3.041123390197754
1290.0,15.463180541992188,2.5332980155944824,3.9323251247406006,22.27428436279297,3.6225550174713135
1291.0,14.187190055847168,2.414909601211548,3.7665886878967285,21.348411560058594,3.505434513092041
1292.0,15.134661674499512,2.4840664863586426,3.890329360961914,22.505699157714844,4.700644016265869
1293.0,15.476669311523438,2.613363027572632,3.934039831161499,21.974105834960938,4.705276012420654
1294.0,13.956377983093262,2.42799973487854,3.735823631286621,21.021198272705078,3.4120936393737793
1295.0,15.816635131835938,2.8247053623199463,3.977013349533081,20.020751953125,5.034394264221191
1296.0,15.915637969970703,2.495866298675537,3.98944091796875,22.880294799804688,3.2134339809417725
1297.0,13.299897193908691,2.367166757583618,3.646902322769165,20.462478637695312,3.7012810707092285
1298.0,12.720703125,2.162832498550415,3.5666093826293945,20.53103256225586,2.966092348098755
1299.0,14.16845703125,2.4011497497558594,3.764101028442383,21.822383880615234,3.1601786613464355
1300.0,14.978684425354004,2.4615581035614014,3.8702304363250732,20.7685546875,3.323535919189453
1301.0,15.15877628326416,2.448319673538208,3.8934273719787598,22.303382873535156,3.5254507064819336
1302.0,15.016230583190918,2.767910957336426,3.8750782012939453,18.854583740234375,4.966790676116943
1303.0,18.083045959472656,2.8340530395507812,4.252416610717773,22.362594604492188,4.812707424163818
1304.0,19.366853713989258,3.440436601638794,4.400778770446777,18.807395935058594,5.695967674255371
1305.0,14.504040718078613,2.6363773345947266,3.8084170818328857,20.030540466308594,4.659027099609375
1306.0,14.431561470031738,2.5583269596099854,3.798889398574829,20.317962646484375,3.9267492294311523
1307.0,16.483041763305664,2.6293859481811523,4.05993127822876,21.558475494384766,4.1826581954956055
1308.0,23.169631958007812,3.4831295013427734,4.813484191894531,20.1741943359375,4.854873180389404
1309.0,16.027305603027344,2.651026964187622,4.003411769866943,21.672649383544922,3.8904666900634766
1310.0,20.9910831451416,3.069072723388672,4.581602573394775,25.031936645507812,3.9342041015625
1311.0,16.82722282409668,2.704570770263672,4.102099895477295,21.592620849609375,3.717348098754883
1312.0,13.55966854095459,2.348863363265991,3.6823456287384033,21.02203369140625,3.259984016418457
1313.0,17.881622314453125,2.857314348220825,4.22866678237915,23.0968017578125,5.018642425537109
1314.0,18.718141555786133,3.031140089035034,4.326446533203125,23.637882232666016,5.588515281677246
1315.0,14.609850883483887,2.4709205627441406,3.8222835063934326,20.34161376953125,3.5048718452453613
1316.0,14.275858879089355,2.5873003005981445,3.7783408164978027,19.461227416992188,4.592654705047607
1317.0,15.595592498779297,2.736739158630371,3.9491255283355713,20.002395629882812,3.948004961013794
1318.0,18.130172729492188,3.159187078475952,4.257954120635986,19.42392349243164,4.480514049530029
1319.0,14.30738353729248,2.3903486728668213,3.782510280609131,22.33544921875,3.3569891452789307
1320.0,14.144848823547363,2.312246561050415,3.7609639167785645,20.64191436767578,3.200693130493164
1321.0,16.629417419433594,2.752880096435547,4.07791805267334,22.188644409179688,3.971355676651001
1322.0,14.01227855682373,2.3822226524353027,3.743297815322876,20.67023468017578,3.2367732524871826
1323.0,14.332771301269531,2.4823102951049805,3.7858645915985107,21.087623596191406,3.5443708896636963
1324.0,14.902979850769043,2.481088876724243,3.8604378700256348,20.462665557861328,3.3081750869750977
1325.0,14.07092571258545,2.3338682651519775,3.7511231899261475,22.365386962890625,3.2809574604034424
1326.0,16.912599563598633,2.675501823425293,4.11249303817749,23.573028564453125,3.6637399196624756
1327.0,17.382158279418945,2.746586561203003,4.169191360473633,22.86499786376953,3.72475004196167
1328.0,18.154611587524414,3.2146313190460205,4.260822772979736,20.578529357910156,5.660486221313477
1329.0,15.490994453430176,2.5825164318084717,3.9358601570129395,21.393016815185547,3.70101261138916
1330.0,18.25148582458496,3.0117485523223877,4.2721757888793945,20.30809783935547,5.227306365966797
1331.0,13.813538551330566,2.4110114574432373,3.7166569232940674,22.114463806152344,3.573685884475708
1332.0,19.50897789001465,2.792121648788452,4.416896820068359,22.011756896972656,3.4117493629455566
1333.0,13.514159202575684,2.3427960872650146,3.676161050796509,20.599136352539062,3.4853274822235107
1334.0,14.44182300567627,2.506307363510132,3.8002398014068604,19.984066009521484,3.64681339263916
1335.0,17.01078224182129,2.848865509033203,4.124413013458252,22.509315490722656,4.022958278656006
1336.0,15.636555671691895,2.6031503677368164,3.95430850982666,21.492183685302734,3.8426828384399414
1337.0,14.849705696105957,2.415785551071167,3.8535315990448,21.189674377441406,3.330681085586548
1338.0,14.68717098236084,2.4265072345733643,3.8323845863342285,22.035263061523438,3.4333114624023438
1339.0,14.512728691101074,2.55724835395813,3.8095574378967285,19.9423828125,3.610248565673828
1340.0,16.146549224853516,2.4588239192962646,4.018276691436768,21.391693115234375,3.2710533142089844
1341.0,16.277568817138672,2.8723526000976562,4.034546852111816,20.18695831298828,5.554561614990234
1342.0,13.608647346496582,2.265040397644043,3.6889901161193848,21.87036895751953,3.717278242111206
1343.0,13.375080108642578,2.2485973834991455,3.657195568084717,20.761383056640625,3.082052707672119
1344.0,14.74341106414795,2.382824659347534,3.839715003967285,22.35205841064453,3.9280455112457275
1345.0,16.456491470336914,2.67710018157959,4.056660175323486,22.810386657714844,4.061270713806152
1346.0,13.461581230163574,2.20517897605896,3.6690027713775635,20.651321411132812,2.9370033740997314
1347.0,14.671494483947754,2.4847970008850098,3.830338716506958,20.773075103759766,3.2222774028778076
1348.0,17.920682907104492,2.800778388977051,4.233282566070557,22.443038940429688,4.061160564422607
1349.0,15.731578826904297,2.5216257572174072,3.9663054943084717,21.979446411132812,3.43589186668396
1350.0,16.98819351196289,2.6830596923828125,4.121673583984375,21.581756591796875,3.381145715713501
1351.0,14.703343391418457,2.61578106880188,3.83449387550354,19.785850524902344,4.3203277587890625
1352.0,19.339597702026367,2.904224395751953,4.397680759429932,21.040416717529297,3.58733868598938
1353.0,13.58392333984375,2.3252298831939697,3.6856374740600586,20.873336791992188,3.663912773132324
1354.0,13.511054039001465,2.4317169189453125,3.675738573074341,20.29570770263672,3.779945135116577
1355.0,22.585128784179688,3.1409695148468018,4.752381324768066,25.426651000976562,3.6817874908447266
1356.0,14.204096794128418,2.383540391921997,3.768832206726074,20.516822814941406,3.2015132904052734
1357.0,16.93198585510254,2.8252971172332764,4.11484956741333,23.072757720947266,5.419878959655762
1358.0,14.073267936706543,2.4364516735076904,3.7514355182647705,21.705150604248047,3.8823559284210205
1359.0,15.25731372833252,2.6936352252960205,3.9060611724853516,20.006465911865234,4.598659515380859
1360.0,15.757044792175293,2.5539119243621826,3.9695143699645996,21.49679183959961,3.3355209827423096
1361.0,13.858135223388672,2.524164915084839,3.722651720046997,19.355972290039062,4.229633808135986
1362.0,20.95201301574707,3.0946922302246094,4.57733678817749,22.823108673095703,5.5492844581604
1363.0,19.154098510742188,3.2448108196258545,4.376539707183838,19.296375274658203,5.498711585998535
1364.0,17.361766815185547,2.7801883220672607,4.166745185852051,20.22716522216797,3.7917137145996094
1365.0,13.717238426208496,2.3246734142303467,3.703679084777832,21.335189819335938,3.047036647796631
1366.0,13.348063468933105,2.3524672985076904,3.6535000801086426,20.757911682128906,3.3093814849853516
1367.0,18.05657958984375,2.9869682788848877,4.249303340911865,22.485870361328125,5.019919395446777
1368.0,22.0762939453125,3.3927173614501953,4.698541641235352,23.414199829101562,6.686041355133057
1369.0,14.633147239685059,2.4763646125793457,3.8253297805786133,21.011775970458984,3.50659441947937
1370.0,22.86899757385254,3.8426570892333984,4.782154083251953,17.493621826171875,7.502191543579102
1371.0,20.29499053955078,3.1169326305389404,4.504996299743652,22.92931365966797,4.910381317138672
1372.0,14.313410758972168,2.5187015533447266,3.783306837081909,21.14179229736328,3.89640736579895
1373.0,15.34802532196045,2.5844902992248535,3.9176557064056396,20.279666900634766,3.423698663711548
1374.0,16.129905700683594,2.713711977005005,4.016205310821533,20.681175231933594,4.251700401306152
1375.0,14.502059936523438,2.5333364009857178,3.808156967163086,19.86672592163086,4.041727066040039
1376.0,12.604686737060547,2.1694822311401367,3.5503079891204834,20.696533203125,2.9498355388641357
1377.0,14.021873474121094,2.2682912349700928,3.744579315185547,21.285110473632812,3.1805520057678223
1378.0,14.5110445022583,2.6548845767974854,3.8093364238739014,19.858917236328125,3.958775043487549
1379.0,13.21407699584961,2.3169100284576416,3.635117292404175,20.907089233398438,3.32174015045166
1380.0,15.453460693359375,2.5512874126434326,3.931088924407959,21.380699157714844,4.887215614318848
1381.0,14.897247314453125,2.564866781234741,3.8596951961517334,20.832645416259766,3.602311372756958
1382.0,16.55510902404785,2.720957040786743,4.0687971115112305,21.615135192871094,3.6973695755004883
1383.0,14.934840202331543,2.548492193222046,3.8645620346069336,20.552886962890625,3.5090391635894775
1384.0,15.758003234863281,2.7262046337127686,3.969635248184204,20.296321868896484,3.729426145553589
1385.0,14.96240234375,2.4530205726623535,3.868126392364502,21.401615142822266,4.226365566253662
1386.0,16.86682891845703,2.7687530517578125,4.106924533843994,21.371726989746094,5.140988349914551
1387.0,15.239433288574219,2.6704273223876953,3.9037716388702393,20.82501220703125,3.484023094177246
1388.0,12.990647315979004,2.212977886199951,3.6042540073394775,21.120285034179688,3.2794766426086426
1389.0,15.739827156066895,2.835280179977417,3.9673449993133545,19.107559204101562,5.267305850982666
1390.0,17.583879470825195,2.8006837368011475,4.1933135986328125,21.848312377929688,3.7072091102600098
1391.0,14.160743713378906,2.4291164875030518,3.7630763053894043,20.4959716796875,3.460867404937744
1392.0,12.676712989807129,2.152329683303833,3.5604372024536133,21.38129425048828,3.0597095489501953
1393.0,17.609901428222656,3.068652391433716,4.196415424346924,19.193157196044922,3.985840082168579
1394.0,14.661781311035156,2.52465558052063,3.829070568084717,20.596786499023438,3.698216676712036
1395.0,16.107378005981445,2.771437406539917,4.013399600982666,20.612503051757812,3.707674026489258
1396.0,21.998519897460938,3.3487319946289062,4.690258026123047,23.561325073242188,5.919736862182617
1397.0,13.755208015441895,2.3401124477386475,3.708801507949829,21.55797576904297,3.4404544830322266
1398.0,16.480066299438477,2.8590939044952393,4.059564590454102,20.64269256591797,4.549318313598633
1399.0,16.07613182067871,2.6295647621154785,4.009505271911621,21.34215545654297,3.629020929336548
1400.0,13.821455955505371,2.323643922805786,3.717721939086914,21.907604217529297,3.450239896774292
1401.0,20.189132690429688,3.084660291671753,4.493231773376465,21.343189239501953,3.9934184551239014
1402.0,18.34281349182129,3.0556538105010986,4.282851219177246,20.664260864257812,3.9984331130981445
1403.0,14.442248344421387,2.3942372798919678,3.800295829772949,22.056961059570312,3.377514600753784
1404.0,16.417490005493164,2.739516019821167,4.051850318908691,20.801467895507812,4.244571685791016
1405.0,14.082367897033691,2.532606840133667,3.752648115158081,19.49405288696289,3.817528009414673
1406.0,15.330078125,2.6135692596435547,3.9153642654418945,19.72869110107422,3.447216272354126
1407.0,15.94994068145752,2.518209218978882,3.9937376976013184,22.156719207763672,4.041319370269775
1408.0,18.367094039916992,2.8987247943878174,4.285684585571289,22.800079345703125,3.5402190685272217
1409.0,15.480087280273438,2.871087074279785,3.934474229812622,18.549205780029297,4.946984767913818
1410.0,14.368587493896484,2.403701066970825,3.7905919551849365,21.40367889404297,3.191615343093872
1411.0,18.46427345275879,2.760241746902466,4.2970075607299805,22.64398193359375,3.472496509552002
1412.0,14.159342765808105,2.3445310592651367,3.762890100479126,21.491470336914062,3.257935047149658
1413.0,20.398399353027344,3.0663673877716064,4.516458511352539,21.189193725585938,5.942977428436279
1414.0,13.084458351135254,2.2586829662323,3.6172444820404053,20.253639221191406,3.0507400035858154
1415.0,15.959872245788574,2.6244499683380127,3.994980812072754,20.89008331298828,3.6929714679718018
1416.0,14.078351020812988,2.3865807056427,3.752112865447998,21.16191864013672,3.3171772956848145
1417.0,16.19736671447754,2.9410886764526367,4.024595260620117,20.623023986816406,4.403688430786133
1418.0,18.385950088500977,2.8130180835723877,4.28788423538208,24.13214874267578,5.180865287780762
1419.0,17.765445709228516,2.7488298416137695,4.214907646179199,20.96129608154297,3.3720340728759766
1420.0,15.515225410461426,2.572941303253174,3.938937187194824,20.90924072265625,3.7075936794281006
1421.0,18.6865291595459,3.112328290939331,4.322792053222656,21.10352325439453,4.490764141082764
1422.0,16.21613883972168,2.7973203659057617,4.026926517486572,21.133377075195312,3.9323270320892334
1423.0,14.42724323272705,2.39900803565979,3.798321008682251,21.791900634765625,3.367609977722168
1424.0,16.654464721679688,2.88562273979187,4.08098840713501,19.946666717529297,4.3610310554504395
1425.0,18.112157821655273,2.82909893989563,4.255837917327881,22.570411682128906,4.179833889007568
1426.0,17.781335830688477,3.1092002391815186,4.216792106628418,21.005386352539062,5.705422401428223
1427.0,14.720771789550781,2.578728437423706,3.836765766143799,19.46579360961914,3.718600034713745
1428.0,15.562881469726562,2.550168752670288,3.944981813430786,22.298423767089844,4.237391471862793
1429.0,14.902687072753906,2.6252517700195312,3.8603999614715576,19.609474182128906,3.8349437713623047
1430.0,17.272768020629883,2.80753493309021,4.156052112579346,23.919029235839844,5.074515342712402
1431.0,23.94764518737793,3.428645372390747,4.8936333656311035,24.78278350830078,4.482095241546631
1432.0,15.378874778747559,2.5919320583343506,3.921590805053711,21.35437774658203,4.283542633056641
1433.0,18.412450790405273,2.762596845626831,4.29097318649292,22.459915161132812,3.727201461791992
1434.0,16.50448989868164,2.8802902698516846,4.062572002410889,21.15424346923828,5.187771797180176
1435.0,14.93864917755127,2.53113055229187,3.8650548458099365,21.605209350585938,4.033937454223633
1436.0,22.140859603881836,3.2131011486053467,4.705407619476318,21.317466735839844,4.1547064781188965
1437.0,15.278948783874512,2.5704314708709717,3.908829689025879,21.228862762451172,3.6843206882476807
1438.0,19.560361862182617,2.969348192214966,4.422709941864014,22.691162109375,3.66658091545105
1439.0,20.065399169921875,3.5405473709106445,4.4794416427612305,18.22391128540039,5.659182071685791
1440.0,13.692893981933594,2.354987621307373,3.7003910541534424,21.335494995117188,3.7410378456115723
1441.0,16.733095169067383,2.7404003143310547,4.090610504150391,21.542648315429688,4.051855087280273
1442.0,14.505465507507324,2.3843955993652344,3.8086042404174805,22.092750549316406,3.40881085395813
1443.0,21.300142288208008,3.557558059692383,4.615207672119141,21.6976318359375,6.807041168212891
1444.0,20.50960350036621,2.9807493686676025,4.52875280380249,22.850906372070312,3.763578414916992
1445.0,14.50574779510498,2.3254928588867188,3.808641195297241,22.69676971435547,3.3966925144195557
1446.0,13.4815092086792,2.2792563438415527,3.671717405319214,20.443771362304688,3.185640573501587
1447.0,12.812638282775879,2.248861312866211,3.579474687576294,20.042068481445312,3.0907158851623535
1448.0,15.630951881408691,2.5178093910217285,3.9535999298095703,22.04743194580078,3.218473196029663
1449.0,14.320269584655762,2.4443931579589844,3.7842133045196533,20.583343505859375,3.182135820388794
1450.0,15.507439613342285,2.533909559249878,3.937948703765869,20.687915802001953,3.3325142860412598
1451.0,14.456822395324707,2.456507921218872,3.802212715148926,21.175579071044922,3.656914710998535
1452.0,15.135331153869629,2.4431309700012207,3.8904151916503906,21.219444274902344,3.032257556915283
1453.0,13.594836235046387,2.2787957191467285,3.687117576599121,21.501522064208984,3.9208757877349854
1454.0,22.487388610839844,3.350674629211426,4.742086887359619,20.414432525634766,4.010986328125
1455.0,16.721933364868164,2.7327165603637695,4.0892462730407715,22.169109344482422,5.02969217300415
1456.0,13.103415489196777,2.1975364685058594,3.619863986968994,21.212989807128906,3.296123743057251
1457.0,13.543742179870605,2.324859857559204,3.680182456970215,20.457435607910156,3.05765962600708
1458.0,13.2941255569458,2.313826322555542,3.646111011505127,20.42620086669922,3.391786575317383
1459.0,13.721501350402832,2.3910646438598633,3.704254388809204,20.408401489257812,3.2574236392974854
1460.0,12.560787200927734,2.1857852935791016,3.5441200733184814,20.635608673095703,3.15667986869812
1461.0,13.530604362487793,2.359377145767212,3.6783969402313232,20.71947479248047,3.395719528198242
1462.0,18.947952270507812,2.858405351638794,4.352924346923828,21.62177276611328,3.7415597438812256
1463.0,19.796091079711914,3.4832375049591064,4.44927978515625,19.23241424560547,7.393039226531982
1464.0,22.12775993347168,3.3477942943573,4.704015254974365,25.134780883789062,4.834043979644775
1465.0,14.452197074890137,2.465189218521118,3.8016045093536377,21.363876342773438,3.764843463897705
1466.0,16.830095291137695,2.827289342880249,4.102449893951416,19.9935302734375,3.604595422744751
1467.0,18.48101234436035,3.0756232738494873,4.298954963684082,22.749221801757812,5.08122444152832
1468.0,13.583649635314941,2.3502962589263916,3.6856002807617188,21.392608642578125,3.2036914825439453
1469.0,14.688065528869629,2.674467086791992,3.832501173019409,19.90863037109375,4.486656188964844
1470.0,21.619094848632812,3.0614287853240967,4.649633884429932,22.061874389648438,3.650721549987793
1471.0,22.634811401367188,3.716543436050415,4.75760555267334,18.801254272460938,7.203376293182373
1472.0,14.155278205871582,2.378058433532715,3.762350082397461,22.255645751953125,3.270859718322754
1473.0,16.114660263061523,2.686018943786621,4.014307022094727,21.723793029785156,4.003899097442627
1474.0,17.310861587524414,2.739929437637329,4.160632133483887,22.611724853515625,3.5428614616394043
1475.0,13.386204719543457,2.241678237915039,3.6587162017822266,21.685836791992188,3.5853166580200195
1476.0,14.188813209533691,2.544326066970825,3.7668042182922363,19.541648864746094,3.4243876934051514
1477.0,17.13214874267578,2.9383113384246826,4.139100074768066,19.51715850830078,4.012741565704346
1478.0,17.249135971069336,2.6340339183807373,4.153207778930664,20.624706268310547,3.191072940826416
1479.0,14.649506568908691,2.4802019596099854,3.827467441558838,20.583465576171875,3.6013689041137695
1480.0,14.334012031555176,2.534820556640625,3.7860286235809326,20.144771575927734,3.705501079559326
1481.0,16.15799903869629,2.6713829040527344,4.0197014808654785,22.230934143066406,4.231791019439697
1482.0,13.479415893554688,2.250325918197632,3.6714324951171875,21.484542846679688,2.881908416748047
1483.0,16.535200119018555,2.9241249561309814,4.066349506378174,19.831680297851562,5.422181129455566
1484.0,13.492899894714355,2.3254594802856445,3.6732683181762695,20.742042541503906,3.2143990993499756
1485.0,14.14814281463623,2.3898425102233887,3.761401653289795,20.79056167602539,3.2941763401031494
1486.0,15.804411888122559,2.7831361293792725,3.9754762649536133,19.3140869140625,4.961184978485107
1487.0,14.95562744140625,2.5187575817108154,3.867250680923462,20.36077117919922,3.176164150238037
1488.0,22.11927604675293,3.328397035598755,4.703113555908203,23.142322540283203,4.835374355316162
1489.0,16.540891647338867,2.901992082595825,4.067049503326416,20.407550811767578,4.62878942489624
1490.0,13.06427001953125,2.282137632369995,3.614452838897705,21.36119842529297,3.4368042945861816
1491.0,14.307971000671387,2.4368717670440674,3.782587766647339,21.815975189208984,3.395407199859619
1492.0,19.77045249938965,3.1784114837646484,4.44639778137207,20.921890258789062,4.899198055267334
1493.0,15.646056175231934,2.800865411758423,3.955509662628174,19.59463119506836,4.76068115234375
1494.0,15.809990882873535,2.581090211868286,3.976177930831909,22.251605987548828,4.514853477478027
1495.0,15.15683650970459,2.5581657886505127,3.8931782245635986,20.503787994384766,3.5267484188079834
1496.0,21.044179916381836,3.624582529067993,4.587393760681152,18.424659729003906,6.150367736816406
1497.0,15.834091186523438,2.5879757404327393,3.9792072772979736,20.921173095703125,3.8182690143585205
1498.0,14.302668571472168,2.4045326709747314,3.7818868160247803,21.346355438232422,3.450601577758789
1499.0,14.187335014343262,2.523665428161621,3.7666079998016357,20.231002807617188,3.582669734954834
1500.0,13.935478210449219,2.3787648677825928,3.733025312423706,20.916297912597656,3.369138717651367
1501.0,14.36468505859375,2.4705922603607178,3.7900772094726562,20.869796752929688,3.3327863216400146
1502.0,19.376916885375977,3.359013319015503,4.40192174911499,20.631118774414062,6.4695963859558105
1503.0,12.906082153320312,2.2129452228546143,3.592503547668457,21.24964141845703,3.1549875736236572
1504.0,15.302265167236328,2.5981624126434326,3.911810874938965,22.54574203491211,4.257662773132324
1505.0,19.060285568237305,3.2820231914520264,4.365808486938477,19.512847900390625,6.567911624908447
1506.0,13.43088436126709,2.292496919631958,3.6648170948028564,20.69445037841797,3.2217483520507812
1507.0,14.240924835205078,2.400395154953003,3.773715019226074,20.859153747558594,3.1743195056915283
1508.0,17.2288761138916,2.750192642211914,4.150768280029297,22.382537841796875,3.5964016914367676
1509.0,13.562350273132324,2.4075734615325928,3.6827096939086914,19.832599639892578,3.500089168548584
1510.0,16.21627426147461,2.7634620666503906,4.026943683624268,21.193145751953125,3.7319724559783936
1511.0,17.008014678955078,2.7348620891571045,4.124077320098877,23.793746948242188,3.6632497310638428
1512.0,16.198495864868164,2.8158159255981445,4.024735450744629,20.38714599609375,4.113965034484863
1513.0,15.169548034667969,2.501478433609009,3.894810438156128,22.528518676757812,3.6687421798706055
1514.0,18.46839141845703,3.278038263320923,4.297486782073975,18.741451263427734,5.280918121337891
1515.0,17.80289649963379,2.7285709381103516,4.219347953796387,21.50275421142578,3.5029470920562744
1516.0,14.201746940612793,2.442622184753418,3.7685205936431885,20.572872161865234,3.54757022857666
1517.0,15.01026439666748,2.696871757507324,3.8743083477020264,19.687664031982422,4.236950397491455
1518.0,15.117005348205566,2.497739791870117,3.888059377670288,20.750137329101562,3.264394760131836
1519.0,23.037002563476562,3.6820640563964844,4.79968786239624,22.361160278320312,6.505905628204346
1520.0,16.811614990234375,2.798044443130493,4.100196838378906,21.736804962158203,4.456734657287598
1521.0,13.68121337890625,2.332415819168091,3.698812484741211,21.494735717773438,3.440441608428955
1522.0,14.468892097473145,2.560439109802246,3.803799629211426,20.001083374023438,3.619990110397339
1523.0,13.289498329162598,2.2734134197235107,3.6454763412475586,20.269973754882812,3.2509517669677734
1524.0,16.42760467529297,2.726202964782715,4.053098201751709,23.010997772216797,5.251535892486572
1525.0,14.392367362976074,2.517651081085205,3.793727397918701,20.134212493896484,4.022930145263672
1526.0,21.241960525512695,3.293766736984253,4.60890007019043,23.288856506347656,6.183009147644043
1527.0,14.186511039733887,2.4634158611297607,3.766498565673828,20.76498794555664,3.5601589679718018
1528.0,19.456756591796875,3.4531314373016357,4.410981178283691,19.241729736328125,5.400293827056885
1529.0,27.268285751342773,3.819199323654175,5.221904277801514,19.933277130126953,4.3494415283203125
1530.0,15.764445304870605,2.5988385677337646,3.9704465866088867,22.565773010253906,3.750319480895996
1531.0,21.924196243286133,3.6963396072387695,4.682328224182129,19.376502990722656,5.880416393280029
1532.0,12.718249320983887,2.2162177562713623,3.566265344619751,20.46027374267578,3.0809543132781982
1533.0,14.194464683532715,2.6117658615112305,3.76755428314209,20.313323974609375,3.7943367958068848
1534.0,16.242692947387695,2.6004912853240967,4.030222415924072,21.69086456298828,4.118877410888672
1535.0,13.925472259521484,2.341895580291748,3.731684923171997,20.705841064453125,3.241258382797241
1536.0,19.606863021850586,3.0940792560577393,4.427963733673096,20.084148406982422,4.023988246917725
1537.0,13.666854858398438,2.4145469665527344,3.696871042251587,20.915523529052734,3.4514968395233154
1538.0,13.292746543884277,2.2535300254821777,3.6459219455718994,20.94390869140625,3.425170421600342
1539.0,13.5764741897583,2.3524341583251953,3.684626817703247,20.814727783203125,3.323232650756836
1540.0,21.113679885864258,3.5083463191986084,4.5949625968933105,18.556087493896484,5.234635829925537
1541.0,13.490245819091797,2.321619749069214,3.6729071140289307,20.335567474365234,3.5669374465942383
1542.0,15.518109321594238,2.620713710784912,3.939303159713745,20.49853515625,4.050713539123535
1543.0,17.737060546875,3.063840866088867,4.211538791656494,19.58917999267578,4.247303009033203
1544.0,13.45764446258545,2.267781972885132,3.668466329574585,22.07052993774414,3.490802764892578
1545.0,17.670211791992188,3.098665237426758,4.203595161437988,19.394668579101562,4.760869026184082
1546.0,16.939498901367188,2.6427524089813232,4.115762233734131,23.549041748046875,3.250823974609375
1547.0,16.444364547729492,2.842710494995117,4.0551652908325195,22.261886596679688,4.53429651260376
1548.0,18.077112197875977,2.9232311248779297,4.251718521118164,22.93445587158203,4.866741180419922
1549.0,16.54170799255371,2.741276979446411,4.067149639129639,20.145408630371094,4.044103622436523
1550.0,18.200429916381836,2.8905560970306396,4.266196250915527,22.134376525878906,3.644987106323242
1551.0,13.818074226379395,2.4019715785980225,3.7172670364379883,20.43651580810547,3.709179639816284
1552.0,14.39294147491455,2.4564149379730225,3.7938029766082764,20.506011962890625,3.2193570137023926
1553.0,17.993675231933594,2.72334361076355,4.2418951988220215,23.368087768554688,3.344512701034546
1554.0,12.945755004882812,2.2568085193634033,3.5980210304260254,20.482437133789062,3.117471218109131
1555.0,15.553685188293457,2.790398359298706,3.9438161849975586,19.857791900634766,3.879826784133911
1556.0,15.551661491394043,2.5240318775177,3.943559408187866,22.087814331054688,3.7642364501953125
1557.0,17.7965145111084,2.8734524250030518,4.218591690063477,22.028900146484375,4.256977558135986
1558.0,15.60214614868164,2.5349960327148438,3.9499552249908447,20.596351623535156,3.4685864448547363
1559.0,13.700108528137207,2.3399431705474854,3.7013657093048096,21.181175231933594,3.7497944831848145
1560.0,15.81798267364502,2.767115354537964,3.9771828651428223,21.153976440429688,4.612117767333984
1561.0,13.634631156921387,2.261941432952881,3.6925101280212402,21.63201141357422,2.990076780319214
1562.0,12.760608673095703,2.233656644821167,3.5721993446350098,20.60333251953125,3.3069510459899902
1563.0,16.1468563079834,2.769641160964966,4.018315315246582,20.842788696289062,4.897654056549072
1564.0,15.547490119934082,2.677820920944214,3.943030595779419,21.5843505859375,3.789313554763794
1565.0,14.391129493713379,2.3331873416900635,3.7935643196105957,20.86644744873047,3.0619089603424072
1566.0,15.792025566101074,2.7924509048461914,3.9739181995391846,20.415054321289062,3.6702518463134766
1567.0,14.7675199508667,2.5909464359283447,3.84285306930542,20.023513793945312,3.982858657836914
1568.0,14.383610725402832,2.5416500568389893,3.7925732135772705,20.523849487304688,4.473896503448486
1569.0,19.614423751831055,3.075286626815796,4.428817272186279,23.346206665039062,4.67512321472168
1570.0,13.43962574005127,2.339667320251465,3.6660094261169434,19.947792053222656,3.15787935256958
1571.0,14.336929321289062,2.4303722381591797,3.7864136695861816,20.97443389892578,3.3821117877960205
1572.0,14.517163276672363,2.505737543106079,3.8101394176483154,20.973129272460938,3.266555070877075
1573.0,15.0016450881958,2.700970411300659,3.8731956481933594,19.56781768798828,3.7606821060180664
1574.0,16.56411361694336,2.7731525897979736,4.069903373718262,19.875076293945312,4.287968158721924
1575.0,13.653592109680176,2.411942720413208,3.6950767040252686,20.212360382080078,4.096744060516357
1576.0,13.811055183410645,2.348750114440918,3.716322898864746,20.99737548828125,3.083548069000244
1577.0,13.715245246887207,2.466261863708496,3.7034099102020264,19.80168914794922,4.036371231079102
1578.0,14.453445434570312,2.6270370483398438,3.8017687797546387,19.462234497070312,3.6744539737701416
1579.0,13.046112060546875,2.2851202487945557,3.6119401454925537,20.53905487060547,3.3076021671295166
1580.0,15.825818061828613,2.7136764526367188,3.978167772293091,20.94671630859375,3.627575635910034
1581.0,20.114267349243164,3.041753053665161,4.484893321990967,24.259872436523438,3.8729281425476074
1582.0,19.267953872680664,3.338209390640259,4.389527797698975,19.02581787109375,5.522034645080566
1583.0,16.525299072265625,2.782735824584961,4.065132141113281,19.898635864257812,3.5489981174468994
1584.0,16.57252311706543,2.73856258392334,4.07093620300293,21.125450134277344,4.174857139587402
1585.0,14.251473426818848,2.4266269207000732,3.7751123905181885,20.521217346191406,3.4455363750457764
1586.0,15.419154167175293,2.763845682144165,3.926723003387451,20.96587371826172,4.159097194671631
1587.0,13.962848663330078,2.5033023357391357,3.736689567565918,19.986404418945312,3.723290205001831
1588.0,13.210426330566406,2.244158983230591,3.634614944458008,21.18982696533203,3.0890414714813232
1589.0,15.889369010925293,2.5379250049591064,3.986147165298462,20.895004272460938,3.351689577102661
1590.0,14.359516143798828,2.437483072280884,3.789395332336426,21.34130859375,3.3583765029907227
1591.0,20.19437599182129,3.394304037094116,4.4938154220581055,18.94097900390625,7.020605564117432
1592.0,20.866785049438477,3.1483542919158936,4.568017482757568,24.337181091308594,4.464526653289795
1593.0,15.61197566986084,2.789004325866699,3.9511992931365967,19.25439453125,4.532895565032959
1594.0,16.08808135986328,2.650796890258789,4.010994911193848,23.053741455078125,4.362946510314941
1595.0,13.59377670288086,2.2831766605377197,3.686973810195923,21.25442123413086,3.9955873489379883
1596.0,15.3809232711792,2.562530279159546,3.9218521118164062,21.772811889648438,3.7593469619750977
1597.0,13.517951965332031,2.435073137283325,3.6766767501831055,19.692291259765625,3.5824108123779297
1598.0,16.46453285217285,2.653367280960083,4.057651042938232,20.2823486328125,3.2742526531219482
1599.0,14.548602104187012,2.4803707599639893,3.814262866973877,20.825096130371094,3.9541807174682617
1600.0,12.800166130065918,2.2341883182525635,3.5777320861816406,20.034687042236328,3.071836233139038
1601.0,13.158085823059082,2.1816868782043457,3.6274075508117676,21.389705657958984,3.289064884185791
1602.0,17.245853424072266,2.861997604370117,4.152812480926514,20.34551239013672,4.523899555206299
1603.0,13.875428199768066,2.412440538406372,3.724973678588867,21.34943389892578,3.9420361518859863
1604.0,14.781806945800781,2.607057571411133,3.8447115421295166,20.198410034179688,3.5283100605010986
1605.0,15.112434387207031,2.5149106979370117,3.8874714374542236,20.91352081298828,3.3489878177642822
1606.0,12.913355827331543,2.226515054702759,3.5935158729553223,21.25924301147461,3.4644012451171875
1607.0,14.170498847961426,2.394489049911499,3.7643723487854004,21.005939483642578,3.278994560241699
1608.0,16.943368911743164,2.9737911224365234,4.116232395172119,19.415904998779297,4.779702663421631
1609.0,17.35650634765625,3.016779661178589,4.16611385345459,20.17584228515625,4.372391700744629
1610.0,12.692456245422363,2.188626289367676,3.5626473426818848,20.845455169677734,2.9831149578094482
1611.0,15.156806945800781,2.462348222732544,3.893174409866333,22.60521697998047,4.649096965789795
1612.0,14.723341941833496,2.47577166557312,3.8371007442474365,20.840702056884766,3.3904988765716553
1613.0,19.151880264282227,2.8684051036834717,4.376286029815674,21.737655639648438,3.4439761638641357
1614.0,20.856786727905273,3.2022504806518555,4.566923141479492,19.833271026611328,4.035214900970459
1615.0,14.679516792297363,2.6609418392181396,3.831385850906372,20.615798950195312,4.286553382873535
1616.0,16.0865478515625,2.6846325397491455,4.010803699493408,21.054073333740234,3.4085865020751953
1617.0,25.32080078125,3.638028860092163,5.031977653503418,24.111892700195312,4.982016086578369
1618.0,16.125768661499023,2.9026095867156982,4.015690326690674,19.124835968017578,4.620768070220947
1619.0,18.77823829650879,2.962980270385742,4.333386421203613,21.21829605102539,4.442041873931885
1620.0,14.781079292297363,2.4734272956848145,3.8446168899536133,20.902114868164062,3.48170804977417
1621.0,16.40229606628418,2.6968209743499756,4.0499749183654785,19.904579162597656,3.737156391143799
1622.0,14.055354118347168,2.3621528148651123,3.749047040939331,21.127239227294922,3.4534261226654053
1623.0,13.90643310546875,2.327512502670288,3.729133129119873,21.052597045898438,3.1616742610931396
1624.0,15.170684814453125,2.684377431869507,3.894956350326538,21.88111114501953,4.149439811706543
1625.0,12.964645385742188,2.204057455062866,3.600645065307617,21.173992156982422,3.0201151371002197
1626.0,19.9509220123291,3.512139320373535,4.46664571762085,19.630752563476562,6.566368579864502
1627.0,14.097408294677734,2.426762104034424,3.7546515464782715,22.24685287475586,3.727588176727295
1628.0,14.8074312210083,2.4729182720184326,3.8480424880981445,22.024559020996094,3.713340997695923
1629.0,16.807382583618164,2.75406551361084,4.0996809005737305,20.725990295410156,3.533362865447998
1630.0,15.262354850769043,2.5145175457000732,3.9067063331604004,21.295936584472656,3.398716449737549
1631.0,14.086482048034668,2.4121432304382324,3.7531962394714355,20.516250610351562,3.573443651199341
1632.0,13.642196655273438,2.2511703968048096,3.6935343742370605,21.477848052978516,3.0251355171203613
1633.0,14.995060920715332,2.5072948932647705,3.8723456859588623,22.469375610351562,4.394678592681885
1634.0,14.615571022033691,2.5978281497955322,3.8230316638946533,19.86414337158203,4.324030876159668
1635.0,15.91864013671875,2.574659585952759,3.9898171424865723,21.26031494140625,3.2618210315704346
1636.0,15.759974479675293,2.6546924114227295,3.969883441925049,21.717975616455078,4.057145595550537
1637.0,13.174842834472656,2.2583062648773193,3.629716634750366,20.447338104248047,3.1438210010528564
1638.0,12.907036781311035,2.1612050533294678,3.5926365852355957,20.84707260131836,2.9167702198028564
1639.0,13.28093433380127,2.283200263977051,3.644301652908325,21.279041290283203,3.0390496253967285
1640.0,16.84259033203125,2.725006341934204,4.103972434997559,22.176467895507812,5.098378658294678
1641.0,17.633708953857422,3.162818193435669,4.199251174926758,18.71926498413086,6.365993499755859
1642.0,14.306721687316895,2.4665939807891846,3.7824227809906006,20.84731674194336,3.4462857246398926
1643.0,14.615912437438965,2.342827558517456,3.8230762481689453,21.267684936523438,3.067213773727417
1644.0,15.493754386901855,2.5859832763671875,3.9362106323242188,21.333606719970703,3.528031826019287
1645.0,16.67987632751465,2.7779502868652344,4.084100246429443,22.22265625,5.1076741218566895
1646.0,15.653607368469238,2.8302319049835205,3.9564640522003174,19.347118377685547,4.782471179962158
1647.0,24.997499465942383,4.051314830780029,4.999750137329102,18.76959991455078,6.346146106719971
1648.0,22.59074592590332,3.233036994934082,4.75297212600708,23.494483947753906,7.113882064819336
1649.0,13.880566596984863,2.429779529571533,3.725663185119629,20.792404174804688,3.9220268726348877
1650.0,16.197166442871094,2.671091079711914,4.024570465087891,20.82868194580078,3.7242560386657715
1651.0,13.225125312805176,2.2929420471191406,3.63663649559021,21.278884887695312,3.137486696243286
1652.0,14.48902416229248,2.350027322769165,3.8064451217651367,20.99553680419922,3.010946273803711
1653.0,13.482521057128906,2.3786487579345703,3.6718552112579346,20.129234313964844,3.755537748336792
1654.0,16.212799072265625,2.6732218265533447,4.026512145996094,21.412097930908203,3.5463318824768066
1655.0,15.450066566467285,2.812950849533081,3.930657386779785,19.735671997070312,4.924114227294922
1656.0,15.898162841796875,2.5305817127227783,3.9872500896453857,21.723617553710938,3.2818377017974854
1657.0,19.410001754760742,3.3950536251068115,4.4056782722473145,18.386260986328125,7.36783504486084
1658.0,13.52224063873291,2.2796590328216553,3.677259922027588,20.712223052978516,3.001551866531372
1659.0,17.150978088378906,3.0195391178131104,4.141374111175537,19.65369415283203,4.3125200271606445
1660.0,23.47430992126465,3.4035775661468506,4.845029354095459,25.710464477539062,4.027824401855469
1661.0,14.262306213378906,2.5434348583221436,3.7765469551086426,19.826080322265625,3.4401893615722656
1662.0,13.952841758728027,2.520587205886841,3.7353503704071045,19.910247802734375,3.6914825439453125
1663.0,17.972923278808594,2.9851837158203125,4.239448547363281,20.43551254272461,4.116704940795898
1664.0,13.658676147460938,2.373671293258667,3.6957645416259766,20.41183853149414,3.571108341217041
1665.0,14.42510986328125,2.5357115268707275,3.7980401515960693,20.123077392578125,3.4361374378204346
1666.0,13.345499992370605,2.361975908279419,3.653149366378784,20.237449645996094,3.8798611164093018
1667.0,16.5804386138916,2.874718427658081,4.071908473968506,20.54525375366211,3.858910083770752
1668.0,15.222270011901855,2.562927484512329,3.9015727043151855,23.26894760131836,4.146115779876709
1669.0,13.635269165039062,2.3646533489227295,3.692596435546875,20.922630310058594,3.046754837036133
1670.0,14.359660148620605,2.509943723678589,3.789414167404175,20.006084442138672,3.5978569984436035
1671.0,18.029382705688477,2.8947670459747314,4.2461018562316895,23.01406478881836,5.547380447387695
1672.0,21.33603858947754,3.6169440746307373,4.6190948486328125,20.230545043945312,5.361269950866699
1673.0,16.293684005737305,2.6164638996124268,4.036543369293213,22.162857055664062,3.837982177734375
1674.0,15.58161449432373,2.8583691120147705,3.947355270385742,19.324462890625,4.691946029663086
1675.0,12.78099536895752,2.256685495376587,3.575051784515381,21.25244903564453,3.1683738231658936
1676.0,13.759532928466797,2.3976614475250244,3.7093844413757324,21.554988861083984,4.151106834411621
1677.0,14.283623695373535,2.6322691440582275,3.7793681621551514,19.406726837158203,4.114881992340088
1678.0,15.473320007324219,2.5240840911865234,3.9336140155792236,20.81493377685547,3.4317164421081543
1679.0,14.184857368469238,2.453747510910034,3.7662789821624756,20.691757202148438,3.810760736465454
1680.0,15.517725944519043,2.6325795650482178,3.9392545223236084,22.27037811279297,4.682814121246338
1681.0,14.18553638458252,2.4084465503692627,3.766369104385376,20.688648223876953,3.1980321407318115
1682.0,13.252132415771484,2.400853395462036,3.640347957611084,19.607208251953125,3.6514525413513184
1683.0,14.431574821472168,2.497115135192871,3.798891305923462,20.89336395263672,3.4730348587036133
1684.0,16.600595474243164,2.9013240337371826,4.074382781982422,19.9935302734375,4.564342975616455
1685.0,13.897208213806152,2.5263991355895996,3.727895975112915,19.59192657470703,3.8107547760009766
1686.0,12.819706916809082,2.1992053985595703,3.5804617404937744,20.623844146728516,2.9567503929138184
1687.0,15.261466979980469,2.8274953365325928,3.906592845916748,19.519031524658203,4.241195201873779
1688.0,12.84578800201416,2.152432918548584,3.584102153778076,21.260162353515625,2.9625871181488037
1689.0,14.880145072937012,2.507399320602417,3.8574790954589844,22.017486572265625,4.255041599273682
1690.0,13.469801902770996,2.3577752113342285,3.6701228618621826,20.686344146728516,3.3881444931030273
1691.0,14.17241382598877,2.57254695892334,3.7646267414093018,19.696327209472656,4.6949238777160645
1692.0,15.214800834655762,2.701988935470581,3.9006154537200928,20.541465759277344,3.9542760848999023
1693.0,13.62466049194336,2.296330690383911,3.691159725189209,20.854827880859375,3.071976900100708
1694.0,13.072100639343262,2.3623294830322266,3.6155359745025635,19.30709457397461,3.5374138355255127
1695.0,16.562196731567383,2.856452226638794,4.069667816162109,19.669078826904297,3.64308500289917
1696.0,19.527238845825195,3.158576011657715,4.418963432312012,19.419025421142578,4.03572416305542
1697.0,16.154605865478516,2.700775146484375,4.019279479980469,21.03573226928711,3.8308475017547607
1698.0,14.380760192871094,2.5876286029815674,3.7921972274780273,20.52007293701172,4.489912509918213
1699.0,13.85638427734375,2.4315037727355957,3.722416400909424,20.553871154785156,3.478374719619751
1700.0,15.059524536132812,2.6550233364105225,3.88066029548645,20.355388641357422,3.743820905685425
1701.0,20.806602478027344,3.274068832397461,4.561425685882568,23.334457397460938,7.286131381988525
1702.0,17.006826400756836,3.0420796871185303,4.1239333152771,19.817466735839844,4.641717910766602
1703.0,19.112220764160156,3.014195680618286,4.371752738952637,22.60680389404297,4.775929927825928
1704.0,15.11194133758545,2.666092872619629,3.8874080181121826,19.928672790527344,3.699704647064209
1705.0,25.443130493164062,3.653766393661499,5.044118404388428,23.934364318847656,6.678804874420166
1706.0,13.674274444580078,2.3033926486968994,3.6978743076324463,22.33277130126953,3.4623053073883057
1707.0,15.112395286560059,2.831923484802246,3.8874664306640625,19.75537109375,4.730508804321289
1708.0,13.920344352722168,2.302049398422241,3.7309978008270264,21.219284057617188,2.9783873558044434
1709.0,20.453046798706055,3.4509518146514893,4.5225043296813965,19.660995483398438,6.4236345291137695
1710.0,17.154964447021484,3.073052167892456,4.141855239868164,18.275421142578125,4.6226043701171875
1711.0,19.20697593688965,3.2028491497039795,4.3825764656066895,20.20819091796875,6.267788887023926
1712.0,12.509254455566406,2.1633310317993164,3.5368423461914062,20.864501953125,3.021368980407715
1713.0,15.349249839782715,2.7860562801361084,3.917811870574951,19.599075317382812,3.7770755290985107
1714.0,14.0562162399292,2.3884384632110596,3.749161958694458,21.702011108398438,3.3375840187072754
1715.0,13.956886291503906,2.349882125854492,3.735891580581665,21.66561508178711,3.4147467613220215
1716.0,14.206440925598145,2.5048623085021973,3.7691433429718018,21.86928939819336,3.8593661785125732
1717.0,14.71911907196045,2.4160616397857666,3.83655047416687,21.547801971435547,3.307360887527466
1718.0,13.991207122802734,2.3142223358154297,3.7404820919036865,21.186382293701172,3.6111090183258057
1719.0,12.897381782531738,2.31372332572937,3.591292381286621,20.194866180419922,3.2558743953704834
1720.0,15.3016939163208,2.55277156829834,3.9117379188537598,22.160438537597656,3.9292783737182617
1721.0,15.847994804382324,2.664745569229126,3.9809539318084717,20.119571685791016,3.433290481567383
1722.0,14.807884216308594,2.5443854331970215,3.8481013774871826,21.00802230834961,3.5171549320220947
1723.0,14.380732536315918,2.390777349472046,3.792193651199341,21.419822692871094,3.495699167251587
1724.0,12.8977689743042,2.2072463035583496,3.591346502304077,21.976470947265625,3.1551127433776855
1725.0,12.904017448425293,2.1597750186920166,3.5922162532806396,21.291366577148438,2.9831182956695557
1726.0,14.018165588378906,2.4848225116729736,3.744084119796753,20.48908233642578,3.440189838409424
1727.0,14.495203971862793,2.516470193862915,3.8072566986083984,20.583988189697266,3.389507532119751
1728.0,14.651860237121582,2.569215774536133,3.8277747631073,20.5772705078125,4.263877868652344
1729.0,14.777928352355957,2.461258888244629,3.8442070484161377,21.503677368164062,3.377042770385742
1730.0,15.271376609802246,2.7984437942504883,3.90786075592041,19.636478424072266,4.414054870605469
1731.0,16.44113540649414,2.802510976791382,4.05476713180542,21.544639587402344,4.816259860992432
1732.0,16.346498489379883,2.718099355697632,4.0430803298950195,21.469654083251953,3.627873182296753
1733.0,15.845049858093262,2.9273335933685303,3.980584144592285,18.64820098876953,4.7394514083862305
1734.0,13.131610870361328,2.266319513320923,3.6237564086914062,21.20431900024414,3.537806510925293
1735.0,13.094914436340332,2.267367124557495,3.61868953704834,20.820018768310547,3.29967999458313
1736.0,14.211356163024902,2.5332043170928955,3.7697951793670654,19.829029083251953,3.4059505462646484
1737.0,17.318208694458008,3.030384063720703,4.161515235900879,19.47494888305664,4.27301025390625
1738.0,15.4256591796875,2.7075729370117188,3.92755126953125,20.38775634765625,4.079484939575195
1739.0,18.59547996520996,2.9030745029449463,4.3122477531433105,21.949054718017578,5.604450225830078
1740.0,14.121196746826172,2.3603570461273193,3.7578179836273193,21.144729614257812,3.0988142490386963
1741.0,15.53974437713623,2.6183478832244873,3.9420483112335205,21.396526336669922,3.4746618270874023
1742.0,15.128975868225098,2.528665065765381,3.8895983695983887,21.602462768554688,3.3221826553344727
1743.0,15.495945930480957,2.713465929031372,3.9364891052246094,20.90436553955078,4.035578727722168
1744.0,14.222403526306152,2.5356976985931396,3.7712602615356445,21.125717163085938,3.9276692867279053
1745.0,14.203852653503418,2.53637433052063,3.7687997817993164,20.609539031982422,3.9781596660614014
1746.0,15.934952735900879,2.6952743530273438,3.991860866546631,22.230403900146484,4.888533115386963
1747.0,13.354697227478027,2.2818081378936768,3.6544079780578613,21.24923324584961,3.2961244583129883
1748.0,14.500399589538574,2.505038022994995,3.807939052581787,21.049877166748047,3.3176746368408203
1749.0,18.377458572387695,2.9904110431671143,4.286893844604492,22.366748809814453,5.191882133483887
1750.0,15.16468334197998,2.6148555278778076,3.894185781478882,18.82168197631836,4.017972469329834
1751.0,14.905680656433105,2.4954652786254883,3.8607876300811768,21.113304138183594,3.7955265045166016
1752.0,14.886950492858887,2.8071155548095703,3.858361005783081,19.0535888671875,5.045755386352539
1753.0,15.73272705078125,2.7833406925201416,3.9664502143859863,19.627365112304688,4.934068202972412
1754.0,15.888760566711426,2.83357310295105,3.9860708713531494,19.32717514038086,3.7350966930389404
1755.0,15.925498962402344,2.8746860027313232,3.9906764030456543,19.925243377685547,4.9374775886535645
1756.0,14.060406684875488,2.4365358352661133,3.749720811843872,21.038833618164062,3.704911947250366
1757.0,13.402579307556152,2.274338483810425,3.6609532833099365,21.80825424194336,3.4488275051116943
1758.0,15.863391876220703,2.930082321166992,3.9828872680664062,18.433486938476562,4.8578877449035645
1759.0,17.877408981323242,2.8759829998016357,4.228168487548828,21.466720581054688,4.093617916107178
1760.0,18.641754150390625,3.099668502807617,4.317609786987305,20.254608154296875,4.6780781745910645
1761.0,15.77294635772705,2.7246360778808594,3.9715168476104736,20.269817352294922,3.590184450149536
1762.0,14.468182563781738,2.4084835052490234,3.803706407546997,21.915889739990234,3.246051549911499
1763.0,13.65188217163086,2.3512685298919678,3.69484543800354,21.45157241821289,3.1850366592407227
1764.0,13.4139404296875,2.289701461791992,3.6625046730041504,22.028789520263672,3.5074610710144043
1765.0,14.221692085266113,2.4581663608551025,3.7711658477783203,20.548419952392578,3.2938730716705322
1766.0,16.392547607421875,2.7032101154327393,4.048770904541016,21.19427490234375,3.5887253284454346
1767.0,14.62075424194336,2.6054718494415283,3.823709487915039,20.47406768798828,4.122735023498535
1768.0,17.609853744506836,3.0472018718719482,4.196409702301025,19.39960479736328,4.360271453857422
1769.0,13.72690200805664,2.3538906574249268,3.7049834728240967,21.11272430419922,3.5625205039978027
1770.0,14.851070404052734,2.501210927963257,3.8537087440490723,21.26202392578125,3.327892780303955
1771.0,18.015335083007812,3.2005274295806885,4.244447708129883,19.3214111328125,6.7339768409729
1772.0,13.692280769348145,2.450817346572876,3.700308084487915,20.32984161376953,3.472128391265869
1773.0,14.663849830627441,2.515779495239258,3.829340696334839,20.82040023803711,3.7117116451263428
1774.0,13.006054878234863,2.2684106826782227,3.606390953063965,20.763477325439453,3.2350685596466064
1775.0,14.331744194030762,2.5432000160217285,3.785728931427002,19.905242919921875,4.759312152862549
1776.0,13.589469909667969,2.315696954727173,3.686389923095703,22.01986312866211,3.620344400405884
1777.0,17.312545776367188,3.073939085006714,4.160834789276123,19.945148468017578,5.663331031799316
1778.0,16.28533363342285,2.934237241744995,4.03550910949707,20.604629516601562,5.597721576690674
1779.0,25.877656936645508,3.620795488357544,5.087008476257324,21.607772827148438,4.4183244705200195
1780.0,16.466049194335938,2.644958734512329,4.057837963104248,21.99435043334961,3.614661455154419
1781.0,12.81627368927002,2.206549882888794,3.579982280731201,20.259361267089844,3.1742970943450928
1782.0,14.513221740722656,2.629873275756836,3.809622287750244,19.84123992919922,3.80674409866333
1783.0,20.567733764648438,3.3012335300445557,4.535166263580322,23.36981201171875,5.606108665466309
1784.0,15.255867004394531,2.7816593647003174,3.9058759212493896,19.73436737060547,4.189962387084961
1785.0,13.882488250732422,2.3970730304718018,3.725921154022217,19.726852416992188,3.412175178527832
1786.0,17.087987899780273,2.8502089977264404,4.133761882781982,20.793437957763672,3.5986716747283936
1787.0,15.974189758300781,2.7868568897247314,3.996772527694702,20.477001190185547,3.512876033782959
1788.0,14.574414253234863,2.464714288711548,3.8176450729370117,21.327159881591797,3.9991140365600586
1789.0,12.914141654968262,2.296431303024292,3.593625068664551,19.935436248779297,3.4660398960113525
1790.0,16.290992736816406,2.6819655895233154,4.036210060119629,21.578720092773438,3.610480546951294
1791.0,13.411163330078125,2.3778798580169678,3.662125587463379,20.716938018798828,3.7018961906433105
1792.0,16.908491134643555,2.7719504833221436,4.111993789672852,20.83855438232422,4.085694313049316
1793.0,16.325468063354492,2.7081527709960938,4.040478706359863,21.813640594482422,4.776916980743408
1794.0,14.332954406738281,2.566838026046753,3.785888910293579,21.993450164794922,3.9398510456085205
1795.0,22.15057373046875,3.589418411254883,4.70643949508667,20.047836303710938,6.720521926879883
1796.0,17.347755432128906,2.944003105163574,4.165063858032227,21.19675064086914,4.461037635803223
1797.0,13.28315258026123,2.2881367206573486,3.644605875015259,21.322418212890625,3.0947422981262207
1798.0,12.63635540008545,2.2144219875335693,3.554765224456787,20.5716552734375,3.049752950668335
1799.0,13.343047142028809,2.412217140197754,3.652813673019409,20.615432739257812,3.5832901000976562
1800.0,12.63586711883545,2.208791971206665,3.554696559906006,21.362567901611328,2.977823257446289
1801.0,15.416193962097168,2.602260112762451,3.9263460636138916,20.1971435546875,4.250511646270752
1802.0,16.3125057220459,2.679976224899292,4.03887414932251,22.475086212158203,3.9539952278137207
1803.0,14.03941822052002,2.3523645401000977,3.7469210624694824,21.850341796875,3.340550184249878
1804.0,20.842666625976562,3.5269229412078857,4.5653767585754395,18.837051391601562,7.254647254943848
1805.0,13.599339485168457,2.3988184928894043,3.6877281665802,20.34954071044922,3.201857089996338
1806.0,14.904559135437012,2.5362355709075928,3.860642433166504,21.4754638671875,3.372652769088745
1807.0,17.363981246948242,2.8605616092681885,4.167011260986328,22.878475189208984,4.01414155960083
1808.0,17.882213592529297,2.937509536743164,4.228736877441406,20.245075225830078,4.187737464904785
1809.0,14.493171691894531,2.3933286666870117,3.806989908218384,21.8609619140625,3.4358065128326416
1810.0,14.919258117675781,2.769456148147583,3.8625454902648926,20.17452621459961,4.5300612449646
1811.0,16.52852439880371,2.764850616455078,4.065528869628906,22.207969665527344,3.782498359680176
1812.0,13.577247619628906,2.394317388534546,3.6847317218780518,20.609878540039062,3.119208574295044
1813.0,15.896102905273438,2.6438045501708984,3.9869916439056396,21.911544799804688,3.7742483615875244
1814.0,22.695837020874023,3.415771484375,4.764014720916748,21.346832275390625,4.475188732147217
1815.0,14.791481018066406,2.3868484497070312,3.8459694385528564,20.983184814453125,3.124232053756714
1816.0,14.561444282531738,2.4973843097686768,3.815946102142334,21.421035766601562,3.3619041442871094
1817.0,13.80570125579834,2.4080326557159424,3.715602397918701,21.352012634277344,3.4607415199279785
1818.0,17.73118782043457,2.957718849182129,4.210841655731201,21.08478546142578,4.540428638458252
1819.0,13.681782722473145,2.3470475673675537,3.6988894939422607,20.980587005615234,3.448004961013794
1820.0,17.36543083190918,3.0115344524383545,4.167184829711914,20.672073364257812,5.255712032318115
1821.0,13.411224365234375,2.4698660373687744,3.6621339321136475,19.66592788696289,3.7951369285583496
1822.0,13.660533905029297,2.3406941890716553,3.6960158348083496,20.495262145996094,3.242377996444702
1823.0,15.151771545410156,2.6604039669036865,3.8925275802612305,20.243606567382812,4.643067359924316
1824.0,13.135581970214844,2.3124442100524902,3.6243042945861816,21.16449737548828,3.6402511596679688
1825.0,13.153965950012207,2.325986623764038,3.6268396377563477,19.861591339111328,3.1750845909118652
1826.0,14.315765380859375,2.466559410095215,3.7836179733276367,20.719051361083984,3.565420627593994
1827.0,13.662138938903809,2.434297800064087,3.696233034133911,20.457286834716797,3.394958019256592
1828.0,15.69373607635498,2.811389207839966,3.9615321159362793,18.75302505493164,4.451730728149414
1829.0,24.807167053222656,3.6514320373535156,4.980679512023926,19.40619659423828,4.326143741607666
1830.0,14.559441566467285,2.560598611831665,3.815683603286743,20.798599243164062,3.3619136810302734
1831.0,12.639063835144043,2.2391202449798584,3.5551462173461914,21.1376953125,3.134397506713867
1832.0,14.90156078338623,2.6683032512664795,3.8602540493011475,19.732486724853516,3.5064697265625
1833.0,15.662430763244629,2.7442150115966797,3.9575788974761963,19.66638946533203,3.5411622524261475
1834.0,16.303871154785156,2.6180875301361084,4.037805080413818,20.319808959960938,3.6696617603302
1835.0,15.474553108215332,2.649672508239746,3.9337708950042725,23.21953582763672,4.592442035675049
1836.0,15.073086738586426,2.508653402328491,3.8824074268341064,22.4698486328125,3.508866310119629
1837.0,17.78508758544922,3.2068569660186768,4.2172369956970215,18.98571014404297,4.497470855712891
1838.0,15.084120750427246,2.553400993347168,3.8838281631469727,22.490131378173828,4.565546035766602
1839.0,14.868247985839844,2.7335634231567383,3.8559367656707764,19.204925537109375,4.716765880584717
1840.0,13.724141120910645,2.2823545932769775,3.704610824584961,21.323802947998047,3.0735902786254883
1841.0,13.61728572845459,2.455885171890259,3.6901607513427734,20.268997192382812,3.9400298595428467
1842.0,14.78908920288086,2.6140353679656982,3.845658540725708,19.920154571533203,3.52823805809021
1843.0,14.060564994812012,2.5188913345336914,3.749742031097412,20.02088165283203,3.6180667877197266
1844.0,14.243849754333496,2.475273847579956,3.7741024494171143,21.64264678955078,3.7507598400115967
1845.0,13.475029945373535,2.2756245136260986,3.670835018157959,21.444000244140625,3.142967462539673
1846.0,17.577482223510742,2.944740056991577,4.1925506591796875,19.631145477294922,3.8861050605773926
1847.0,25.922502517700195,3.48852801322937,5.091414451599121,22.60009765625,4.043524265289307
1848.0,15.462660789489746,2.8426246643066406,3.9322590827941895,18.352943420410156,5.431779861450195
1849.0,15.155226707458496,2.7784125804901123,3.8929715156555176,19.563140869140625,4.235182285308838
1850.0,14.318893432617188,2.393693208694458,3.784031391143799,21.362407684326172,3.950601816177368
1851.0,12.622443199157715,2.2577993869781494,3.5528078079223633,20.82971954345703,3.274399757385254
1852.0,13.8041353225708,2.4621989727020264,3.7153916358947754,19.57195281982422,3.50803279876709
1853.0,12.418272972106934,2.1615142822265625,3.5239570140838623,21.24793243408203,2.8799140453338623
1854.0,13.295306205749512,2.4013020992279053,3.646272897720337,20.113574981689453,3.326733112335205
1855.0,14.718432426452637,2.6353402137756348,3.836460828781128,19.529495239257812,3.928783416748047
1856.0,16.4719295501709,2.732234239578247,4.058562278747559,21.70794677734375,4.1742682456970215
1857.0,15.660823822021484,2.5896148681640625,3.9573757648468018,21.838275909423828,3.6833763122558594
1858.0,18.19184684753418,2.9761087894439697,4.265190124511719,19.526126861572266,5.489380836486816
1859.0,14.050537109375,2.5063107013702393,3.7484045028686523,20.006240844726562,3.653127670288086
1860.0,14.226496696472168,2.4044928550720215,3.7718029022216797,21.58629608154297,4.129603385925293
1861.0,24.408639907836914,4.021575450897217,4.940510272979736,17.618614196777344,8.043560028076172
1862.0,17.260528564453125,2.761425733566284,4.154579162597656,22.646896362304688,4.586756229400635
1863.0,14.423008918762207,2.4809463024139404,3.7977635860443115,22.236099243164062,3.5491156578063965
1864.0,15.897082328796387,2.642631769180298,3.987114429473877,22.562286376953125,4.605875492095947
1865.0,14.18659496307373,2.4451208114624023,3.766509771347046,20.65155792236328,3.2980740070343018
1866.0,14.2367582321167,2.5320327281951904,3.773162841796875,21.458786010742188,3.6685709953308105
1867.0,13.178840637207031,2.402024030685425,3.630267381668091,20.169490814208984,3.4679691791534424
1868.0,15.28984546661377,2.471557140350342,3.9102232456207275,21.349197387695312,3.1331982612609863
1869.0,15.96807861328125,2.7936055660247803,3.9960079193115234,20.875404357910156,4.64727783203125
1870.0,16.78495979309082,2.866485595703125,4.096945285797119,20.922527313232422,4.215581893920898
1871.0,21.868927001953125,3.2622337341308594,4.676422595977783,23.069812774658203,6.054359436035156
1872.0,13.107434272766113,2.326300859451294,3.6204190254211426,20.423992156982422,3.4503703117370605
1873.0,14.333661079406738,2.5157437324523926,3.785982131958008,20.76723861694336,3.6441426277160645
1874.0,16.392187118530273,2.7278940677642822,4.048726558685303,22.488346099853516,4.906834125518799
1875.0,15.259907722473145,2.7728469371795654,3.90639328956604,18.556488037109375,4.62322473526001
1876.0,17.50140380859375,2.8071374893188477,4.183467864990234,21.000961303710938,4.171912670135498
1877.0,15.884991645812988,2.8434293270111084,3.985598087310791,19.695945739746094,4.3158488273620605
1878.0,13.318499565124512,2.3754959106445312,3.649451971054077,20.671436309814453,3.14150333404541
1879.0,12.935432434082031,2.277513027191162,3.596586227416992,20.203327178955078,3.01835298538208
1880.0,13.330906867980957,2.396862030029297,3.651151418685913,20.38161849975586,3.2133188247680664
1881.0,12.503639221191406,2.2658822536468506,3.536048650741577,19.85155487060547,3.394700527191162
1882.0,13.310811042785645,2.274480104446411,3.6483983993530273,21.855525970458984,3.5884034633636475
1883.0,12.813003540039062,2.1811728477478027,3.5795257091522217,21.273067474365234,3.076237916946411
1884.0,15.212414741516113,2.6692466735839844,3.9003095626831055,19.279064178466797,4.264144420623779
1885.0,14.962286949157715,2.5484910011291504,3.8681116104125977,21.379928588867188,4.096875190734863
1886.0,18.601303100585938,2.8062007427215576,4.312922954559326,22.47933578491211,3.5181467533111572
1887.0,14.314738273620605,2.4573538303375244,3.783482313156128,21.568313598632812,3.257758617401123
1888.0,13.397479057312012,2.3509182929992676,3.6602566242218018,21.109066009521484,3.6058664321899414
1889.0,14.145214080810547,2.588653802871704,3.761012315750122,19.837371826171875,3.6399965286254883
1890.0,13.98776626586914,2.432952404022217,3.7400221824645996,21.182159423828125,3.188275098800659
1891.0,14.733589172363281,2.445422887802124,3.8384358882904053,20.889266967773438,3.386460304260254
1892.0,13.710583686828613,2.4509079456329346,3.7027804851531982,20.392200469970703,3.402695417404175
1893.0,19.62934112548828,3.256808042526245,4.430501461029053,18.76364517211914,4.384413242340088
1894.0,12.81198787689209,2.2836225032806396,3.579383611679077,20.357872009277344,3.035957098007202
1895.0,14.764885902404785,2.49565052986145,3.842510461807251,21.638259887695312,4.248497486114502
1896.0,17.590024948120117,2.8278884887695312,4.194046497344971,23.233932495117188,4.990194797515869
1897.0,12.542350769042969,2.2476015090942383,3.541518211364746,20.838817596435547,3.1831276416778564
1898.0,17.312406539916992,2.725625991821289,4.160818099975586,22.14507293701172,3.474759578704834
1899.0,16.88689422607422,2.9379498958587646,4.109366416931152,19.622737884521484,4.488071918487549
1900.0,13.017929077148438,2.236149311065674,3.608036756515503,21.049362182617188,3.3032429218292236
1901.0,15.804267883300781,2.7027156352996826,3.9754581451416016,20.878589630126953,3.7718281745910645
1902.0,14.188679695129395,2.5874834060668945,3.7667863368988037,20.237380981445312,4.46091890335083
1903.0,15.704543113708496,2.7745485305786133,3.9628958702087402,19.895462036132812,3.8773086071014404
1904.0,12.830223083496094,2.3623158931732178,3.581930160522461,20.227455139160156,3.7667746543884277
1905.0,14.45592212677002,2.690009117126465,3.8020944595336914,19.625701904296875,3.6080434322357178
1906.0,16.08158302307129,2.6532952785491943,4.0101847648620605,22.586719512939453,4.169704437255859
1907.0,15.506416320800781,2.8146731853485107,3.937818765640259,19.882110595703125,3.974334478378296
1908.0,14.298859596252441,2.462111234664917,3.7813832759857178,21.299835205078125,3.736109733581543
1909.0,14.400670051574707,2.523702621459961,3.7948215007781982,22.51156997680664,4.4614787101745605
1910.0,17.31598663330078,2.7860937118530273,4.161248207092285,22.05435562133789,4.217618942260742
1911.0,17.004873275756836,2.945122480392456,4.123696327209473,19.35137939453125,4.019588470458984
1912.0,16.66485595703125,2.6324939727783203,4.082261085510254,23.334274291992188,3.442274332046509
1913.0,16.11960792541504,2.8991634845733643,4.014923095703125,20.151493072509766,5.081296920776367
1914.0,18.02329444885254,2.8856470584869385,4.24538516998291,23.758201599121094,6.313575744628906
1915.0,13.679081916809082,2.487189292907715,3.698524236679077,19.752540588378906,3.8579554557800293
1916.0,12.70828914642334,2.3068978786468506,3.564868688583374,20.002151489257812,3.4751791954040527
1917.0,14.213581085205078,2.5440824031829834,3.770090341567993,19.46898651123047,4.095395088195801
1918.0,13.424263000488281,2.401228904724121,3.6639137268066406,21.418941497802734,3.3033664226531982
1919.0,14.0868501663208,2.4076430797576904,3.7532453536987305,20.638633728027344,3.4154052734375
1920.0,13.661585807800293,2.435492992401123,3.6961581707000732,20.83460235595703,3.7609200477600098
1921.0,14.117767333984375,2.4249861240386963,3.757361650466919,21.355972290039062,3.4885671138763428
1922.0,17.90673065185547,3.2335424423217773,4.231634616851807,18.560710906982422,5.3203558921813965
1923.0,14.851517677307129,2.6157400608062744,3.853766679763794,19.946517944335938,3.6047418117523193
1924.0,13.987709045410156,2.3725974559783936,3.7400145530700684,20.70177459716797,3.0794875621795654
1925.0,20.48622703552246,3.0405046939849854,4.5261712074279785,21.818878173828125,3.8963119983673096
1926.0,15.349059104919434,2.741381883621216,3.917787551879883,20.55030059814453,4.4843244552612305
1927.0,22.031723022460938,3.2513837814331055,4.693796157836914,24.81451416015625,4.128857135772705
1928.0,18.926286697387695,2.6886403560638428,4.350435256958008,20.790538787841797,3.418009042739868
1929.0,17.611597061157227,2.842930555343628,4.196617126464844,21.746456146240234,3.530268669128418
1930.0,18.02307891845703,2.9403936862945557,4.245359897613525,22.846847534179688,4.822582244873047
1931.0,13.110047340393066,2.3743975162506104,3.6207799911499023,20.295169830322266,3.555441379547119
1932.0,15.10068416595459,2.8236732482910156,3.8859598636627197,18.817237854003906,4.752533435821533
1933.0,14.212054252624512,2.5804293155670166,3.769887924194336,20.337509155273438,4.297807693481445
1934.0,13.428820610046387,2.293602466583252,3.6645355224609375,21.266876220703125,3.169233798980713
1935.0,12.70087718963623,2.2460365295410156,3.563828945159912,20.666885375976562,3.015839099884033
1936.0,13.712303161621094,2.3638720512390137,3.703012704849243,21.056026458740234,3.2020223140716553
1937.0,13.723103523254395,2.3798906803131104,3.704470634460449,20.377567291259766,3.2235729694366455
1938.0,13.439286231994629,2.324547052383423,3.6659631729125977,21.87738037109375,3.213508367538452
1939.0,14.227653503417969,2.6977641582489014,3.771956205368042,18.613994598388672,4.6028571128845215
1940.0,14.958396911621094,2.4905030727386475,3.8676087856292725,20.2413330078125,3.4709858894348145
1941.0,20.596139907836914,3.3192665576934814,4.538297176361084,20.451332092285156,4.452086448669434
1942.0,12.730453491210938,2.295588254928589,3.5679759979248047,21.29204559326172,3.392709493637085
1943.0,13.900993347167969,2.506699800491333,3.7284035682678223,20.440155029296875,3.4795873165130615
1944.0,12.41613483428955,2.2087810039520264,3.523653507232666,20.511978149414062,3.171501398086548
1945.0,16.167089462280273,2.998112440109253,4.020832061767578,19.47222900390625,4.99094295501709
1946.0,18.86280632019043,2.9707746505737305,4.343133449554443,23.657562255859375,4.679505348205566
1947.0,14.32882308959961,2.5038182735443115,3.7853431701660156,20.42664337158203,3.4408118724823
1948.0,12.826327323913574,2.375467300415039,3.5813863277435303,19.599082946777344,3.377361536026001
1949.0,13.30937671661377,2.385160207748413,3.6482019424438477,19.94243621826172,3.5757486820220947
1950.0,13.56916332244873,2.422128677368164,3.6836345195770264,20.188419342041016,3.2283830642700195
1951.0,12.867594718933105,2.34391188621521,3.5871429443359375,19.820178985595703,3.2502219676971436
1952.0,14.522045135498047,2.5049264430999756,3.8107800483703613,21.73778533935547,4.240598201751709
1953.0,13.926392555236816,2.650001049041748,3.7318081855773926,19.634517669677734,4.341938018798828
1954.0,17.038684844970703,2.9064395427703857,4.12779426574707,20.630203247070312,4.470889568328857
1955.0,13.4869384765625,2.4192306995391846,3.672456741333008,20.10039520263672,3.4161128997802734
1956.0,17.541519165039062,3.087052583694458,4.188259601593018,18.762218475341797,6.121740818023682
1957.0,13.706990242004395,2.549414873123169,3.7022953033447266,19.34500503540039,4.011945724487305
1958.0,13.933619499206543,2.474813461303711,3.732776403427124,20.840858459472656,3.277867317199707
1959.0,14.197636604309082,2.4593496322631836,3.767975091934204,21.798603057861328,4.118948936462402
1960.0,12.42266845703125,2.185065984725952,3.524580717086792,21.44742202758789,2.968101739883423
1961.0,13.290980339050293,2.434786081314087,3.6456797122955322,20.229904174804688,3.7785916328430176
1962.0,18.415597915649414,3.083378553390503,4.291339874267578,20.114696502685547,3.9586026668548584
1963.0,13.98245620727539,2.347317934036255,3.739312171936035,21.610851287841797,3.1679060459136963
1964.0,13.839195251464844,2.423711061477661,3.720106840133667,20.9718017578125,3.5190510749816895
1965.0,28.433618545532227,4.350078105926514,5.332318305969238,17.46142578125,9.775671005249023
1966.0,22.607460021972656,3.306549072265625,4.754730224609375,23.283523559570312,4.574018478393555
1967.0,13.203944206237793,2.298609972000122,3.633723258972168,21.382892608642578,3.532702922821045
1968.0,17.1674861907959,2.8840348720550537,4.14336633682251,20.726634979248047,3.915524482727051
1969.0,15.443631172180176,2.6181817054748535,3.9298386573791504,23.10467529296875,4.179305076599121
1970.0,18.851165771484375,3.0857486724853516,4.341793060302734,23.520652770996094,4.815917015075684
1971.0,21.50760841369629,3.51945424079895,4.637629508972168,19.134597778320312,5.448066234588623
1972.0,23.992843627929688,3.2939999103546143,4.89824914932251,23.974639892578125,4.206358432769775
1973.0,12.596684455871582,2.1952264308929443,3.549180746078491,20.345046997070312,3.2196264266967773
1974.0,13.892333030700684,2.5380797386169434,3.7272419929504395,20.009506225585938,4.13196325302124
1975.0,16.1540470123291,2.6016361713409424,4.019209861755371,21.955215454101562,3.648775339126587
1976.0,13.379005432128906,2.486863374710083,3.6577322483062744,19.882591247558594,3.8914709091186523
1977.0,14.653453826904297,2.6865036487579346,3.8279829025268555,19.856632232666016,4.126198768615723
1978.0,16.107698440551758,2.5622613430023193,4.013439655303955,21.779647827148438,3.6546294689178467
1979.0,15.6414794921875,2.6563408374786377,3.9549310207366943,22.109439849853516,3.713865280151367
1980.0,17.245777130126953,2.776319742202759,4.152803421020508,21.99853515625,4.4165191650390625
1981.0,15.313084602355957,2.7182767391204834,3.913193702697754,20.1529541015625,4.841853141784668
1982.0,15.037169456481934,2.5901482105255127,3.877779006958008,21.18145751953125,3.617905378341675
1983.0,16.745229721069336,2.7048308849334717,4.092093467712402,21.45438003540039,3.4426112174987793
1984.0,14.9456787109375,2.5117428302764893,3.86596417427063,23.234424591064453,3.913194417953491
1985.0,13.435656547546387,2.3572909832000732,3.665468215942383,22.695396423339844,3.8484227657318115
1986.0,13.939910888671875,2.3832619190216064,3.733618974685669,21.071151733398438,3.397026300430298
1987.0,13.703095436096191,2.4209558963775635,3.7017691135406494,21.434978485107422,3.372992992401123
1988.0,13.1685209274292,2.276463508605957,3.628845691680908,21.45389175415039,3.180950880050659
1989.0,12.93844223022461,2.3523900508880615,3.5970046520233154,20.09383773803711,3.474944829940796
1990.0,14.226605415344238,2.44280743598938,3.771817207336426,21.395004272460938,3.662806272506714
1991.0,13.782422065734863,2.3472461700439453,3.712468385696411,21.36770248413086,3.1537835597991943
1992.0,21.94948387145996,3.5976619720458984,4.685027599334717,19.42562484741211,6.939711570739746
1993.0,17.597869873046875,2.834941864013672,4.194981575012207,22.411888122558594,4.552557945251465
1994.0,17.118465423583984,2.850193738937378,4.137446880340576,20.357528686523438,3.901865243911743
1995.0,18.931806564331055,2.927203416824341,4.351069450378418,21.264110565185547,3.7910287380218506
1996.0,14.635348320007324,2.4945483207702637,3.8256173133850098,22.689342498779297,3.4815256595611572
1997.0,14.862603187561035,2.5516271591186523,3.8552045822143555,20.267425537109375,3.9347827434539795
1998.0,12.331408500671387,2.206364393234253,3.511610507965088,20.78363037109375,3.0439541339874268
1999.0,14.084221839904785,2.4748620986938477,3.7528951168060303,21.425369262695312,3.6332244873046875
2000.0,13.925240516662598,2.358556032180786,3.731653928756714,21.566524505615234,3.0424044132232666
